{"level":"info","message":"✅ MongoDB connected successfully via Mongoose","timestamp":"2026-06-17 00:16:50"}
{"level":"info","message":"✅ Redis connected","timestamp":"2026-06-17 00:16:50"}
{"level":"info","message":"Socket.IO Redis Adapter configured successfully","timestamp":"2026-06-17 00:16:50"}
{"level":"info","message":"⏰ Cronjob expire hải sản tươi đã khởi động (mỗi giờ)","timestamp":"2026-06-17 00:16:50"}
{"level":"info","message":"\n🚀 Server is running on http://localhost:5000","timestamp":"2026-06-17 00:16:50"}
{"level":"info","message":"🔒 Helmet + CSRF + Cookie-based JWT Enabled","timestamp":"2026-06-17 00:16:50"}
{"level":"info","message":"📡 Socket.IO server is ready (cookie-based handshake)","timestamp":"2026-06-17 00:16:50"}
{"level":"info","message":"🗄️  Active Database: MongoDB (NoSQL)\n","timestamp":"2026-06-17 00:16:50"}
{"level":"info","message":"HTTP Request: GET /me - Status: 401 - Duration: 16ms - IP: ::1","timestamp":"2026-06-17 00:21:22"}
{"level":"info","message":"HTTP Request: GET /me - Status: 401 - Duration: 2ms - IP: ::1","timestamp":"2026-06-17 00:21:22"}
{"level":"info","message":"HTTP Request: POST /refresh - Status: 401 - Duration: 2ms - IP: ::1","timestamp":"2026-06-17 00:21:22"}
{"level":"info","message":"HTTP Request: GET /?limit=17&hasActive=true - Status: 200 - Duration: 27ms - IP: ::1","timestamp":"2026-06-17 00:21:23"}
{"level":"info","message":"HTTP Request: GET /?limit=20 - Status: 200 - Duration: 24ms - IP: ::1","timestamp":"2026-06-17 00:21:23"}
{"level":"info","message":"HTTP Request: GET /?limit=17&hasActive=true - Status: 200 - Duration: 9ms - IP: ::1","timestamp":"2026-06-17 00:21:23"}
{"level":"info","message":"HTTP Request: GET /?limit=20 - Status: 200 - Duration: 14ms - IP: ::1","timestamp":"2026-06-17 00:21:23"}
{"level":"info","message":"HTTP Request: GET /fishermen/leaderboard - Status: 200 - Duration: 8ms - IP: ::1","timestamp":"2026-06-17 00:21:23"}
{"level":"info","message":"HTTP Request: GET /fishermen/leaderboard - Status: 200 - Duration: 5ms - IP: ::1","timestamp":"2026-06-17 00:21:24"}
{"level":"info","message":"HTTP Request: GET / - Status: 301 - Duration: 2ms - IP: ::1","timestamp":"2026-06-17 00:32:37"}
{"level":"info","message":"HTTP Request: GET / - Status: 200 - Duration: 2ms - IP: ::1","timestamp":"2026-06-17 00:32:37"}
{"level":"info","message":"HTTP Request: GET /swagger-ui-init.js - Status: 200 - Duration: 1ms - IP: ::1","timestamp":"2026-06-17 00:32:37"}
{"level":"info","message":"HTTP Request: GET /swagger-ui.css - Status: 200 - Duration: 9ms - IP: ::1","timestamp":"2026-06-17 00:32:37"}
{"level":"info","message":"HTTP Request: GET /swagger-ui-standalone-preset.js - Status: 200 - Duration: 6ms - IP: ::1","timestamp":"2026-06-17 00:32:37"}
{"level":"info","message":"HTTP Request: GET /swagger-ui-bundle.js - Status: 200 - Duration: 30ms - IP: ::1","timestamp":"2026-06-17 00:32:37"}
{"level":"info","message":"HTTP Request: GET /favicon-16x16.png - Status: 200 - Duration: 3ms - IP: ::1","timestamp":"2026-06-17 00:32:38"}
{"level":"info","message":"HTTP Request: POST /reviews - Status: 403 - Duration: 1ms - IP: ::1","timestamp":"2026-06-17 00:33:10"}
{"level":"info","message":"HTTP Request: GET /me - Status: 401 - Duration: 0ms - IP: ::1","timestamp":"2026-06-17 00:50:10"}
{"level":"info","message":"HTTP Request: POST /refresh - Status: 401 - Duration: 1ms - IP: ::1","timestamp":"2026-06-17 00:50:10"}
{"level":"info","message":"HTTP Request: GET /?type=Fresh&page=1&limit=20&lat=15.968056967921283&lng=108.26234798201149 - Status: 304 - Duration: 63ms - IP: ::1","timestamp":"2026-06-17 00:50:10"}
{"level":"info","message":"🔑 [MOCK GOOGLE LOGIN] Email=binh@haisan.vn, Name=Mock User (binh)","timestamp":"2026-06-17 00:50:18"}
{"level":"info","message":"✨ Created new Google User: ID=6a318cdaae0f003612db3b83, Email=binh@haisan.vn","timestamp":"2026-06-17 00:50:18"}
{"level":"info","message":"HTTP Request: POST /google - Status: 200 - Duration: 41ms - IP: ::1","timestamp":"2026-06-17 00:50:18"}
{"level":"info","message":"HTTP Request: GET / - Status: 200 - Duration: 20ms - IP: ::1","timestamp":"2026-06-17 00:50:18"}
{"level":"info","message":"HTTP Request: GET /unread-count - Status: 304 - Duration: 16ms - IP: ::1","timestamp":"2026-06-17 00:50:18"}
{"level":"info","message":"HTTP Request: GET / - Status: 304 - Duration: 16ms - IP: ::1","timestamp":"2026-06-17 00:50:18"}
{"level":"info","message":"HTTP Request: GET /?limit=17&hasActive=true - Status: 304 - Duration: 5ms - IP: ::1","timestamp":"2026-06-17 00:50:19"}
{"level":"info","message":"HTTP Request: GET /?limit=20 - Status: 304 - Duration: 7ms - IP: ::1","timestamp":"2026-06-17 00:50:19"}
{"level":"info","message":"HTTP Request: GET /?limit=20 - Status: 304 - Duration: 8ms - IP: ::1","timestamp":"2026-06-17 00:50:19"}
{"level":"info","message":"HTTP Request: GET /fishermen/leaderboard - Status: 304 - Duration: 4ms - IP: ::1","timestamp":"2026-06-17 00:50:19"}
{"level":"info","message":"HTTP Request: GET /fishermen/leaderboard - Status: 304 - Duration: 6ms - IP: ::1","timestamp":"2026-06-17 00:50:19"}
{"level":"info","message":"HTTP Request: GET /today-count - Status: 304 - Duration: 8ms - IP: ::1","timestamp":"2026-06-17 00:50:20"}
{"level":"info","message":"HTTP Request: GET /today-count - Status: 304 - Duration: 10ms - IP: ::1","timestamp":"2026-06-17 00:50:20"}
{"level":"info","message":"HTTP Request: GET /unread-count - Status: 304 - Duration: 3ms - IP: ::1","timestamp":"2026-06-17 00:51:25"}
{"level":"info","message":"HTTP Request: GET /unread-count - Status: 304 - Duration: 4ms - IP: ::1","timestamp":"2026-06-17 00:52:25"}
{"level":"info","message":"HTTP Request: GET /unread-count - Status: 304 - Duration: 7ms - IP: ::1","timestamp":"2026-06-17 00:53:26"}
{"level":"info","message":"HTTP Request: GET /unread-count - Status: 304 - Duration: 6ms - IP: ::1","timestamp":"2026-06-17 00:54:27"}
{"level":"info","message":"HTTP Request: GET /unread-count - Status: 304 - Duration: 4ms - IP: ::1","timestamp":"2026-06-17 00:55:27"}
{"level":"info","message":"HTTP Request: GET /unread-count - Status: 304 - Duration: 8ms - IP: ::1","timestamp":"2026-06-17 00:56:28"}
{"level":"info","message":"HTTP Request: GET /unread-count - Status: 304 - Duration: 9ms - IP: ::1","timestamp":"2026-06-17 00:57:29"}
{"level":"info","message":"HTTP Request: GET /unread-count - Status: 304 - Duration: 4ms - IP: ::1","timestamp":"2026-06-17 00:58:29"}
{"level":"info","message":"HTTP Request: GET /unread-count - Status: 304 - Duration: 10ms - IP: ::1","timestamp":"2026-06-17 00:59:30"}
{"level":"info","message":"HTTP Request: GET /me - Status: 200 - Duration: 6ms - IP: ::1","timestamp":"2026-06-17 00:59:42"}
{"level":"info","message":"HTTP Request: GET /unread-count - Status: 304 - Duration: 6ms - IP: ::1","timestamp":"2026-06-17 00:59:42"}
{"level":"info","message":"HTTP Request: GET / - Status: 304 - Duration: 13ms - IP: ::1","timestamp":"2026-06-17 00:59:42"}
{"level":"info","message":"HTTP Request: GET /today-count - Status: 304 - Duration: 8ms - IP: ::1","timestamp":"2026-06-17 00:59:42"}
{"level":"info","message":"HTTP Request: GET /today-count - Status: 304 - Duration: 6ms - IP: ::1","timestamp":"2026-06-17 00:59:42"}
{"level":"info","message":"[CRON] Khóa phân tán được thiết lập thành công. Tiến hành hết hạn hải sản tươi...","timestamp":"2026-06-17 01:00:00"}
{"level":"info","message":"HTTP Request: GET /?limit=20 - Status: 304 - Duration: 13ms - IP: ::1","timestamp":"2026-06-17 01:00:22"}
{"level":"info","message":"HTTP Request: GET /?limit=17&hasActive=true - Status: 304 - Duration: 7ms - IP: ::1","timestamp":"2026-06-17 01:00:22"}
{"level":"info","message":"HTTP Request: GET /?limit=20 - Status: 304 - Duration: 3ms - IP: ::1","timestamp":"2026-06-17 01:00:22"}
{"level":"info","message":"HTTP Request: GET /fishermen/leaderboard - Status: 304 - Duration: 7ms - IP: ::1","timestamp":"2026-06-17 01:00:22"}
{"level":"info","message":"HTTP Request: GET /fishermen/leaderboard - Status: 304 - Duration: 3ms - IP: ::1","timestamp":"2026-06-17 01:00:22"}
{"level":"info","message":"HTTP Request: GET /unread-count - Status: 304 - Duration: 4ms - IP: ::1","timestamp":"2026-06-17 01:00:42"}
{"level":"info","message":"HTTP Request: GET /?limit=20 - Status: 304 - Duration: 7ms - IP: ::1","timestamp":"2026-06-17 01:01:31"}
{"level":"info","message":"HTTP Request: GET / - Status: 304 - Duration: 14ms - IP: ::1","timestamp":"2026-06-17 01:01:31"}
{"level":"info","message":"HTTP Request: GET /?limit=17&hasActive=true - Status: 304 - Duration: 10ms - IP: ::1","timestamp":"2026-06-17 01:01:31"}
{"level":"info","message":"HTTP Request: GET /?limit=20 - Status: 304 - Duration: 10ms - IP: ::1","timestamp":"2026-06-17 01:01:31"}
{"level":"info","message":"HTTP Request: GET / - Status: 304 - Duration: 15ms - IP: ::1","timestamp":"2026-06-17 01:01:31"}
{"level":"info","message":"HTTP Request: GET /fishermen/leaderboard - Status: 304 - Duration: 8ms - IP: ::1","timestamp":"2026-06-17 01:01:31"}
{"level":"info","message":"HTTP Request: GET /fishermen/leaderboard - Status: 304 - Duration: 5ms - IP: ::1","timestamp":"2026-06-17 01:01:31"}
{"level":"info","message":"HTTP Request: GET /unread-count - Status: 304 - Duration: 5ms - IP: ::1","timestamp":"2026-06-17 01:01:42"}
{"level":"info","message":"HTTP Request: GET /unread-count - Status: 304 - Duration: 7ms - IP: ::1","timestamp":"2026-06-17 01:02:42"}
{"level":"info","message":"HTTP Request: GET /unread-count - Status: 304 - Duration: 11ms - IP: ::1","timestamp":"2026-06-17 01:03:42"}
{"level":"info","message":"HTTP Request: GET /?limit=17&hasActive=true - Status: 304 - Duration: 8ms - IP: ::1","timestamp":"2026-06-17 01:04:36"}
{"level":"info","message":"HTTP Request: GET /?limit=20 - Status: 304 - Duration: 10ms - IP: ::1","timestamp":"2026-06-17 01:04:36"}
{"level":"info","message":"HTTP Request: GET / - Status: 304 - Duration: 19ms - IP: ::1","timestamp":"2026-06-17 01:04:36"}
{"level":"info","message":"HTTP Request: GET /?limit=20 - Status: 304 - Duration: 9ms - IP: ::1","timestamp":"2026-06-17 01:04:36"}
{"level":"info","message":"HTTP Request: GET / - Status: 304 - Duration: 13ms - IP: ::1","timestamp":"2026-06-17 01:04:36"}
{"level":"info","message":"HTTP Request: GET /fishermen/leaderboard - Status: 304 - Duration: 4ms - IP: ::1","timestamp":"2026-06-17 01:04:36"}
{"level":"info","message":"HTTP Request: GET /fishermen/leaderboard - Status: 304 - Duration: 3ms - IP: ::1","timestamp":"2026-06-17 01:04:36"}
{"level":"info","message":"HTTP Request: GET /unread-count - Status: 304 - Duration: 5ms - IP: ::1","timestamp":"2026-06-17 01:04:42"}
{"level":"info","message":"HTTP Request: GET /unread-count - Status: 401 - Duration: 1ms - IP: ::1","timestamp":"2026-06-17 01:05:42"}
{"level":"info","message":"HTTP Request: POST /refresh - Status: 401 - Duration: 1ms - IP: ::1","timestamp":"2026-06-17 01:05:42"}
{"level":"info","message":"HTTP Request: GET /unread-count - Status: 401 - Duration: 1ms - IP: ::1","timestamp":"2026-06-17 01:06:42"}
{"level":"info","message":"HTTP Request: POST /refresh - Status: 401 - Duration: 1ms - IP: ::1","timestamp":"2026-06-17 01:06:42"}
{"level":"info","message":"HTTP Request: GET /?page=1&limit=20 - Status: 304 - Duration: 7ms - IP: ::1","timestamp":"2026-06-17 01:06:51"}
{"level":"info","message":"HTTP Request: GET /unread-count - Status: 401 - Duration: 1ms - IP: ::1","timestamp":"2026-06-17 01:07:42"}
{"level":"info","message":"HTTP Request: POST /refresh - Status: 401 - Duration: 1ms - IP: ::1","timestamp":"2026-06-17 01:07:42"}
{"level":"info","message":"HTTP Request: GET /?limit=17&hasActive=true - Status: 304 - Duration: 4ms - IP: ::1","timestamp":"2026-06-17 01:08:01"}
{"level":"info","message":"HTTP Request: GET /?limit=20 - Status: 304 - Duration: 5ms - IP: ::1","timestamp":"2026-06-17 01:08:01"}
{"level":"info","message":"HTTP Request: GET /?limit=20 - Status: 304 - Duration: 4ms - IP: ::1","timestamp":"2026-06-17 01:08:01"}
{"level":"info","message":"HTTP Request: GET /fishermen/leaderboard - Status: 304 - Duration: 3ms - IP: ::1","timestamp":"2026-06-17 01:08:01"}
{"level":"info","message":"HTTP Request: GET /fishermen/leaderboard - Status: 304 - Duration: 4ms - IP: ::1","timestamp":"2026-06-17 01:08:01"}
{"level":"info","message":"HTTP Request: GET /unread-count - Status: 401 - Duration: 0ms - IP: ::1","timestamp":"2026-06-17 01:08:42"}
{"level":"info","message":"HTTP Request: POST /refresh - Status: 401 - Duration: 1ms - IP: ::1","timestamp":"2026-06-17 01:08:42"}
{"level":"info","message":"HTTP Request: GET /unread-count - Status: 401 - Duration: 2ms - IP: ::1","timestamp":"2026-06-17 01:09:42"}
{"level":"info","message":"HTTP Request: POST /refresh - Status: 401 - Duration: 4ms - IP: ::1","timestamp":"2026-06-17 01:09:42"}
{"level":"info","message":"HTTP Request: GET /?limit=20 - Status: 304 - Duration: 7ms - IP: ::1","timestamp":"2026-06-17 01:10:16"}
{"level":"info","message":"HTTP Request: GET /fishermen/leaderboard - Status: 304 - Duration: 4ms - IP: ::1","timestamp":"2026-06-17 01:10:16"}
{"level":"info","message":"HTTP Request: GET /fishermen - Status: 400 - Duration: 2ms - IP: ::1","timestamp":"2026-06-17 01:10:16"}
{"level":"info","message":"HTTP Request: GET /ids - Status: 401 - Duration: 1ms - IP: ::1","timestamp":"2026-06-17 01:10:34"}
{"level":"info","message":"HTTP Request: GET /ids - Status: 401 - Duration: 0ms - IP: ::1","timestamp":"2026-06-17 01:10:34"}
{"level":"info","message":"HTTP Request: POST /refresh - Status: 401 - Duration: 0ms - IP: ::1","timestamp":"2026-06-17 01:10:34"}
{"level":"info","message":"HTTP Request: GET /?type=Fresh&page=1&limit=20&lat=15.968056967921283&lng=108.26234798201149 - Status: 304 - Duration: 13ms - IP: ::1","timestamp":"2026-06-17 01:10:34"}
{"level":"info","message":"HTTP Request: GET /today-count - Status: 401 - Duration: 1ms - IP: ::1","timestamp":"2026-06-17 01:10:35"}
{"level":"info","message":"HTTP Request: GET /today-count - Status: 401 - Duration: 1ms - IP: ::1","timestamp":"2026-06-17 01:10:35"}
{"level":"info","message":"HTTP Request: POST /refresh - Status: 401 - Duration: 0ms - IP: ::1","timestamp":"2026-06-17 01:10:35"}
{"level":"info","message":"HTTP Request: GET /unread-count - Status: 401 - Duration: 1ms - IP: ::1","timestamp":"2026-06-17 01:10:42"}
{"level":"info","message":"HTTP Request: POST /refresh - Status: 401 - Duration: 1ms - IP: ::1","timestamp":"2026-06-17 01:10:42"}
{"level":"info","message":"HTTP Request: GET /images/signature - Status: 401 - Duration: 1ms - IP: ::1","timestamp":"2026-06-17 01:10:52"}
{"level":"info","message":"HTTP Request: POST /refresh - Status: 401 - Duration: 0ms - IP: ::1","timestamp":"2026-06-17 01:10:52"}
{"level":"info","message":"HTTP Request: POST /logout - Status: 200 - Duration: 2ms - IP: ::1","timestamp":"2026-06-17 01:10:56"}
{"level":"info","message":"HTTP Request: GET /?limit=20 - Status: 304 - Duration: 4ms - IP: ::1","timestamp":"2026-06-17 01:10:57"}
{"level":"info","message":"HTTP Request: GET /?limit=20 - Status: 304 - Duration: 3ms - IP: ::1","timestamp":"2026-06-17 01:10:57"}
{"level":"info","message":"HTTP Request: GET /fishermen/leaderboard - Status: 304 - Duration: 2ms - IP: ::1","timestamp":"2026-06-17 01:10:57"}
{"level":"info","message":"HTTP Request: GET /fishermen/leaderboard - Status: 304 - Duration: 2ms - IP: ::1","timestamp":"2026-06-17 01:10:57"}
{"level":"info","message":"HTTP Request: GET /fishermen - Status: 400 - Duration: 0ms - IP: ::1","timestamp":"2026-06-17 01:10:57"}
{"level":"info","message":"HTTP Request: GET /fishermen - Status: 400 - Duration: 0ms - IP: ::1","timestamp":"2026-06-17 01:10:57"}
{"level":"info","message":"🔑 [MOCK GOOGLE LOGIN] Email=binh@haisan.vn, Name=Mock User (binh)","timestamp":"2026-06-17 01:10:59"}
{"level":"info","message":"🚪 Existing Google User logged in: ID=6a318cdaae0f003612db3b83, Email=binh@haisan.vn","timestamp":"2026-06-17 01:10:59"}
{"level":"info","message":"HTTP Request: POST /google - Status: 200 - Duration: 7ms - IP: ::1","timestamp":"2026-06-17 01:10:59"}
{"level":"info","message":"HTTP Request: GET /?limit=20 - Status: 304 - Duration: 9ms - IP: ::1","timestamp":"2026-06-17 01:10:59"}
{"level":"info","message":"HTTP Request: GET /unread-count - Status: 200 - Duration: 8ms - IP: ::1","timestamp":"2026-06-17 01:10:59"}
{"level":"info","message":"HTTP Request: GET / - Status: 304 - Duration: 12ms - IP: ::1","timestamp":"2026-06-17 01:10:59"}
{"level":"info","message":"HTTP Request: GET /?limit=20 - Status: 304 - Duration: 5ms - IP: ::1","timestamp":"2026-06-17 01:10:59"}
{"level":"info","message":"HTTP Request: GET / - Status: 304 - Duration: 9ms - IP: ::1","timestamp":"2026-06-17 01:10:59"}
{"level":"info","message":"HTTP Request: GET /fishermen/leaderboard - Status: 304 - Duration: 3ms - IP: ::1","timestamp":"2026-06-17 01:10:59"}
{"level":"info","message":"HTTP Request: GET /fishermen/leaderboard - Status: 304 - Duration: 3ms - IP: ::1","timestamp":"2026-06-17 01:10:59"}
{"level":"info","message":"HTTP Request: GET /fishermen - Status: 400 - Duration: 0ms - IP: ::1","timestamp":"2026-06-17 01:10:59"}
{"level":"info","message":"HTTP Request: GET /fishermen - Status: 400 - Duration: 2ms - IP: ::1","timestamp":"2026-06-17 01:10:59"}
{"level":"info","message":"HTTP Request: GET /today-count - Status: 200 - Duration: 7ms - IP: ::1","timestamp":"2026-06-17 01:11:00"}
{"level":"info","message":"HTTP Request: GET /today-count - Status: 200 - Duration: 6ms - IP: ::1","timestamp":"2026-06-17 01:11:00"}
{"level":"info","message":"HTTP Request: GET /images/signature - Status: 200 - Duration: 26ms - IP: ::1","timestamp":"2026-06-17 01:11:13"}
{"level":"info","message":"HTTP Request: POST / - Status: 400 - Duration: 12ms - IP: ::1","timestamp":"2026-06-17 01:11:16"}
{"level":"info","message":"HTTP Request: GET /images/signature - Status: 200 - Duration: 1ms - IP: ::1","timestamp":"2026-06-17 01:11:30"}
{"level":"info","message":"HTTP Request: POST / - Status: 201 - Duration: 36ms - IP: ::1","timestamp":"2026-06-17 01:11:31"}
{"level":"info","message":"HTTP Request: GET /?limit=20 - Status: 304 - Duration: 4ms - IP: ::1","timestamp":"2026-06-17 01:11:33"}
{"level":"info","message":"HTTP Request: GET /?limit=20 - Status: 304 - Duration: 4ms - IP: ::1","timestamp":"2026-06-17 01:11:33"}
{"level":"info","message":"HTTP Request: GET /fishermen/leaderboard - Status: 200 - Duration: 19ms - IP: ::1","timestamp":"2026-06-17 01:11:33"}
{"level":"info","message":"HTTP Request: GET /fishermen - Status: 400 - Duration: 1ms - IP: ::1","timestamp":"2026-06-17 01:11:33"}
{"level":"info","message":"HTTP Request: GET /fishermen/leaderboard - Status: 304 - Duration: 15ms - IP: ::1","timestamp":"2026-06-17 01:11:33"}
{"level":"info","message":"HTTP Request: GET /fishermen - Status: 400 - Duration: 1ms - IP: ::1","timestamp":"2026-06-17 01:11:33"}
{"level":"info","message":"HTTP Request: GET /me - Status: 304 - Duration: 4ms - IP: ::1","timestamp":"2026-06-17 01:11:38"}
{"level":"info","message":"HTTP Request: GET /unread-count - Status: 304 - Duration: 4ms - IP: ::1","timestamp":"2026-06-17 01:11:38"}
{"level":"info","message":"HTTP Request: GET / - Status: 304 - Duration: 8ms - IP: ::1","timestamp":"2026-06-17 01:11:38"}
{"level":"info","message":"HTTP Request: GET /?limit=20 - Status: 304 - Duration: 7ms - IP: ::1","timestamp":"2026-06-17 01:11:38"}
{"level":"info","message":"HTTP Request: GET /?limit=20 - Status: 304 - Duration: 6ms - IP: ::1","timestamp":"2026-06-17 01:11:38"}
{"level":"info","message":"HTTP Request: GET /fishermen/leaderboard - Status: 304 - Duration: 20ms - IP: ::1","timestamp":"2026-06-17 01:11:38"}
{"level":"info","message":"HTTP Request: GET /fishermen - Status: 400 - Duration: 1ms - IP: ::1","timestamp":"2026-06-17 01:11:38"}
{"level":"info","message":"HTTP Request: GET /fishermen/leaderboard - Status: 304 - Duration: 19ms - IP: ::1","timestamp":"2026-06-17 01:11:38"}
{"level":"info","message":"HTTP Request: GET /fishermen - Status: 400 - Duration: 1ms - IP: ::1","timestamp":"2026-06-17 01:11:38"}
{"level":"info","message":"HTTP Request: GET /6a318cdaae0f003612db3b83 - Status: 200 - Duration: 9ms - IP: ::1","timestamp":"2026-06-17 01:11:42"}
{"level":"info","message":"HTTP Request: GET /6a318cdaae0f003612db3b83 - Status: 304 - Duration: 12ms - IP: ::1","timestamp":"2026-06-17 01:11:42"}
{"level":"info","message":"HTTP Request: GET /6a318cdaae0f003612db3b83/profile - Status: 200 - Duration: 31ms - IP: ::1","timestamp":"2026-06-17 01:11:42"}
{"level":"info","message":"HTTP Request: GET /?sellerId=6a318cdaae0f003612db3b83&limit=100 - Status: 200 - Duration: 52ms - IP: ::1","timestamp":"2026-06-17 01:11:42"}
{"level":"info","message":"HTTP Request: GET /?sellerId=6a318cdaae0f003612db3b83&limit=100 - Status: 304 - Duration: 5ms - IP: ::1","timestamp":"2026-06-17 01:11:42"}
{"level":"info","message":"HTTP Request: GET /?limit=20 - Status: 304 - Duration: 4ms - IP: ::1","timestamp":"2026-06-17 01:11:46"}
{"level":"info","message":"HTTP Request: GET /?limit=20 - Status: 304 - Duration: 4ms - IP: ::1","timestamp":"2026-06-17 01:11:46"}
{"level":"info","message":"HTTP Request: GET /fishermen/leaderboard - Status: 304 - Duration: 14ms - IP: ::1","timestamp":"2026-06-17 01:11:46"}
{"level":"info","message":"HTTP Request: GET /fishermen - Status: 400 - Duration: 1ms - IP: ::1","timestamp":"2026-06-17 01:11:46"}
{"level":"info","message":"HTTP Request: GET /fishermen/leaderboard - Status: 304 - Duration: 11ms - IP: ::1","timestamp":"2026-06-17 01:11:46"}
{"level":"info","message":"HTTP Request: GET /fishermen - Status: 400 - Duration: 1ms - IP: ::1","timestamp":"2026-06-17 01:11:46"}
{"level":"info","message":"Tokens revoked in Redis on logout for UserID=6a318cdaae0f003612db3b83","timestamp":"2026-06-17 01:11:56"}
{"level":"info","message":"HTTP Request: POST /logout - Status: 200 - Duration: 5ms - IP: ::1","timestamp":"2026-06-17 01:11:56"}
{"level":"info","message":"🔑 [MOCK GOOGLE LOGIN] Email=binh@haisan.vn, Name=Mock User (binh)","timestamp":"2026-06-17 01:11:58"}
{"level":"info","message":"🚪 Existing Google User logged in: ID=6a318cdaae0f003612db3b83, Email=binh@haisan.vn","timestamp":"2026-06-17 01:11:58"}
{"level":"info","message":"HTTP Request: POST /google - Status: 200 - Duration: 7ms - IP: ::1","timestamp":"2026-06-17 01:11:58"}
{"level":"info","message":"HTTP Request: GET /?limit=20 - Status: 304 - Duration: 8ms - IP: ::1","timestamp":"2026-06-17 01:11:58"}
{"level":"info","message":"HTTP Request: GET / - Status: 304 - Duration: 12ms - IP: ::1","timestamp":"2026-06-17 01:11:58"}
{"level":"info","message":"HTTP Request: GET /unread-count - Status: 304 - Duration: 8ms - IP: ::1","timestamp":"2026-06-17 01:11:58"}
{"level":"info","message":"HTTP Request: GET /?limit=20 - Status: 304 - Duration: 4ms - IP: ::1","timestamp":"2026-06-17 01:11:58"}
{"level":"info","message":"HTTP Request: GET / - Status: 304 - Duration: 7ms - IP: ::1","timestamp":"2026-06-17 01:11:58"}
{"level":"info","message":"HTTP Request: GET /fishermen/leaderboard - Status: 304 - Duration: 16ms - IP: ::1","timestamp":"2026-06-17 01:11:58"}
{"level":"info","message":"HTTP Request: GET /fishermen/leaderboard - Status: 304 - Duration: 11ms - IP: ::1","timestamp":"2026-06-17 01:11:58"}
{"level":"info","message":"HTTP Request: GET /fishermen - Status: 400 - Duration: 0ms - IP: ::1","timestamp":"2026-06-17 01:11:59"}
{"level":"info","message":"HTTP Request: GET /fishermen - Status: 400 - Duration: 0ms - IP: ::1","timestamp":"2026-06-17 01:11:59"}
{"level":"info","message":"HTTP Request: GET /?limit=20 - Status: 304 - Duration: 3ms - IP: ::1","timestamp":"2026-06-17 01:12:11"}
{"level":"info","message":"HTTP Request: GET /?limit=17&hasActive=true - Status: 200 - Duration: 22ms - IP: ::1","timestamp":"2026-06-17 01:12:11"}
{"level":"info","message":"HTTP Request: GET /fishermen/leaderboard - Status: 304 - Duration: 20ms - IP: ::1","timestamp":"2026-06-17 01:12:11"}
{"level":"info","message":"HTTP Request: GET /6a318cdaae0f003612db3b83 - Status: 304 - Duration: 10ms - IP: ::1","timestamp":"2026-06-17 01:12:14"}
{"level":"info","message":"HTTP Request: GET /?sellerId=6a318cdaae0f003612db3b83&limit=100 - Status: 304 - Duration: 17ms - IP: ::1","timestamp":"2026-06-17 01:12:14"}
{"level":"info","message":"HTTP Request: GET /6a318cdaae0f003612db3b83/profile - Status: 304 - Duration: 21ms - IP: ::1","timestamp":"2026-06-17 01:12:14"}
{"level":"info","message":"HTTP Request: GET /?sellerId=6a318cdaae0f003612db3b83&limit=100 - Status: 304 - Duration: 5ms - IP: ::1","timestamp":"2026-06-17 01:12:14"}
{"level":"info","message":"HTTP Request: GET /?limit=20 - Status: 304 - Duration: 4ms - IP: ::1","timestamp":"2026-06-17 01:12:15"}
{"level":"info","message":"HTTP Request: GET /?limit=17&hasActive=true - Status: 304 - Duration: 13ms - IP: ::1","timestamp":"2026-06-17 01:12:15"}
{"level":"info","message":"HTTP Request: GET /?limit=20 - Status: 304 - Duration: 5ms - IP: ::1","timestamp":"2026-06-17 01:12:15"}
{"level":"info","message":"HTTP Request: GET /fishermen/leaderboard - Status: 304 - Duration: 13ms - IP: ::1","timestamp":"2026-06-17 01:12:15"}
{"level":"info","message":"HTTP Request: GET /fishermen/leaderboard - Status: 304 - Duration: 12ms - IP: ::1","timestamp":"2026-06-17 01:12:15"}
{"level":"info","message":"HTTP Request: GET /unread-count - Status: 304 - Duration: 4ms - IP: ::1","timestamp":"2026-06-17 01:12:58"}
{"level":"info","message":"HTTP Request: GET /unread-count - Status: 304 - Duration: 4ms - IP: ::1","timestamp":"2026-06-17 01:13:59"}
{"level":"info","message":"HTTP Request: GET /me - Status: 304 - Duration: 4ms - IP: ::1","timestamp":"2026-06-17 01:14:03"}
{"level":"info","message":"HTTP Request: GET /unread-count - Status: 304 - Duration: 4ms - IP: ::1","timestamp":"2026-06-17 01:14:03"}
{"level":"info","message":"HTTP Request: GET / - Status: 304 - Duration: 7ms - IP: ::1","timestamp":"2026-06-17 01:14:03"}
{"level":"info","message":"HTTP Request: GET /?limit=20 - Status: 304 - Duration: 9ms - IP: ::1","timestamp":"2026-06-17 01:14:03"}
{"level":"info","message":"HTTP Request: GET /?limit=20 - Status: 304 - Duration: 6ms - IP: ::1","timestamp":"2026-06-17 01:14:03"}
{"level":"info","message":"HTTP Request: GET /?limit=17&hasActive=true - Status: 304 - Duration: 23ms - IP: ::1","timestamp":"2026-06-17 01:14:03"}
{"level":"info","message":"HTTP Request: GET /fishermen/leaderboard - Status: 304 - Duration: 16ms - IP: ::1","timestamp":"2026-06-17 01:14:03"}
{"level":"info","message":"HTTP Request: GET /fishermen/leaderboard - Status: 304 - Duration: 17ms - IP: ::1","timestamp":"2026-06-17 01:14:03"}
{"level":"info","message":"HTTP Request: GET /unread-count - Status: 304 - Duration: 3ms - IP: ::1","timestamp":"2026-06-17 01:14:05"}
{"level":"info","message":"HTTP Request: GET /my?page=1&limit=5 - Status: 200 - Duration: 10ms - IP: ::1","timestamp":"2026-06-17 01:14:05"}
{"level":"info","message":"HTTP Request: GET /unread-count - Status: 304 - Duration: 6ms - IP: ::1","timestamp":"2026-06-17 01:14:05"}
{"level":"info","message":"HTTP Request: GET / - Status: 304 - Duration: 13ms - IP: ::1","timestamp":"2026-06-17 01:14:05"}
{"level":"info","message":"HTTP Request: GET / - Status: 304 - Duration: 4ms - IP: ::1","timestamp":"2026-06-17 01:14:05"}
{"level":"info","message":"HTTP Request: GET /my?page=1&limit=5 - Status: 304 - Duration: 10ms - IP: ::1","timestamp":"2026-06-17 01:14:05"}
{"level":"info","message":"HTTP Request: DELETE /6a3191d3ae0f003612db3b84 - Status: 200 - Duration: 52ms - IP: ::1","timestamp":"2026-06-17 01:14:07"}
{"level":"info","message":"HTTP Request: GET /my?page=1&limit=5 - Status: 200 - Duration: 9ms - IP: ::1","timestamp":"2026-06-17 01:14:07"}
{"level":"info","message":"HTTP Request: GET /?limit=20 - Status: 304 - Duration: 5ms - IP: ::1","timestamp":"2026-06-17 01:14:08"}
{"level":"info","message":"HTTP Request: GET /?limit=17&hasActive=true - Status: 200 - Duration: 4ms - IP: ::1","timestamp":"2026-06-17 01:14:08"}
{"level":"info","message":"HTTP Request: GET /?limit=20 - Status: 304 - Duration: 5ms - IP: ::1","timestamp":"2026-06-17 01:14:08"}
{"level":"info","message":"HTTP Request: GET /fishermen/leaderboard - Status: 200 - Duration: 4ms - IP: ::1","timestamp":"2026-06-17 01:14:08"}
{"level":"info","message":"HTTP Request: GET /fishermen/leaderboard - Status: 304 - Duration: 4ms - IP: ::1","timestamp":"2026-06-17 01:14:08"}
{"level":"info","message":"HTTP Request: GET /?page=1&limit=20 - Status: 304 - Duration: 3ms - IP: ::1","timestamp":"2026-06-17 01:14:17"}
{"level":"info","message":"HTTP Request: GET /?limit=20 - Status: 304 - Duration: 7ms - IP: ::1","timestamp":"2026-06-17 01:14:20"}
{"level":"info","message":"HTTP Request: GET /?limit=17&hasActive=true - Status: 304 - Duration: 6ms - IP: ::1","timestamp":"2026-06-17 01:14:20"}
{"level":"info","message":"HTTP Request: GET /?limit=20 - Status: 304 - Duration: 6ms - IP: ::1","timestamp":"2026-06-17 01:14:20"}
{"level":"info","message":"HTTP Request: GET /fishermen/leaderboard - Status: 304 - Duration: 4ms - IP: ::1","timestamp":"2026-06-17 01:14:20"}
{"level":"info","message":"HTTP Request: GET /fishermen/leaderboard - Status: 304 - Duration: 4ms - IP: ::1","timestamp":"2026-06-17 01:14:20"}
{"level":"info","message":"HTTP Request: GET /unread-count - Status: 304 - Duration: 3ms - IP: ::1","timestamp":"2026-06-17 01:15:03"}
{"level":"info","message":"HTTP Request: GET /unread-count - Status: 304 - Duration: 3ms - IP: ::1","timestamp":"2026-06-17 01:16:03"}
{"level":"info","message":"HTTP Request: GET /ids - Status: 200 - Duration: 4ms - IP: ::1","timestamp":"2026-06-17 01:16:27"}
{"level":"info","message":"HTTP Request: GET /ids - Status: 200 - Duration: 5ms - IP: ::1","timestamp":"2026-06-17 01:16:27"}
{"level":"info","message":"HTTP Request: GET /?type=Fresh&page=1&limit=20&lat=15.968056967921283&lng=108.26234798201149 - Status: 304 - Duration: 15ms - IP: ::1","timestamp":"2026-06-17 01:16:28"}
{"level":"info","message":"HTTP Request: GET /unread-count - Status: 304 - Duration: 4ms - IP: ::1","timestamp":"2026-06-17 01:17:04"}
{"level":"info","message":"HTTP Request: GET /?type=Fresh&page=1&limit=20&lat=15.968056967921283&lng=108.26234798201149 - Status: 304 - Duration: 3ms - IP: ::1","timestamp":"2026-06-17 01:17:29"}
{"level":"info","message":"HTTP Request: GET /?type=Fresh&page=1&limit=20&lat=15.968056967921283&lng=108.26234798201149 - Status: 304 - Duration: 7ms - IP: ::1","timestamp":"2026-06-17 01:17:47"}
{"level":"info","message":"HTTP Request: GET /?type=Fresh&page=1&limit=20&lat=15.968056967921283&lng=108.26234798201149 - Status: 304 - Duration: 4ms - IP: ::1","timestamp":"2026-06-17 01:17:59"}
{"level":"info","message":"HTTP Request: GET /unread-count - Status: 304 - Duration: 17ms - IP: ::1","timestamp":"2026-06-17 01:18:04"}
{"level":"info","message":"HTTP Request: GET /?type=Fresh&page=1&limit=20&lat=15.968056967921283&lng=108.26234798201149 - Status: 304 - Duration: 10ms - IP: ::1","timestamp":"2026-06-17 01:18:50"}
{"level":"info","message":"HTTP Request: GET /unread-count - Status: 304 - Duration: 4ms - IP: ::1","timestamp":"2026-06-17 01:19:05"}
{"level":"info","message":"HTTP Request: GET /?type=Fresh&page=1&limit=20&lat=15.968056967921283&lng=108.26234798201149 - Status: 304 - Duration: 5ms - IP: ::1","timestamp":"2026-06-17 01:19:07"}
{"level":"info","message":"HTTP Request: GET /?type=Fresh&page=1&limit=20&category=Fish&lat=15.968056967921283&lng=108.26234798201149 - Status: 200 - Duration: 16ms - IP: ::1","timestamp":"2026-06-17 01:19:11"}
{"level":"info","message":"HTTP Request: GET /?type=Fresh&page=1&limit=20&lat=15.968056967921283&lng=108.26234798201149 - Status: 304 - Duration: 2ms - IP: ::1","timestamp":"2026-06-17 01:19:11"}
{"level":"info","message":"HTTP Request: GET /?type=Fresh&page=1&limit=20&lat=15.968056967921283&lng=108.26234798201149 - Status: 304 - Duration: 4ms - IP: ::1","timestamp":"2026-06-17 01:19:22"}
{"level":"info","message":"HTTP Request: GET /?type=Fresh&page=1&limit=20&lat=15.968056967921283&lng=108.26234798201149 - Status: 304 - Duration: 6ms - IP: ::1","timestamp":"2026-06-17 01:19:28"}
{"level":"info","message":"HTTP Request: GET /?type=Fresh&page=1&limit=20&lat=15.968056967921283&lng=108.26234798201149 - Status: 304 - Duration: 3ms - IP: ::1","timestamp":"2026-06-17 01:19:46"}
{"level":"info","message":"HTTP Request: GET /?type=Fresh&page=1&limit=20&lat=15.968056967921283&lng=108.26234798201149 - Status: 304 - Duration: 9ms - IP: ::1","timestamp":"2026-06-17 01:19:52"}
{"level":"info","message":"HTTP Request: GET /?type=Fresh&page=1&limit=20&category=Others&lat=15.968056967921283&lng=108.26234798201149 - Status: 200 - Duration: 9ms - IP: ::1","timestamp":"2026-06-17 01:19:59"}
{"level":"info","message":"HTTP Request: GET /?type=Fresh&page=1&limit=20&category=Shellfish&lat=15.968056967921283&lng=108.26234798201149 - Status: 200 - Duration: 13ms - IP: ::1","timestamp":"2026-06-17 01:19:59"}
{"level":"info","message":"HTTP Request: GET /?type=Fresh&page=1&limit=20&category=Crab&lat=15.968056967921283&lng=108.26234798201149 - Status: 200 - Duration: 19ms - IP: ::1","timestamp":"2026-06-17 01:20:00"}
{"level":"info","message":"HTTP Request: GET /?type=Fresh&page=1&limit=20&category=Squid&lat=15.968056967921283&lng=108.26234798201149 - Status: 200 - Duration: 10ms - IP: ::1","timestamp":"2026-06-17 01:20:01"}
{"level":"info","message":"HTTP Request: GET /?type=Fresh&page=1&limit=20&category=Shrimp&lat=15.968056967921283&lng=108.26234798201149 - Status: 200 - Duration: 15ms - IP: ::1","timestamp":"2026-06-17 01:20:01"}
{"level":"info","message":"HTTP Request: GET /?type=Fresh&page=1&limit=20&category=Shellfish&lat=15.968056967921283&lng=108.26234798201149 - Status: 304 - Duration: 4ms - IP: ::1","timestamp":"2026-06-17 01:20:02"}
{"level":"info","message":"HTTP Request: GET /unread-count - Status: 304 - Duration: 5ms - IP: ::1","timestamp":"2026-06-17 01:20:05"}
{"level":"info","message":"HTTP Request: GET /unread-count - Status: 304 - Duration: 6ms - IP: ::1","timestamp":"2026-06-17 01:21:06"}
{"level":"info","message":"HTTP Request: GET /unread-count - Status: 304 - Duration: 8ms - IP: ::1","timestamp":"2026-06-17 01:22:06"}
{"level":"info","message":"HTTP Request: GET /unread-count - Status: 304 - Duration: 3ms - IP: ::1","timestamp":"2026-06-17 01:23:08"}
{"level":"info","message":"HTTP Request: GET /?type=Fresh&page=1&limit=20&category=Shellfish&lat=15.968056967921283&lng=108.26234798201149 - Status: 304 - Duration: 3ms - IP: ::1","timestamp":"2026-06-17 01:23:44"}
{"level":"info","message":"HTTP Request: GET /?type=Fresh&page=1&limit=20&category=Shellfish&lat=15.968056967921283&lng=108.26234798201149 - Status: 304 - Duration: 3ms - IP: ::1","timestamp":"2026-06-17 01:23:55"}
{"level":"info","message":"HTTP Request: GET /unread-count - Status: 304 - Duration: 3ms - IP: ::1","timestamp":"2026-06-17 01:24:08"}
{"level":"info","message":"HTTP Request: GET /?type=Fresh&page=1&limit=20&category=Shellfish&lat=15.968056967921283&lng=108.26234798201149 - Status: 304 - Duration: 4ms - IP: ::1","timestamp":"2026-06-17 01:24:11"}
{"level":"info","message":"HTTP Request: GET /?type=Fresh&page=1&limit=20&category=Crab&lat=15.968056967921283&lng=108.26234798201149 - Status: 304 - Duration: 2ms - IP: ::1","timestamp":"2026-06-17 01:24:15"}
{"level":"info","message":"HTTP Request: GET /?type=Fresh&page=1&limit=20&category=Squid&lat=15.968056967921283&lng=108.26234798201149 - Status: 304 - Duration: 3ms - IP: ::1","timestamp":"2026-06-17 01:24:16"}
{"level":"info","message":"HTTP Request: GET /?type=Fresh&page=1&limit=20&category=Shrimp&lat=15.968056967921283&lng=108.26234798201149 - Status: 304 - Duration: 3ms - IP: ::1","timestamp":"2026-06-17 01:24:16"}
{"level":"info","message":"HTTP Request: GET /?type=Fresh&page=1&limit=20&category=Fish&lat=15.968056967921283&lng=108.26234798201149 - Status: 304 - Duration: 3ms - IP: ::1","timestamp":"2026-06-17 01:24:16"}
{"level":"info","message":"HTTP Request: GET /?type=Fresh&page=1&limit=20&lat=15.968056967921283&lng=108.26234798201149 - Status: 304 - Duration: 1ms - IP: ::1","timestamp":"2026-06-17 01:24:17"}
{"level":"info","message":"HTTP Request: GET /?type=Dried&page=1&limit=20 - Status: 200 - Duration: 10ms - IP: ::1","timestamp":"2026-06-17 01:24:17"}
{"level":"info","message":"HTTP Request: GET /?type=Fresh&page=1&limit=20&lat=15.968056967921283&lng=108.26234798201149 - Status: 304 - Duration: 3ms - IP: ::1","timestamp":"2026-06-17 01:24:18"}
{"level":"info","message":"HTTP Request: GET /?type=Fresh&page=1&limit=20&lat=15.968056967921283&lng=108.26234798201149 - Status: 304 - Duration: 3ms - IP: ::1","timestamp":"2026-06-17 01:24:41"}
{"level":"info","message":"HTTP Request: GET /?type=Fresh&page=1&limit=20&lat=15.968056967921283&lng=108.26234798201149 - Status: 304 - Duration: 5ms - IP: ::1","timestamp":"2026-06-17 01:24:48"}
{"level":"info","message":"HTTP Request: GET /unread-count - Status: 304 - Duration: 4ms - IP: ::1","timestamp":"2026-06-17 01:25:08"}
{"level":"info","message":"HTTP Request: GET /?type=Dried&page=1&limit=20 - Status: 304 - Duration: 2ms - IP: ::1","timestamp":"2026-06-17 01:25:16"}
{"level":"info","message":"HTTP Request: GET /?type=Fresh&page=1&limit=20&lat=15.968056967921283&lng=108.26234798201149 - Status: 304 - Duration: 4ms - IP: ::1","timestamp":"2026-06-17 01:25:17"}
{"level":"info","message":"HTTP Request: GET /unread-count - Status: 304 - Duration: 7ms - IP: ::1","timestamp":"2026-06-17 01:25:19"}
{"level":"info","message":"HTTP Request: GET /my?page=1&limit=5 - Status: 304 - Duration: 12ms - IP: ::1","timestamp":"2026-06-17 01:25:19"}
{"level":"info","message":"HTTP Request: GET /my?page=1&limit=5 - Status: 304 - Duration: 11ms - IP: ::1","timestamp":"2026-06-17 01:25:19"}
{"level":"info","message":"HTTP Request: GET /unread-count - Status: 304 - Duration: 6ms - IP: ::1","timestamp":"2026-06-17 01:25:19"}
{"level":"info","message":"HTTP Request: GET / - Status: 304 - Duration: 5ms - IP: ::1","timestamp":"2026-06-17 01:25:19"}
{"level":"info","message":"HTTP Request: GET / - Status: 304 - Duration: 4ms - IP: ::1","timestamp":"2026-06-17 01:25:19"}
{"level":"info","message":"HTTP Request: GET /today-count - Status: 200 - Duration: 3ms - IP: ::1","timestamp":"2026-06-17 01:25:20"}
{"level":"info","message":"HTTP Request: GET /today-count - Status: 304 - Duration: 4ms - IP: ::1","timestamp":"2026-06-17 01:25:20"}
{"level":"info","message":"HTTP Request: GET /images/signature - Status: 200 - Duration: 0ms - IP: ::1","timestamp":"2026-06-17 01:25:33"}
{"level":"info","message":"HTTP Request: POST / - Status: 201 - Duration: 9ms - IP: ::1","timestamp":"2026-06-17 01:25:36"}
{"level":"info","message":"HTTP Request: GET /?limit=20 - Status: 304 - Duration: 5ms - IP: ::1","timestamp":"2026-06-17 01:25:37"}
{"level":"info","message":"HTTP Request: GET /?limit=20 - Status: 304 - Duration: 4ms - IP: ::1","timestamp":"2026-06-17 01:25:37"}
{"level":"info","message":"HTTP Request: GET /?limit=17&hasActive=true - Status: 200 - Duration: 15ms - IP: ::1","timestamp":"2026-06-17 01:25:37"}
{"level":"info","message":"HTTP Request: GET /fishermen/leaderboard - Status: 200 - Duration: 12ms - IP: ::1","timestamp":"2026-06-17 01:25:37"}
{"level":"info","message":"HTTP Request: GET /fishermen/leaderboard - Status: 304 - Duration: 12ms - IP: ::1","timestamp":"2026-06-17 01:25:37"}
{"level":"info","message":"HTTP Request: GET /ids - Status: 304 - Duration: 6ms - IP: ::1","timestamp":"2026-06-17 01:25:38"}
{"level":"info","message":"HTTP Request: GET /ids - Status: 304 - Duration: 2ms - IP: ::1","timestamp":"2026-06-17 01:25:38"}
{"level":"info","message":"HTTP Request: GET /?type=Fresh&page=1&limit=20&lat=15.968056967921283&lng=108.26234798201149 - Status: 200 - Duration: 15ms - IP: ::1","timestamp":"2026-06-17 01:25:38"}
{"level":"info","message":"HTTP Request: GET /unread-count - Status: 304 - Duration: 5ms - IP: ::1","timestamp":"2026-06-17 01:26:08"}
{"level":"info","message":"HTTP Request: GET /?limit=20 - Status: 304 - Duration: 4ms - IP: ::1","timestamp":"2026-06-17 01:26:40"}
{"level":"info","message":"HTTP Request: GET /?limit=20 - Status: 304 - Duration: 5ms - IP: ::1","timestamp":"2026-06-17 01:26:40"}
{"level":"info","message":"HTTP Request: GET /?limit=17&hasActive=true - Status: 304 - Duration: 17ms - IP: ::1","timestamp":"2026-06-17 01:26:40"}
{"level":"info","message":"HTTP Request: GET /fishermen/leaderboard - Status: 304 - Duration: 14ms - IP: ::1","timestamp":"2026-06-17 01:26:40"}
{"level":"info","message":"HTTP Request: GET /fishermen/leaderboard - Status: 304 - Duration: 10ms - IP: ::1","timestamp":"2026-06-17 01:26:40"}
{"level":"info","message":"HTTP Request: GET /ids - Status: 304 - Duration: 3ms - IP: ::1","timestamp":"2026-06-17 01:26:42"}
{"level":"info","message":"HTTP Request: GET /ids - Status: 304 - Duration: 3ms - IP: ::1","timestamp":"2026-06-17 01:26:42"}
{"level":"info","message":"HTTP Request: GET /?type=Fresh&page=1&limit=20&lat=15.968056967921283&lng=108.26234798201149 - Status: 304 - Duration: 3ms - IP: ::1","timestamp":"2026-06-17 01:26:42"}
{"level":"info","message":"HTTP Request: GET /?type=Dried&page=1&limit=20 - Status: 304 - Duration: 3ms - IP: ::1","timestamp":"2026-06-17 01:26:51"}
{"level":"info","message":"HTTP Request: GET /?type=Fresh&page=1&limit=20&lat=15.968056967921283&lng=108.26234798201149 - Status: 304 - Duration: 3ms - IP: ::1","timestamp":"2026-06-17 01:26:51"}
{"level":"info","message":"HTTP Request: GET /?type=Fresh&page=1&limit=20&category=Fish&lat=15.968056967921283&lng=108.26234798201149 - Status: 200 - Duration: 9ms - IP: ::1","timestamp":"2026-06-17 01:26:57"}
{"level":"info","message":"HTTP Request: GET /?type=Fresh&page=1&limit=20&category=Shrimp&lat=15.968056967921283&lng=108.26234798201149 - Status: 304 - Duration: 28ms - IP: ::1","timestamp":"2026-06-17 01:26:58"}
{"level":"info","message":"HTTP Request: GET /?type=Fresh&page=1&limit=20&category=Squid&lat=15.968056967921283&lng=108.26234798201149 - Status: 304 - Duration: 8ms - IP: ::1","timestamp":"2026-06-17 01:26:59"}
{"level":"info","message":"HTTP Request: GET /?type=Fresh&page=1&limit=20&category=Crab&lat=15.968056967921283&lng=108.26234798201149 - Status: 304 - Duration: 7ms - IP: ::1","timestamp":"2026-06-17 01:26:59"}
{"level":"info","message":"HTTP Request: GET /?type=Fresh&page=1&limit=20&category=Fish&lat=15.968056967921283&lng=108.26234798201149 - Status: 304 - Duration: 4ms - IP: ::1","timestamp":"2026-06-17 01:27:00"}
{"level":"info","message":"HTTP Request: GET /?type=Fresh&page=1&limit=20&lat=15.968056967921283&lng=108.26234798201149 - Status: 304 - Duration: 2ms - IP: ::1","timestamp":"2026-06-17 01:27:01"}
{"level":"info","message":"HTTP Request: GET /?type=Fresh&page=1&limit=20&category=Shrimp&lat=15.968056967921283&lng=108.26234798201149 - Status: 304 - Duration: 2ms - IP: ::1","timestamp":"2026-06-17 01:27:01"}
{"level":"info","message":"HTTP Request: GET /?type=Fresh&page=1&limit=20&category=Fish&lat=15.968056967921283&lng=108.26234798201149 - Status: 304 - Duration: 2ms - IP: ::1","timestamp":"2026-06-17 01:27:02"}
{"level":"info","message":"HTTP Request: GET /?type=Fresh&page=1&limit=20&lat=15.968056967921283&lng=108.26234798201149 - Status: 304 - Duration: 2ms - IP: ::1","timestamp":"2026-06-17 01:27:03"}
{"level":"info","message":"HTTP Request: GET /?type=Fresh&page=1&limit=20&category=Fish&lat=15.968056967921283&lng=108.26234798201149 - Status: 304 - Duration: 1ms - IP: ::1","timestamp":"2026-06-17 01:27:04"}
{"level":"info","message":"HTTP Request: GET /?type=Fresh&page=1&limit=20&category=Shrimp&lat=15.968056967921283&lng=108.26234798201149 - Status: 304 - Duration: 2ms - IP: ::1","timestamp":"2026-06-17 01:27:05"}
{"level":"info","message":"HTTP Request: GET /?type=Fresh&page=1&limit=20&category=Squid&lat=15.968056967921283&lng=108.26234798201149 - Status: 304 - Duration: 3ms - IP: ::1","timestamp":"2026-06-17 01:27:05"}
{"level":"info","message":"HTTP Request: GET /?type=Fresh&page=1&limit=20&category=Fish&lat=15.968056967921283&lng=108.26234798201149 - Status: 304 - Duration: 2ms - IP: ::1","timestamp":"2026-06-17 01:27:06"}
{"level":"info","message":"HTTP Request: GET /unread-count - Status: 401 - Duration: 1ms - IP: ::1","timestamp":"2026-06-17 01:27:08"}
{"level":"info","message":"HTTP Request: POST /refresh - Status: 401 - Duration: 0ms - IP: ::1","timestamp":"2026-06-17 01:27:08"}
{"level":"info","message":"HTTP Request: GET /?type=Dried&page=1&limit=20 - Status: 304 - Duration: 2ms - IP: ::1","timestamp":"2026-06-17 01:27:08"}
{"level":"info","message":"HTTP Request: GET /?type=Fresh&page=1&limit=20&lat=15.968056967921283&lng=108.26234798201149 - Status: 304 - Duration: 2ms - IP: ::1","timestamp":"2026-06-17 01:27:09"}
{"level":"info","message":"HTTP Request: GET /?page=1&limit=9 - Status: 304 - Duration: 5ms - IP: ::1","timestamp":"2026-06-17 01:27:10"}
{"level":"info","message":"HTTP Request: GET /ids - Status: 401 - Duration: 1ms - IP: ::1","timestamp":"2026-06-17 01:27:17"}
{"level":"info","message":"HTTP Request: GET /ids - Status: 401 - Duration: 1ms - IP: ::1","timestamp":"2026-06-17 01:27:17"}
{"level":"info","message":"HTTP Request: POST /refresh - Status: 401 - Duration: 1ms - IP: ::1","timestamp":"2026-06-17 01:27:17"}
{"level":"info","message":"HTTP Request: GET /?type=Fresh&page=1&limit=20&lat=15.968056967921283&lng=108.26234798201149 - Status: 304 - Duration: 3ms - IP: ::1","timestamp":"2026-06-17 01:27:17"}
{"level":"info","message":"HTTP Request: GET /?page=1&limit=9 - Status: 304 - Duration: 6ms - IP: ::1","timestamp":"2026-06-17 01:27:31"}
{"level":"info","message":"HTTP Request: GET /?page=1&limit=9&difficulty=Easy - Status: 200 - Duration: 4ms - IP: ::1","timestamp":"2026-06-17 01:27:38"}
{"level":"info","message":"HTTP Request: GET /?page=1&limit=9&difficulty=Medium - Status: 200 - Duration: 6ms - IP: ::1","timestamp":"2026-06-17 01:27:39"}
{"level":"info","message":"HTTP Request: GET /ids - Status: 401 - Duration: 1ms - IP: ::1","timestamp":"2026-06-17 01:27:42"}
{"level":"info","message":"HTTP Request: GET /ids - Status: 401 - Duration: 0ms - IP: ::1","timestamp":"2026-06-17 01:27:42"}
{"level":"info","message":"HTTP Request: POST /refresh - Status: 401 - Duration: 1ms - IP: ::1","timestamp":"2026-06-17 01:27:42"}
{"level":"info","message":"HTTP Request: GET /?type=Fresh&page=1&limit=20&lat=15.968056967921283&lng=108.26234798201149 - Status: 304 - Duration: 6ms - IP: ::1","timestamp":"2026-06-17 01:27:42"}
{"level":"info","message":"HTTP Request: GET /?page=1&limit=9 - Status: 304 - Duration: 3ms - IP: ::1","timestamp":"2026-06-17 01:27:45"}
{"level":"info","message":"HTTP Request: GET /?page=1&limit=10 - Status: 304 - Duration: 5ms - IP: ::1","timestamp":"2026-06-17 01:27:47"}
{"level":"info","message":"HTTP Request: GET /?page=1&limit=9 - Status: 304 - Duration: 8ms - IP: ::1","timestamp":"2026-06-17 01:27:56"}
{"level":"info","message":"HTTP Request: GET /?page=1&limit=10 - Status: 304 - Duration: 4ms - IP: ::1","timestamp":"2026-06-17 01:27:57"}
{"level":"info","message":"HTTP Request: GET /?page=1&limit=9 - Status: 304 - Duration: 5ms - IP: ::1","timestamp":"2026-06-17 01:27:57"}
{"level":"info","message":"HTTP Request: GET /?page=1&limit=10 - Status: 304 - Duration: 6ms - IP: ::1","timestamp":"2026-06-17 01:27:59"}
{"level":"info","message":"HTTP Request: GET /?page=1&limit=9 - Status: 304 - Duration: 4ms - IP: ::1","timestamp":"2026-06-17 01:28:03"}
{"level":"info","message":"HTTP Request: GET /unread-count - Status: 401 - Duration: 1ms - IP: ::1","timestamp":"2026-06-17 01:28:08"}
{"level":"info","message":"HTTP Request: POST /refresh - Status: 401 - Duration: 0ms - IP: ::1","timestamp":"2026-06-17 01:28:08"}
{"level":"info","message":"HTTP Request: GET /ids - Status: 401 - Duration: 0ms - IP: ::1","timestamp":"2026-06-17 01:28:11"}
{"level":"info","message":"HTTP Request: GET /ids - Status: 401 - Duration: 1ms - IP: ::1","timestamp":"2026-06-17 01:28:11"}
{"level":"info","message":"HTTP Request: POST /refresh - Status: 401 - Duration: 1ms - IP: ::1","timestamp":"2026-06-17 01:28:12"}
{"level":"info","message":"HTTP Request: GET /?type=Fresh&page=1&limit=20&lat=15.968056967921283&lng=108.26234798201149 - Status: 304 - Duration: 5ms - IP: ::1","timestamp":"2026-06-17 01:28:12"}
{"level":"info","message":"HTTP Request: GET /?type=Fresh&page=1&limit=20&category=Shrimp&lat=15.968056967921283&lng=108.26234798201149 - Status: 304 - Duration: 3ms - IP: ::1","timestamp":"2026-06-17 01:28:42"}
{"level":"info","message":"HTTP Request: GET /?type=Fresh&page=1&limit=20&category=Fish&lat=15.968056967921283&lng=108.26234798201149 - Status: 304 - Duration: 2ms - IP: ::1","timestamp":"2026-06-17 01:28:43"}
{"level":"info","message":"HTTP Request: GET /?type=Dried&page=1&limit=20 - Status: 304 - Duration: 1ms - IP: ::1","timestamp":"2026-06-17 01:28:44"}
{"level":"info","message":"HTTP Request: GET /?type=Fresh&page=1&limit=20&lat=15.968056967921283&lng=108.26234798201149 - Status: 304 - Duration: 2ms - IP: ::1","timestamp":"2026-06-17 01:28:44"}
{"level":"info","message":"HTTP Request: GET /?type=Dried&page=1&limit=20 - Status: 304 - Duration: 7ms - IP: ::1","timestamp":"2026-06-17 01:28:45"}
{"level":"info","message":"HTTP Request: GET /?type=Dried&page=1&limit=20&category=Fish - Status: 200 - Duration: 14ms - IP: ::1","timestamp":"2026-06-17 01:28:46"}
{"level":"info","message":"HTTP Request: GET /?type=Dried&page=1&limit=20&category=Shrimp - Status: 200 - Duration: 28ms - IP: ::1","timestamp":"2026-06-17 01:28:46"}
{"level":"info","message":"HTTP Request: GET /?type=Dried&page=1&limit=20&category=Squid - Status: 200 - Duration: 9ms - IP: ::1","timestamp":"2026-06-17 01:28:46"}
{"level":"info","message":"HTTP Request: GET /?type=Dried&page=1&limit=20&category=Crab - Status: 200 - Duration: 10ms - IP: ::1","timestamp":"2026-06-17 01:28:47"}
{"level":"info","message":"HTTP Request: GET /?type=Fresh&page=1&limit=20&lat=15.968056967921283&lng=108.26234798201149 - Status: 304 - Duration: 2ms - IP: ::1","timestamp":"2026-06-17 01:28:48"}
{"level":"info","message":"HTTP Request: GET /?page=1&limit=9 - Status: 304 - Duration: 7ms - IP: ::1","timestamp":"2026-06-17 01:28:50"}
{"level":"info","message":"HTTP Request: GET /?page=1&limit=10 - Status: 304 - Duration: 4ms - IP: ::1","timestamp":"2026-06-17 01:28:51"}
{"level":"info","message":"HTTP Request: GET /ids - Status: 401 - Duration: 0ms - IP: ::1","timestamp":"2026-06-17 01:28:52"}
{"level":"info","message":"HTTP Request: GET /ids - Status: 401 - Duration: 0ms - IP: ::1","timestamp":"2026-06-17 01:28:52"}
{"level":"info","message":"HTTP Request: POST /refresh - Status: 401 - Duration: 0ms - IP: ::1","timestamp":"2026-06-17 01:28:52"}
{"level":"info","message":"HTTP Request: GET /?type=Fresh&page=1&limit=20&lat=15.968056967921283&lng=108.26234798201149 - Status: 304 - Duration: 7ms - IP: ::1","timestamp":"2026-06-17 01:28:52"}
{"level":"info","message":"HTTP Request: GET /?page=1&limit=9 - Status: 304 - Duration: 6ms - IP: ::1","timestamp":"2026-06-17 01:28:53"}
{"level":"info","message":"HTTP Request: GET /?page=1&limit=10 - Status: 304 - Duration: 5ms - IP: ::1","timestamp":"2026-06-17 01:28:53"}
{"level":"info","message":"HTTP Request: GET /ids - Status: 401 - Duration: 0ms - IP: ::1","timestamp":"2026-06-17 01:28:54"}
{"level":"info","message":"HTTP Request: GET /ids - Status: 401 - Duration: 0ms - IP: ::1","timestamp":"2026-06-17 01:28:54"}
{"level":"info","message":"HTTP Request: POST /refresh - Status: 401 - Duration: 1ms - IP: ::1","timestamp":"2026-06-17 01:28:54"}
{"level":"info","message":"HTTP Request: GET /?type=Fresh&page=1&limit=20&lat=15.968056967921283&lng=108.26234798201149 - Status: 304 - Duration: 3ms - IP: ::1","timestamp":"2026-06-17 01:28:54"}
{"level":"info","message":"HTTP Request: GET /?page=1&limit=9 - Status: 304 - Duration: 5ms - IP: ::1","timestamp":"2026-06-17 01:28:55"}
{"level":"info","message":"HTTP Request: GET /unread-count - Status: 401 - Duration: 1ms - IP: ::1","timestamp":"2026-06-17 01:29:08"}
{"level":"info","message":"HTTP Request: POST /refresh - Status: 401 - Duration: 0ms - IP: ::1","timestamp":"2026-06-17 01:29:08"}
{"level":"info","message":"HTTP Request: GET /ids - Status: 401 - Duration: 1ms - IP: ::1","timestamp":"2026-06-17 01:29:26"}
{"level":"info","message":"HTTP Request: GET /ids - Status: 401 - Duration: 1ms - IP: ::1","timestamp":"2026-06-17 01:29:26"}
{"level":"info","message":"HTTP Request: POST /refresh - Status: 401 - Duration: 1ms - IP: ::1","timestamp":"2026-06-17 01:29:26"}
{"level":"info","message":"HTTP Request: GET /?type=Fresh&page=1&limit=20&lat=15.968056967921283&lng=108.26234798201149 - Status: 304 - Duration: 4ms - IP: ::1","timestamp":"2026-06-17 01:29:26"}
{"level":"info","message":"HTTP Request: GET /?page=1&limit=9 - Status: 304 - Duration: 3ms - IP: ::1","timestamp":"2026-06-17 01:30:03"}
{"level":"info","message":"HTTP Request: GET /?page=1&limit=10 - Status: 304 - Duration: 4ms - IP: ::1","timestamp":"2026-06-17 01:30:08"}
{"level":"info","message":"HTTP Request: GET /unread-count - Status: 401 - Duration: 1ms - IP: ::1","timestamp":"2026-06-17 01:30:08"}
{"level":"info","message":"HTTP Request: POST /refresh - Status: 401 - Duration: 1ms - IP: ::1","timestamp":"2026-06-17 01:30:08"}
{"level":"info","message":"HTTP Request: GET /?page=1&limit=20 - Status: 200 - Duration: 11ms - IP: ::1","timestamp":"2026-06-17 01:30:15"}
{"level":"info","message":"HTTP Request: GET /?page=1&limit=20&verified=true - Status: 200 - Duration: 16ms - IP: ::1","timestamp":"2026-06-17 01:30:18"}
{"level":"info","message":"HTTP Request: GET /?page=1&limit=20 - Status: 304 - Duration: 14ms - IP: ::1","timestamp":"2026-06-17 01:30:19"}
{"level":"info","message":"HTTP Request: GET /?page=1&limit=20&verified=true - Status: 304 - Duration: 8ms - IP: ::1","timestamp":"2026-06-17 01:30:19"}
{"level":"info","message":"HTTP Request: GET /?page=1&limit=20 - Status: 304 - Duration: 14ms - IP: ::1","timestamp":"2026-06-17 01:30:20"}
{"level":"info","message":"HTTP Request: GET /?page=1&limit=20&verified=true - Status: 304 - Duration: 11ms - IP: ::1","timestamp":"2026-06-17 01:30:39"}
{"level":"info","message":"HTTP Request: GET /?page=1&limit=20&verified=true - Status: 304 - Duration: 14ms - IP: ::1","timestamp":"2026-06-17 01:31:03"}
{"level":"info","message":"HTTP Request: GET /6a318cdaae0f003612db3b83 - Status: 304 - Duration: 7ms - IP: ::1","timestamp":"2026-06-17 01:31:07"}
{"level":"info","message":"HTTP Request: GET /6a318cdaae0f003612db3b83 - Status: 304 - Duration: 24ms - IP: ::1","timestamp":"2026-06-17 01:31:07"}
{"level":"info","message":"HTTP Request: GET /6a318cdaae0f003612db3b83/profile - Status: 200 - Duration: 28ms - IP: ::1","timestamp":"2026-06-17 01:31:07"}
{"level":"info","message":"HTTP Request: GET /?sellerId=6a318cdaae0f003612db3b83&limit=100 - Status: 200 - Duration: 39ms - IP: ::1","timestamp":"2026-06-17 01:31:07"}
{"level":"info","message":"HTTP Request: GET /?sellerId=6a318cdaae0f003612db3b83&limit=100 - Status: 304 - Duration: 2ms - IP: ::1","timestamp":"2026-06-17 01:31:07"}
{"level":"info","message":"HTTP Request: GET /unread-count - Status: 401 - Duration: 0ms - IP: ::1","timestamp":"2026-06-17 01:31:08"}
{"level":"info","message":"HTTP Request: POST /refresh - Status: 401 - Duration: 0ms - IP: ::1","timestamp":"2026-06-17 01:31:08"}
{"level":"info","message":"HTTP Request: GET /?page=1&limit=9 - Status: 304 - Duration: 6ms - IP: ::1","timestamp":"2026-06-17 01:31:09"}
{"level":"info","message":"HTTP Request: GET /me - Status: 401 - Duration: 0ms - IP: ::1","timestamp":"2026-06-17 01:31:29"}
{"level":"info","message":"HTTP Request: POST /refresh - Status: 401 - Duration: 1ms - IP: ::1","timestamp":"2026-06-17 01:31:29"}
{"level":"info","message":"HTTP Request: GET /?page=1&limit=9 - Status: 304 - Duration: 3ms - IP: ::1","timestamp":"2026-06-17 01:31:29"}
{"level":"info","message":"HTTP Request: GET /?limit=20 - Status: 304 - Duration: 8ms - IP: ::1","timestamp":"2026-06-17 01:32:23"}
{"level":"info","message":"HTTP Request: GET /?limit=20 - Status: 304 - Duration: 6ms - IP: ::1","timestamp":"2026-06-17 01:32:23"}
{"level":"info","message":"HTTP Request: GET /?limit=17&hasActive=true - Status: 304 - Duration: 26ms - IP: ::1","timestamp":"2026-06-17 01:32:23"}
{"level":"info","message":"HTTP Request: GET /fishermen/leaderboard - Status: 304 - Duration: 20ms - IP: ::1","timestamp":"2026-06-17 01:32:23"}
{"level":"info","message":"HTTP Request: GET /fishermen/leaderboard - Status: 304 - Duration: 18ms - IP: ::1","timestamp":"2026-06-17 01:32:23"}
{"level":"info","message":"HTTP Request: GET /?page=1&limit=9 - Status: 304 - Duration: 4ms - IP: ::1","timestamp":"2026-06-17 01:32:30"}
{"level":"info","message":"HTTP Request: GET /?page=1&limit=10 - Status: 304 - Duration: 5ms - IP: ::1","timestamp":"2026-06-17 01:32:46"}
{"level":"info","message":"HTTP Request: GET /?page=1&limit=9 - Status: 304 - Duration: 4ms - IP: ::1","timestamp":"2026-06-17 01:32:55"}
{"level":"info","message":"HTTP Request: GET /?type=Fresh&page=1&limit=20&lat=15.968056967921283&lng=108.26234798201149 - Status: 304 - Duration: 20ms - IP: ::1","timestamp":"2026-06-17 01:36:31"}
{"level":"info","message":"HTTP Request: GET /?page=1&limit=9 - Status: 304 - Duration: 4ms - IP: ::1","timestamp":"2026-06-17 01:36:32"}
{"level":"info","message":"HTTP Request: GET /?page=1&limit=10 - Status: 304 - Duration: 3ms - IP: ::1","timestamp":"2026-06-17 01:36:35"}
{"level":"info","message":"🔑 [MOCK GOOGLE LOGIN] Email=binh@haisan.vn, Name=Mock User (binh)","timestamp":"2026-06-17 01:36:40"}
{"level":"info","message":"🚪 Existing Google User logged in: ID=6a318cdaae0f003612db3b83, Email=binh@haisan.vn","timestamp":"2026-06-17 01:36:40"}
{"level":"info","message":"HTTP Request: POST /google - Status: 200 - Duration: 7ms - IP: ::1","timestamp":"2026-06-17 01:36:40"}
{"level":"info","message":"HTTP Request: GET / - Status: 304 - Duration: 10ms - IP: ::1","timestamp":"2026-06-17 01:36:40"}
{"level":"info","message":"HTTP Request: GET /?limit=20 - Status: 304 - Duration: 6ms - IP: ::1","timestamp":"2026-06-17 01:36:40"}
{"level":"info","message":"HTTP Request: GET /unread-count - Status: 200 - Duration: 6ms - IP: ::1","timestamp":"2026-06-17 01:36:40"}
{"level":"info","message":"HTTP Request: GET /?limit=20 - Status: 304 - Duration: 6ms - IP: ::1","timestamp":"2026-06-17 01:36:40"}
{"level":"info","message":"HTTP Request: GET / - Status: 304 - Duration: 11ms - IP: ::1","timestamp":"2026-06-17 01:36:40"}
{"level":"info","message":"HTTP Request: GET /?limit=17&hasActive=true - Status: 304 - Duration: 22ms - IP: ::1","timestamp":"2026-06-17 01:36:40"}
{"level":"info","message":"HTTP Request: GET /fishermen/leaderboard - Status: 304 - Duration: 12ms - IP: ::1","timestamp":"2026-06-17 01:36:40"}
{"level":"info","message":"HTTP Request: GET /fishermen/leaderboard - Status: 304 - Duration: 9ms - IP: ::1","timestamp":"2026-06-17 01:36:40"}
{"level":"info","message":"HTTP Request: GET /ids - Status: 200 - Duration: 5ms - IP: ::1","timestamp":"2026-06-17 01:36:41"}
{"level":"info","message":"HTTP Request: GET /ids - Status: 200 - Duration: 6ms - IP: ::1","timestamp":"2026-06-17 01:36:41"}
{"level":"info","message":"HTTP Request: GET /?type=Fresh&page=1&limit=20&lat=15.968056967921283&lng=108.26234798201149 - Status: 304 - Duration: 4ms - IP: ::1","timestamp":"2026-06-17 01:36:41"}
{"level":"info","message":"HTTP Request: GET /?page=1&limit=9 - Status: 304 - Duration: 5ms - IP: ::1","timestamp":"2026-06-17 01:36:42"}
{"level":"info","message":"HTTP Request: GET /?page=1&limit=10 - Status: 304 - Duration: 6ms - IP: ::1","timestamp":"2026-06-17 01:37:04"}
{"level":"info","message":"HTTP Request: GET /?page=1&limit=20 - Status: 304 - Duration: 11ms - IP: ::1","timestamp":"2026-06-17 01:37:09"}
{"level":"info","message":"HTTP Request: GET /?page=1&limit=20 - Status: 304 - Duration: 14ms - IP: ::1","timestamp":"2026-06-17 01:37:38"}
{"level":"info","message":"HTTP Request: GET /unread-count - Status: 304 - Duration: 6ms - IP: ::1","timestamp":"2026-06-17 01:37:40"}
{"level":"info","message":"HTTP Request: GET /?page=1&limit=20 - Status: 304 - Duration: 15ms - IP: ::1","timestamp":"2026-06-17 01:38:33"}
{"level":"info","message":"HTTP Request: GET /6a318cdaae0f003612db3b83 - Status: 304 - Duration: 8ms - IP: ::1","timestamp":"2026-06-17 01:38:37"}
{"level":"info","message":"HTTP Request: GET /6a318cdaae0f003612db3b83 - Status: 304 - Duration: 15ms - IP: ::1","timestamp":"2026-06-17 01:38:38"}
{"level":"info","message":"HTTP Request: GET /6a318cdaae0f003612db3b83/profile - Status: 304 - Duration: 13ms - IP: ::1","timestamp":"2026-06-17 01:38:38"}
{"level":"info","message":"HTTP Request: GET /?sellerId=6a318cdaae0f003612db3b83&limit=100 - Status: 304 - Duration: 9ms - IP: ::1","timestamp":"2026-06-17 01:38:38"}
{"level":"info","message":"HTTP Request: GET /?sellerId=6a318cdaae0f003612db3b83&limit=100 - Status: 304 - Duration: 2ms - IP: ::1","timestamp":"2026-06-17 01:38:38"}
{"level":"info","message":"HTTP Request: GET /?page=1&limit=20 - Status: 304 - Duration: 12ms - IP: ::1","timestamp":"2026-06-17 01:38:39"}
{"level":"info","message":"HTTP Request: GET /unread-count - Status: 304 - Duration: 6ms - IP: ::1","timestamp":"2026-06-17 01:38:40"}
{"level":"info","message":"HTTP Request: GET /?page=1&limit=20 - Status: 304 - Duration: 19ms - IP: ::1","timestamp":"2026-06-17 01:38:53"}
{"level":"info","message":"HTTP Request: GET /?page=1&limit=20 - Status: 304 - Duration: 19ms - IP: ::1","timestamp":"2026-06-17 01:39:01"}
{"level":"info","message":"HTTP Request: GET /?page=1&limit=10 - Status: 304 - Duration: 4ms - IP: ::1","timestamp":"2026-06-17 01:39:07"}
{"level":"info","message":"HTTP Request: GET /?page=1&limit=20 - Status: 304 - Duration: 12ms - IP: ::1","timestamp":"2026-06-17 01:39:12"}
{"level":"info","message":"HTTP Request: GET /?page=1&limit=10 - Status: 304 - Duration: 6ms - IP: ::1","timestamp":"2026-06-17 01:39:14"}
{"level":"info","message":"HTTP Request: GET /unread-count - Status: 304 - Duration: 4ms - IP: ::1","timestamp":"2026-06-17 01:39:40"}
{"level":"info","message":"HTTP Request: GET /?page=1&limit=20 - Status: 304 - Duration: 11ms - IP: ::1","timestamp":"2026-06-17 01:40:38"}
{"level":"info","message":"HTTP Request: GET /?page=1&limit=10 - Status: 304 - Duration: 8ms - IP: ::1","timestamp":"2026-06-17 01:40:39"}
{"level":"info","message":"HTTP Request: GET /?page=1&limit=20 - Status: 304 - Duration: 8ms - IP: ::1","timestamp":"2026-06-17 01:40:40"}
{"level":"info","message":"HTTP Request: GET /unread-count - Status: 304 - Duration: 4ms - IP: ::1","timestamp":"2026-06-17 01:40:40"}
{"level":"info","message":"HTTP Request: GET /?page=1&limit=10 - Status: 304 - Duration: 2ms - IP: ::1","timestamp":"2026-06-17 01:40:42"}
{"level":"info","message":"HTTP Request: GET /?page=1&limit=20 - Status: 304 - Duration: 9ms - IP: ::1","timestamp":"2026-06-17 01:40:44"}
{"level":"info","message":"HTTP Request: GET /?page=1&limit=10 - Status: 304 - Duration: 4ms - IP: ::1","timestamp":"2026-06-17 01:40:52"}
{"level":"info","message":"HTTP Request: GET /?page=1&limit=20 - Status: 304 - Duration: 13ms - IP: ::1","timestamp":"2026-06-17 01:40:55"}
{"level":"info","message":"HTTP Request: GET /?page=1&limit=10 - Status: 304 - Duration: 4ms - IP: ::1","timestamp":"2026-06-17 01:40:56"}
{"level":"info","message":"HTTP Request: GET /?page=1&limit=20 - Status: 304 - Duration: 14ms - IP: ::1","timestamp":"2026-06-17 01:41:23"}
{"level":"info","message":"HTTP Request: GET /unread-count - Status: 304 - Duration: 5ms - IP: ::1","timestamp":"2026-06-17 01:41:27"}
{"level":"info","message":"HTTP Request: GET /my?page=1&limit=5 - Status: 200 - Duration: 9ms - IP: ::1","timestamp":"2026-06-17 01:41:27"}
{"level":"info","message":"HTTP Request: GET /unread-count - Status: 304 - Duration: 8ms - IP: ::1","timestamp":"2026-06-17 01:41:27"}
{"level":"info","message":"HTTP Request: GET / - Status: 304 - Duration: 6ms - IP: ::1","timestamp":"2026-06-17 01:41:27"}
{"level":"info","message":"HTTP Request: GET / - Status: 304 - Duration: 3ms - IP: ::1","timestamp":"2026-06-17 01:41:27"}
{"level":"info","message":"HTTP Request: GET /my?page=1&limit=5 - Status: 304 - Duration: 9ms - IP: ::1","timestamp":"2026-06-17 01:41:27"}
{"level":"info","message":"HTTP Request: GET /?page=1&limit=10 - Status: 304 - Duration: 3ms - IP: ::1","timestamp":"2026-06-17 01:41:32"}
{"level":"info","message":"HTTP Request: GET /?page=1&limit=9 - Status: 304 - Duration: 5ms - IP: ::1","timestamp":"2026-06-17 01:41:33"}
{"level":"info","message":"HTTP Request: GET /ids - Status: 304 - Duration: 3ms - IP: ::1","timestamp":"2026-06-17 01:41:33"}
{"level":"info","message":"HTTP Request: GET /ids - Status: 304 - Duration: 4ms - IP: ::1","timestamp":"2026-06-17 01:41:33"}
{"level":"info","message":"HTTP Request: GET /?type=Fresh&page=1&limit=20&lat=15.968056967921283&lng=108.26234798201149 - Status: 304 - Duration: 2ms - IP: ::1","timestamp":"2026-06-17 01:41:33"}
{"level":"info","message":"HTTP Request: GET /?page=1&limit=9 - Status: 304 - Duration: 4ms - IP: ::1","timestamp":"2026-06-17 01:41:34"}
{"level":"info","message":"HTTP Request: GET /unread-count - Status: 304 - Duration: 3ms - IP: ::1","timestamp":"2026-06-17 01:41:40"}
{"level":"info","message":"HTTP Request: GET /ids - Status: 304 - Duration: 3ms - IP: ::1","timestamp":"2026-06-17 01:41:41"}
{"level":"info","message":"HTTP Request: GET /ids - Status: 304 - Duration: 2ms - IP: ::1","timestamp":"2026-06-17 01:41:41"}
{"level":"info","message":"HTTP Request: GET /?type=Fresh&page=1&limit=20&lat=15.968056967921283&lng=108.26234798201149 - Status: 304 - Duration: 4ms - IP: ::1","timestamp":"2026-06-17 01:41:41"}
{"level":"info","message":"HTTP Request: GET /?limit=20 - Status: 304 - Duration: 5ms - IP: ::1","timestamp":"2026-06-17 01:41:42"}
{"level":"info","message":"HTTP Request: GET /?limit=20 - Status: 304 - Duration: 3ms - IP: ::1","timestamp":"2026-06-17 01:41:42"}
{"level":"info","message":"HTTP Request: GET /?limit=17&hasActive=true - Status: 304 - Duration: 13ms - IP: ::1","timestamp":"2026-06-17 01:41:42"}
{"level":"info","message":"HTTP Request: GET /fishermen/leaderboard - Status: 304 - Duration: 14ms - IP: ::1","timestamp":"2026-06-17 01:41:42"}
{"level":"info","message":"HTTP Request: GET /fishermen/leaderboard - Status: 304 - Duration: 13ms - IP: ::1","timestamp":"2026-06-17 01:41:42"}
{"level":"info","message":"HTTP Request: GET /unread-count - Status: 304 - Duration: 9ms - IP: ::1","timestamp":"2026-06-17 01:41:48"}
{"level":"info","message":"HTTP Request: GET /my?page=1&limit=5 - Status: 304 - Duration: 18ms - IP: ::1","timestamp":"2026-06-17 01:41:48"}
{"level":"info","message":"HTTP Request: GET /unread-count - Status: 304 - Duration: 10ms - IP: ::1","timestamp":"2026-06-17 01:41:48"}
{"level":"info","message":"HTTP Request: GET /my?page=1&limit=5 - Status: 304 - Duration: 19ms - IP: ::1","timestamp":"2026-06-17 01:41:48"}
{"level":"info","message":"HTTP Request: GET / - Status: 304 - Duration: 12ms - IP: ::1","timestamp":"2026-06-17 01:41:48"}
{"level":"info","message":"HTTP Request: GET / - Status: 304 - Duration: 9ms - IP: ::1","timestamp":"2026-06-17 01:41:48"}
{"level":"info","message":"HTTP Request: GET /?page=1&limit=20 - Status: 304 - Duration: 14ms - IP: ::1","timestamp":"2026-06-17 01:41:50"}
{"level":"info","message":"HTTP Request: GET /?page=1&limit=10 - Status: 304 - Duration: 5ms - IP: ::1","timestamp":"2026-06-17 01:41:51"}
{"level":"info","message":"HTTP Request: GET /?page=1&limit=9 - Status: 304 - Duration: 3ms - IP: ::1","timestamp":"2026-06-17 01:41:53"}
{"level":"info","message":"HTTP Request: GET /?page=1&limit=10 - Status: 304 - Duration: 4ms - IP: ::1","timestamp":"2026-06-17 01:41:53"}
{"level":"info","message":"HTTP Request: GET /?page=1&limit=9 - Status: 304 - Duration: 21ms - IP: ::1","timestamp":"2026-06-17 01:41:55"}
{"level":"info","message":"HTTP Request: GET /?page=1&limit=10 - Status: 304 - Duration: 4ms - IP: ::1","timestamp":"2026-06-17 01:41:56"}
{"level":"info","message":"HTTP Request: GET /?page=1&limit=9 - Status: 304 - Duration: 3ms - IP: ::1","timestamp":"2026-06-17 01:41:58"}
{"level":"info","message":"HTTP Request: GET /?page=1&limit=10 - Status: 304 - Duration: 7ms - IP: ::1","timestamp":"2026-06-17 01:42:04"}
{"level":"info","message":"HTTP Request: GET /?page=1&limit=9 - Status: 304 - Duration: 3ms - IP: ::1","timestamp":"2026-06-17 01:42:08"}
{"level":"info","message":"HTTP Request: GET /?page=1&limit=20 - Status: 304 - Duration: 10ms - IP: ::1","timestamp":"2026-06-17 01:42:10"}
{"level":"info","message":"HTTP Request: GET /unread-count - Status: 304 - Duration: 4ms - IP: ::1","timestamp":"2026-06-17 01:42:10"}
{"level":"info","message":"HTTP Request: GET /my?page=1&limit=5 - Status: 304 - Duration: 10ms - IP: ::1","timestamp":"2026-06-17 01:42:10"}
{"level":"info","message":"HTTP Request: GET /unread-count - Status: 304 - Duration: 7ms - IP: ::1","timestamp":"2026-06-17 01:42:10"}
{"level":"info","message":"HTTP Request: GET / - Status: 304 - Duration: 5ms - IP: ::1","timestamp":"2026-06-17 01:42:10"}
{"level":"info","message":"HTTP Request: GET /my?page=1&limit=5 - Status: 304 - Duration: 9ms - IP: ::1","timestamp":"2026-06-17 01:42:10"}
{"level":"info","message":"HTTP Request: GET / - Status: 304 - Duration: 5ms - IP: ::1","timestamp":"2026-06-17 01:42:10"}
{"level":"info","message":"HTTP Request: GET /?page=1&limit=9 - Status: 304 - Duration: 3ms - IP: ::1","timestamp":"2026-06-17 01:42:25"}
{"level":"info","message":"HTTP Request: GET /?page=1&limit=10 - Status: 304 - Duration: 11ms - IP: ::1","timestamp":"2026-06-17 01:42:26"}
{"level":"info","message":"HTTP Request: GET /me - Status: 200 - Duration: 3ms - IP: ::1","timestamp":"2026-06-17 01:42:28"}
{"level":"info","message":"HTTP Request: GET /unread-count - Status: 304 - Duration: 6ms - IP: ::1","timestamp":"2026-06-17 01:42:28"}
{"level":"info","message":"HTTP Request: GET / - Status: 304 - Duration: 10ms - IP: ::1","timestamp":"2026-06-17 01:42:28"}
{"level":"info","message":"HTTP Request: GET /?page=1&limit=10 - Status: 304 - Duration: 5ms - IP: ::1","timestamp":"2026-06-17 01:42:28"}
{"level":"info","message":"HTTP Request: GET /unread-count - Status: 304 - Duration: 4ms - IP: ::1","timestamp":"2026-06-17 01:43:28"}
{"level":"info","message":"HTTP Request: GET /?page=1&limit=9 - Status: 304 - Duration: 5ms - IP: ::1","timestamp":"2026-06-17 01:43:52"}
{"level":"info","message":"HTTP Request: GET /?page=1&limit=9&tag=C%C3%A1 - Status: 200 - Duration: 5ms - IP: ::1","timestamp":"2026-06-17 01:44:25"}
{"level":"info","message":"HTTP Request: GET /?page=1&limit=10 - Status: 304 - Duration: 4ms - IP: ::1","timestamp":"2026-06-17 01:44:26"}
{"level":"info","message":"HTTP Request: GET /?page=1&limit=9 - Status: 304 - Duration: 4ms - IP: ::1","timestamp":"2026-06-17 01:44:27"}
{"level":"info","message":"HTTP Request: GET /unread-count - Status: 304 - Duration: 7ms - IP: ::1","timestamp":"2026-06-17 01:44:28"}
{"level":"info","message":"HTTP Request: GET /?page=1&limit=10 - Status: 304 - Duration: 4ms - IP: ::1","timestamp":"2026-06-17 01:44:29"}
{"level":"info","message":"HTTP Request: GET /?page=1&limit=9 - Status: 304 - Duration: 4ms - IP: ::1","timestamp":"2026-06-17 01:44:30"}
{"level":"info","message":"HTTP Request: GET /?page=1&limit=9&tag=T%C3%B4m - Status: 200 - Duration: 5ms - IP: ::1","timestamp":"2026-06-17 01:44:40"}
{"level":"info","message":"HTTP Request: GET /?page=1&limit=9&tag=C%C3%A1 - Status: 304 - Duration: 4ms - IP: ::1","timestamp":"2026-06-17 01:44:40"}
{"level":"info","message":"HTTP Request: GET /?page=1&limit=9&tag=T%C3%B4m - Status: 304 - Duration: 4ms - IP: ::1","timestamp":"2026-06-17 01:44:48"}
{"level":"info","message":"HTTP Request: GET /?page=1&limit=20 - Status: 304 - Duration: 16ms - IP: ::1","timestamp":"2026-06-17 01:44:51"}
{"level":"info","message":"HTTP Request: GET /?page=1&limit=20 - Status: 304 - Duration: 15ms - IP: ::1","timestamp":"2026-06-17 01:45:21"}
{"level":"info","message":"HTTP Request: GET /?page=1&limit=10 - Status: 304 - Duration: 7ms - IP: ::1","timestamp":"2026-06-17 01:45:26"}
{"level":"info","message":"HTTP Request: GET /?page=1&limit=20 - Status: 304 - Duration: 10ms - IP: ::1","timestamp":"2026-06-17 01:45:27"}
{"level":"info","message":"HTTP Request: GET /unread-count - Status: 304 - Duration: 3ms - IP: ::1","timestamp":"2026-06-17 01:45:28"}
{"level":"info","message":"HTTP Request: GET /?page=1&limit=20 - Status: 304 - Duration: 15ms - IP: ::1","timestamp":"2026-06-17 01:45:33"}
{"level":"info","message":"HTTP Request: GET /?page=1&limit=10 - Status: 304 - Duration: 3ms - IP: ::1","timestamp":"2026-06-17 01:45:37"}
{"level":"info","message":"HTTP Request: GET /?page=1&limit=20 - Status: 304 - Duration: 11ms - IP: ::1","timestamp":"2026-06-17 01:45:37"}
{"level":"info","message":"HTTP Request: GET /unread-count - Status: 304 - Duration: 9ms - IP: ::1","timestamp":"2026-06-17 01:45:41"}
{"level":"info","message":"HTTP Request: GET /my?page=1&limit=5 - Status: 304 - Duration: 18ms - IP: ::1","timestamp":"2026-06-17 01:45:41"}
{"level":"info","message":"HTTP Request: GET /unread-count - Status: 304 - Duration: 7ms - IP: ::1","timestamp":"2026-06-17 01:45:41"}
{"level":"info","message":"HTTP Request: GET /my?page=1&limit=5 - Status: 304 - Duration: 11ms - IP: ::1","timestamp":"2026-06-17 01:45:41"}
{"level":"info","message":"HTTP Request: GET / - Status: 304 - Duration: 7ms - IP: ::1","timestamp":"2026-06-17 01:45:41"}
{"level":"info","message":"HTTP Request: GET / - Status: 304 - Duration: 5ms - IP: ::1","timestamp":"2026-06-17 01:45:41"}
{"level":"info","message":"HTTP Request: GET /my?page=1&limit=5 - Status: 304 - Duration: 8ms - IP: ::1","timestamp":"2026-06-17 01:45:56"}
{"level":"info","message":"HTTP Request: GET /unread-count - Status: 304 - Duration: 5ms - IP: ::1","timestamp":"2026-06-17 01:46:29"}
{"level":"info","message":"HTTP Request: GET /unread-count - Status: 304 - Duration: 4ms - IP: ::1","timestamp":"2026-06-17 01:47:29"}
{"level":"info","message":"HTTP Request: GET /my?page=1&limit=5 - Status: 304 - Duration: 10ms - IP: ::1","timestamp":"2026-06-17 01:47:35"}
{"level":"info","message":"HTTP Request: GET /my?page=1&limit=5 - Status: 304 - Duration: 12ms - IP: ::1","timestamp":"2026-06-17 01:47:47"}
{"level":"info","message":"HTTP Request: GET /my?page=1&limit=5 - Status: 304 - Duration: 11ms - IP: ::1","timestamp":"2026-06-17 01:48:05"}
{"level":"info","message":"HTTP Request: GET /my?page=1&limit=5 - Status: 304 - Duration: 9ms - IP: ::1","timestamp":"2026-06-17 01:48:22"}
{"level":"info","message":"HTTP Request: GET /unread-count - Status: 304 - Duration: 3ms - IP: ::1","timestamp":"2026-06-17 01:48:30"}
{"level":"info","message":"HTTP Request: GET /my?page=1&limit=5 - Status: 304 - Duration: 6ms - IP: ::1","timestamp":"2026-06-17 01:48:32"}
{"level":"info","message":"HTTP Request: GET /conversations - Status: 200 - Duration: 39ms - IP: ::1","timestamp":"2026-06-17 01:49:14"}
{"level":"info","message":"HTTP Request: GET /conversations - Status: 304 - Duration: 5ms - IP: ::1","timestamp":"2026-06-17 01:49:14"}
{"level":"info","message":"HTTP Request: GET /?userId=6a318cdaae0f003612db3b83 - Status: 200 - Duration: 3ms - IP: ::1","timestamp":"2026-06-17 01:49:18"}
{"level":"info","message":"HTTP Request: GET /?userId=6a318cdaae0f003612db3b83 - Status: 304 - Duration: 9ms - IP: ::1","timestamp":"2026-06-17 01:49:28"}
{"level":"info","message":"HTTP Request: GET /me - Status: 304 - Duration: 3ms - IP: ::1","timestamp":"2026-06-17 01:49:29"}
{"level":"info","message":"HTTP Request: GET /unread-count - Status: 304 - Duration: 5ms - IP: ::1","timestamp":"2026-06-17 01:49:29"}
{"level":"info","message":"HTTP Request: GET / - Status: 304 - Duration: 6ms - IP: ::1","timestamp":"2026-06-17 01:49:29"}
{"level":"info","message":"HTTP Request: GET /unread-count - Status: 304 - Duration: 4ms - IP: ::1","timestamp":"2026-06-17 01:49:30"}
{"level":"info","message":"HTTP Request: GET /my?page=1&limit=5 - Status: 304 - Duration: 10ms - IP: ::1","timestamp":"2026-06-17 01:49:30"}
{"level":"info","message":"HTTP Request: GET /unread-count - Status: 304 - Duration: 4ms - IP: ::1","timestamp":"2026-06-17 01:49:30"}
{"level":"info","message":"HTTP Request: GET / - Status: 304 - Duration: 5ms - IP: ::1","timestamp":"2026-06-17 01:49:30"}
{"level":"info","message":"HTTP Request: GET /my?page=1&limit=5 - Status: 304 - Duration: 10ms - IP: ::1","timestamp":"2026-06-17 01:49:30"}
{"level":"info","message":"HTTP Request: GET / - Status: 304 - Duration: 6ms - IP: ::1","timestamp":"2026-06-17 01:49:30"}
{"level":"info","message":"HTTP Request: GET /my?page=1&limit=5 - Status: 304 - Duration: 10ms - IP: ::1","timestamp":"2026-06-17 01:50:26"}
{"level":"info","message":"HTTP Request: GET /conversations - Status: 304 - Duration: 8ms - IP: ::1","timestamp":"2026-06-17 01:50:29"}
{"level":"info","message":"HTTP Request: GET /conversations - Status: 304 - Duration: 5ms - IP: ::1","timestamp":"2026-06-17 01:50:29"}
{"level":"info","message":"HTTP Request: GET /unread-count - Status: 304 - Duration: 4ms - IP: ::1","timestamp":"2026-06-17 01:50:29"}
{"level":"info","message":"HTTP Request: GET /my?page=1&limit=5 - Status: 304 - Duration: 9ms - IP: ::1","timestamp":"2026-06-17 01:50:30"}
{"level":"info","message":"HTTP Request: GET /?userId=6a318cdaae0f003612db3b83 - Status: 304 - Duration: 4ms - IP: ::1","timestamp":"2026-06-17 01:50:31"}
{"level":"info","message":"HTTP Request: GET /my?page=1&limit=5 - Status: 304 - Duration: 7ms - IP: ::1","timestamp":"2026-06-17 01:50:40"}
{"level":"info","message":"HTTP Request: GET /unread-count - Status: 304 - Duration: 6ms - IP: ::1","timestamp":"2026-06-17 01:51:29"}
{"level":"info","message":"HTTP Request: GET /?page=1&limit=20 - Status: 304 - Duration: 14ms - IP: ::1","timestamp":"2026-06-17 01:51:34"}
{"level":"info","message":"HTTP Request: GET /?limit=20 - Status: 304 - Duration: 6ms - IP: ::1","timestamp":"2026-06-17 01:51:46"}
{"level":"info","message":"HTTP Request: GET /?limit=17&hasActive=true - Status: 304 - Duration: 14ms - IP: ::1","timestamp":"2026-06-17 01:51:46"}
{"level":"info","message":"HTTP Request: GET /?limit=20 - Status: 304 - Duration: 5ms - IP: ::1","timestamp":"2026-06-17 01:51:46"}
{"level":"info","message":"HTTP Request: GET /fishermen/leaderboard - Status: 304 - Duration: 12ms - IP: ::1","timestamp":"2026-06-17 01:51:46"}
{"level":"info","message":"HTTP Request: GET /fishermen/leaderboard - Status: 304 - Duration: 12ms - IP: ::1","timestamp":"2026-06-17 01:51:46"}
{"level":"info","message":"HTTP Request: GET /ids - Status: 401 - Duration: 1ms - IP: ::1","timestamp":"2026-06-17 01:51:53"}
{"level":"info","message":"HTTP Request: GET /ids - Status: 401 - Duration: 1ms - IP: ::1","timestamp":"2026-06-17 01:51:53"}
{"level":"info","message":"HTTP Request: POST /refresh - Status: 401 - Duration: 1ms - IP: ::1","timestamp":"2026-06-17 01:51:53"}
{"level":"info","message":"HTTP Request: GET /?type=Fresh&page=1&limit=20&lat=15.968056967921283&lng=108.26234798201149 - Status: 304 - Duration: 13ms - IP: ::1","timestamp":"2026-06-17 01:51:53"}
{"level":"info","message":"HTTP Request: GET /?page=1&limit=9 - Status: 304 - Duration: 4ms - IP: ::1","timestamp":"2026-06-17 01:51:56"}
{"level":"info","message":"HTTP Request: GET /?page=1&limit=10 - Status: 304 - Duration: 4ms - IP: ::1","timestamp":"2026-06-17 01:51:58"}
{"level":"info","message":"HTTP Request: GET /?page=1&limit=20 - Status: 304 - Duration: 15ms - IP: ::1","timestamp":"2026-06-17 01:52:08"}
{"level":"info","message":"HTTP Request: GET /?page=1&limit=10 - Status: 304 - Duration: 3ms - IP: ::1","timestamp":"2026-06-17 01:52:12"}
{"level":"info","message":"HTTP Request: GET /my?page=1&limit=5 - Status: 401 - Duration: 1ms - IP: ::1","timestamp":"2026-06-17 01:52:13"}
{"level":"info","message":"HTTP Request: GET /unread-count - Status: 401 - Duration: 1ms - IP: ::1","timestamp":"2026-06-17 01:52:13"}
{"level":"info","message":"HTTP Request: GET /my?page=1&limit=5 - Status: 401 - Duration: 0ms - IP: ::1","timestamp":"2026-06-17 01:52:13"}
{"level":"info","message":"HTTP Request: GET /unread-count - Status: 401 - Duration: 0ms - IP: ::1","timestamp":"2026-06-17 01:52:13"}
{"level":"info","message":"HTTP Request: POST /refresh - Status: 401 - Duration: 0ms - IP: ::1","timestamp":"2026-06-17 01:52:13"}
{"level":"info","message":"HTTP Request: GET / - Status: 401 - Duration: 0ms - IP: ::1","timestamp":"2026-06-17 01:52:13"}
{"level":"info","message":"HTTP Request: GET / - Status: 401 - Duration: 1ms - IP: ::1","timestamp":"2026-06-17 01:52:13"}
{"level":"info","message":"HTTP Request: POST /refresh - Status: 401 - Duration: 1ms - IP: ::1","timestamp":"2026-06-17 01:52:13"}
{"level":"info","message":"HTTP Request: GET /unread-count - Status: 401 - Duration: 0ms - IP: ::1","timestamp":"2026-06-17 01:52:29"}
{"level":"info","message":"HTTP Request: POST /refresh - Status: 401 - Duration: 2ms - IP: ::1","timestamp":"2026-06-17 01:52:30"}
{"level":"info","message":"HTTP Request: GET /my?page=1&limit=5 - Status: 401 - Duration: 0ms - IP: ::1","timestamp":"2026-06-17 01:53:07"}
{"level":"info","message":"HTTP Request: POST /refresh - Status: 401 - Duration: 1ms - IP: ::1","timestamp":"2026-06-17 01:53:07"}
{"level":"info","message":"HTTP Request: GET /conversations - Status: 401 - Duration: 1ms - IP: ::1","timestamp":"2026-06-17 01:53:13"}
{"level":"info","message":"HTTP Request: GET /conversations - Status: 401 - Duration: 0ms - IP: ::1","timestamp":"2026-06-17 01:53:13"}
{"level":"info","message":"HTTP Request: POST /refresh - Status: 401 - Duration: 1ms - IP: ::1","timestamp":"2026-06-17 01:53:13"}
{"level":"info","message":"HTTP Request: GET /unread-count - Status: 401 - Duration: 1ms - IP: ::1","timestamp":"2026-06-17 01:53:29"}
{"level":"info","message":"HTTP Request: POST /refresh - Status: 401 - Duration: 0ms - IP: ::1","timestamp":"2026-06-17 01:53:30"}
{"level":"info","message":"HTTP Request: GET /my?page=1&limit=5 - Status: 401 - Duration: 1ms - IP: ::1","timestamp":"2026-06-17 01:53:36"}
{"level":"info","message":"HTTP Request: POST /refresh - Status: 401 - Duration: 0ms - IP: ::1","timestamp":"2026-06-17 01:53:36"}
{"level":"info","message":"HTTP Request: GET /conversations - Status: 401 - Duration: 0ms - IP: ::1","timestamp":"2026-06-17 01:53:37"}
{"level":"info","message":"HTTP Request: GET /conversations - Status: 401 - Duration: 0ms - IP: ::1","timestamp":"2026-06-17 01:53:37"}
{"level":"info","message":"HTTP Request: POST /refresh - Status: 401 - Duration: 1ms - IP: ::1","timestamp":"2026-06-17 01:53:37"}
{"level":"info","message":"HTTP Request: GET /my?page=1&limit=5 - Status: 401 - Duration: 1ms - IP: ::1","timestamp":"2026-06-17 01:53:42"}
{"level":"info","message":"HTTP Request: POST /refresh - Status: 401 - Duration: 0ms - IP: ::1","timestamp":"2026-06-17 01:53:42"}
{"level":"info","message":"HTTP Request: GET /conversations - Status: 401 - Duration: 0ms - IP: ::1","timestamp":"2026-06-17 01:53:47"}
{"level":"info","message":"HTTP Request: GET /conversations - Status: 401 - Duration: 1ms - IP: ::1","timestamp":"2026-06-17 01:53:47"}
{"level":"info","message":"HTTP Request: POST /refresh - Status: 401 - Duration: 0ms - IP: ::1","timestamp":"2026-06-17 01:53:47"}
{"level":"info","message":"HTTP Request: GET /my?page=1&limit=5 - Status: 401 - Duration: 0ms - IP: ::1","timestamp":"2026-06-17 01:53:53"}
{"level":"info","message":"HTTP Request: POST /refresh - Status: 401 - Duration: 0ms - IP: ::1","timestamp":"2026-06-17 01:53:53"}
{"level":"info","message":"HTTP Request: GET /conversations - Status: 401 - Duration: 1ms - IP: ::1","timestamp":"2026-06-17 01:53:54"}
{"level":"info","message":"HTTP Request: GET /conversations - Status: 401 - Duration: 0ms - IP: ::1","timestamp":"2026-06-17 01:53:54"}
{"level":"info","message":"HTTP Request: POST /refresh - Status: 401 - Duration: 0ms - IP: ::1","timestamp":"2026-06-17 01:53:54"}
{"level":"info","message":"HTTP Request: GET /my?page=1&limit=5 - Status: 401 - Duration: 1ms - IP: ::1","timestamp":"2026-06-17 01:54:03"}
{"level":"info","message":"HTTP Request: POST /refresh - Status: 401 - Duration: 0ms - IP: ::1","timestamp":"2026-06-17 01:54:03"}
{"level":"info","message":"HTTP Request: GET /conversations - Status: 401 - Duration: 1ms - IP: ::1","timestamp":"2026-06-17 01:54:03"}
{"level":"info","message":"HTTP Request: GET /conversations - Status: 401 - Duration: 0ms - IP: ::1","timestamp":"2026-06-17 01:54:03"}
{"level":"info","message":"HTTP Request: POST /refresh - Status: 401 - Duration: 1ms - IP: ::1","timestamp":"2026-06-17 01:54:03"}
{"level":"info","message":"HTTP Request: GET /conversations - Status: 401 - Duration: 1ms - IP: ::1","timestamp":"2026-06-17 01:54:25"}
{"level":"info","message":"HTTP Request: GET /conversations - Status: 401 - Duration: 1ms - IP: ::1","timestamp":"2026-06-17 01:54:25"}
{"level":"info","message":"HTTP Request: POST /refresh - Status: 401 - Duration: 0ms - IP: ::1","timestamp":"2026-06-17 01:54:25"}
{"level":"info","message":"HTTP Request: GET /unread-count - Status: 401 - Duration: 0ms - IP: ::1","timestamp":"2026-06-17 01:54:29"}
{"level":"info","message":"HTTP Request: POST /refresh - Status: 401 - Duration: 0ms - IP: ::1","timestamp":"2026-06-17 01:54:30"}
{"level":"info","message":"HTTP Request: GET /?userId=6a318cdaae0f003612db3b83 - Status: 304 - Duration: 4ms - IP: ::1","timestamp":"2026-06-17 01:54:54"}
{"level":"info","message":"HTTP Request: GET /?userId=6a318cdaae0f003612db3b83 - Status: 304 - Duration: 7ms - IP: ::1","timestamp":"2026-06-17 01:55:25"}
{"level":"info","message":"HTTP Request: GET /?limit=20 - Status: 304 - Duration: 4ms - IP: ::1","timestamp":"2026-06-17 01:55:28"}
{"level":"info","message":"HTTP Request: GET /?limit=20 - Status: 304 - Duration: 5ms - IP: ::1","timestamp":"2026-06-17 01:55:29"}
{"level":"info","message":"HTTP Request: GET /?limit=17&hasActive=true - Status: 304 - Duration: 13ms - IP: ::1","timestamp":"2026-06-17 01:55:29"}
{"level":"info","message":"HTTP Request: GET /fishermen/leaderboard - Status: 304 - Duration: 13ms - IP: ::1","timestamp":"2026-06-17 01:55:29"}
{"level":"info","message":"HTTP Request: GET /fishermen/leaderboard - Status: 304 - Duration: 14ms - IP: ::1","timestamp":"2026-06-17 01:55:29"}
{"level":"info","message":"HTTP Request: GET /unread-count - Status: 401 - Duration: 1ms - IP: ::1","timestamp":"2026-06-17 01:55:29"}
{"level":"info","message":"HTTP Request: POST /refresh - Status: 401 - Duration: 1ms - IP: ::1","timestamp":"2026-06-17 01:55:29"}
{"level":"info","message":"HTTP Request: GET /conversations - Status: 401 - Duration: 0ms - IP: ::1","timestamp":"2026-06-17 01:55:33"}
{"level":"info","message":"HTTP Request: GET /conversations - Status: 401 - Duration: 0ms - IP: ::1","timestamp":"2026-06-17 01:55:33"}
{"level":"info","message":"HTTP Request: POST /refresh - Status: 401 - Duration: 0ms - IP: ::1","timestamp":"2026-06-17 01:55:33"}
{"level":"info","message":"HTTP Request: GET /today-count - Status: 401 - Duration: 0ms - IP: ::1","timestamp":"2026-06-17 01:55:37"}
{"level":"info","message":"HTTP Request: GET /today-count - Status: 401 - Duration: 0ms - IP: ::1","timestamp":"2026-06-17 01:55:37"}
{"level":"info","message":"HTTP Request: POST /refresh - Status: 401 - Duration: 0ms - IP: ::1","timestamp":"2026-06-17 01:55:37"}
{"level":"info","message":"HTTP Request: GET /?page=1&limit=10 - Status: 304 - Duration: 4ms - IP: ::1","timestamp":"2026-06-17 01:55:43"}
{"level":"info","message":"HTTP Request: GET /?page=1&limit=9 - Status: 304 - Duration: 4ms - IP: ::1","timestamp":"2026-06-17 01:55:44"}
{"level":"info","message":"HTTP Request: GET /ids - Status: 401 - Duration: 1ms - IP: ::1","timestamp":"2026-06-17 01:55:44"}
{"level":"info","message":"HTTP Request: GET /ids - Status: 401 - Duration: 0ms - IP: ::1","timestamp":"2026-06-17 01:55:44"}
{"level":"info","message":"HTTP Request: POST /refresh - Status: 401 - Duration: 1ms - IP: ::1","timestamp":"2026-06-17 01:55:44"}
{"level":"info","message":"HTTP Request: GET /?type=Fresh&page=1&limit=20&lat=15.968056967921283&lng=108.26234798201149 - Status: 304 - Duration: 3ms - IP: ::1","timestamp":"2026-06-17 01:55:44"}
{"level":"info","message":"HTTP Request: GET /?limit=20 - Status: 304 - Duration: 6ms - IP: ::1","timestamp":"2026-06-17 01:55:45"}
{"level":"info","message":"HTTP Request: GET /?limit=20 - Status: 304 - Duration: 4ms - IP: ::1","timestamp":"2026-06-17 01:55:45"}
{"level":"info","message":"HTTP Request: GET /?limit=17&hasActive=true - Status: 304 - Duration: 19ms - IP: ::1","timestamp":"2026-06-17 01:55:45"}
{"level":"info","message":"HTTP Request: GET /fishermen/leaderboard - Status: 304 - Duration: 14ms - IP: ::1","timestamp":"2026-06-17 01:55:45"}
{"level":"info","message":"HTTP Request: GET /fishermen/leaderboard - Status: 304 - Duration: 10ms - IP: ::1","timestamp":"2026-06-17 01:55:45"}
{"level":"info","message":"HTTP Request: GET /?page=1&limit=10 - Status: 304 - Duration: 4ms - IP: ::1","timestamp":"2026-06-17 01:55:45"}
{"level":"info","message":"HTTP Request: GET /?page=1&limit=20 - Status: 304 - Duration: 9ms - IP: ::1","timestamp":"2026-06-17 01:55:45"}
{"level":"info","message":"HTTP Request: GET /my?page=1&limit=5 - Status: 401 - Duration: 0ms - IP: ::1","timestamp":"2026-06-17 01:55:46"}
{"level":"info","message":"HTTP Request: GET /unread-count - Status: 401 - Duration: 1ms - IP: ::1","timestamp":"2026-06-17 01:55:46"}
{"level":"info","message":"HTTP Request: GET /my?page=1&limit=5 - Status: 401 - Duration: 0ms - IP: ::1","timestamp":"2026-06-17 01:55:46"}
{"level":"info","message":"HTTP Request: GET /unread-count - Status: 401 - Duration: 0ms - IP: ::1","timestamp":"2026-06-17 01:55:46"}
{"level":"info","message":"HTTP Request: POST /refresh - Status: 401 - Duration: 1ms - IP: ::1","timestamp":"2026-06-17 01:55:46"}
{"level":"info","message":"HTTP Request: GET / - Status: 401 - Duration: 0ms - IP: ::1","timestamp":"2026-06-17 01:55:46"}
{"level":"info","message":"HTTP Request: GET / - Status: 401 - Duration: 0ms - IP: ::1","timestamp":"2026-06-17 01:55:46"}
{"level":"info","message":"HTTP Request: POST /refresh - Status: 401 - Duration: 1ms - IP: ::1","timestamp":"2026-06-17 01:55:46"}
{"level":"info","message":"HTTP Request: GET /today-count - Status: 401 - Duration: 1ms - IP: ::1","timestamp":"2026-06-17 01:55:49"}
{"level":"info","message":"HTTP Request: GET /today-count - Status: 401 - Duration: 1ms - IP: ::1","timestamp":"2026-06-17 01:55:49"}
{"level":"info","message":"HTTP Request: POST /refresh - Status: 401 - Duration: 1ms - IP: ::1","timestamp":"2026-06-17 01:55:49"}
{"level":"info","message":"HTTP Request: GET /?page=1&limit=20 - Status: 304 - Duration: 10ms - IP: ::1","timestamp":"2026-06-17 01:55:55"}
{"level":"info","message":"HTTP Request: GET /?page=1&limit=10 - Status: 304 - Duration: 4ms - IP: ::1","timestamp":"2026-06-17 01:55:59"}
{"level":"info","message":"HTTP Request: GET /?page=1&limit=9 - Status: 304 - Duration: 4ms - IP: ::1","timestamp":"2026-06-17 01:55:59"}
{"level":"info","message":"HTTP Request: GET /ids - Status: 401 - Duration: 1ms - IP: ::1","timestamp":"2026-06-17 01:56:00"}
{"level":"info","message":"HTTP Request: GET /ids - Status: 401 - Duration: 1ms - IP: ::1","timestamp":"2026-06-17 01:56:00"}
{"level":"info","message":"HTTP Request: POST /refresh - Status: 401 - Duration: 0ms - IP: ::1","timestamp":"2026-06-17 01:56:00"}
{"level":"info","message":"HTTP Request: GET /?type=Fresh&page=1&limit=20&lat=15.968056967921283&lng=108.26234798201149 - Status: 304 - Duration: 2ms - IP: ::1","timestamp":"2026-06-17 01:56:00"}
{"level":"info","message":"HTTP Request: GET /?limit=20 - Status: 304 - Duration: 6ms - IP: ::1","timestamp":"2026-06-17 01:56:00"}
{"level":"info","message":"HTTP Request: GET /?limit=20 - Status: 304 - Duration: 4ms - IP: ::1","timestamp":"2026-06-17 01:56:00"}
{"level":"info","message":"HTTP Request: GET /?limit=17&hasActive=true - Status: 304 - Duration: 20ms - IP: ::1","timestamp":"2026-06-17 01:56:00"}
{"level":"info","message":"HTTP Request: GET /fishermen/leaderboard - Status: 304 - Duration: 12ms - IP: ::1","timestamp":"2026-06-17 01:56:00"}
{"level":"info","message":"HTTP Request: GET /fishermen/leaderboard - Status: 304 - Duration: 14ms - IP: ::1","timestamp":"2026-06-17 01:56:00"}
{"level":"info","message":"HTTP Request: GET /ids - Status: 401 - Duration: 1ms - IP: ::1","timestamp":"2026-06-17 01:56:01"}
{"level":"info","message":"HTTP Request: GET /ids - Status: 401 - Duration: 0ms - IP: ::1","timestamp":"2026-06-17 01:56:01"}
{"level":"info","message":"HTTP Request: POST /refresh - Status: 401 - Duration: 1ms - IP: ::1","timestamp":"2026-06-17 01:56:01"}
{"level":"info","message":"HTTP Request: GET /?type=Fresh&page=1&limit=20&lat=15.968056967921283&lng=108.26234798201149 - Status: 304 - Duration: 3ms - IP: ::1","timestamp":"2026-06-17 01:56:02"}
{"level":"info","message":"HTTP Request: GET /?page=1&limit=9 - Status: 304 - Duration: 7ms - IP: ::1","timestamp":"2026-06-17 01:56:02"}
{"level":"info","message":"HTTP Request: GET /?page=1&limit=10 - Status: 304 - Duration: 4ms - IP: ::1","timestamp":"2026-06-17 01:56:04"}
{"level":"info","message":"HTTP Request: GET /?page=1&limit=20 - Status: 304 - Duration: 8ms - IP: ::1","timestamp":"2026-06-17 01:56:05"}
{"level":"info","message":"HTTP Request: GET /?page=1&limit=10 - Status: 304 - Duration: 3ms - IP: ::1","timestamp":"2026-06-17 01:56:05"}
{"level":"info","message":"HTTP Request: GET /?page=1&limit=9 - Status: 304 - Duration: 5ms - IP: ::1","timestamp":"2026-06-17 01:56:06"}
{"level":"info","message":"HTTP Request: GET /?page=1&limit=10 - Status: 304 - Duration: 4ms - IP: ::1","timestamp":"2026-06-17 01:56:07"}
{"level":"info","message":"HTTP Request: GET /ids - Status: 401 - Duration: 0ms - IP: ::1","timestamp":"2026-06-17 01:56:08"}
{"level":"info","message":"HTTP Request: GET /ids - Status: 401 - Duration: 1ms - IP: ::1","timestamp":"2026-06-17 01:56:08"}
{"level":"info","message":"HTTP Request: POST /refresh - Status: 401 - Duration: 1ms - IP: ::1","timestamp":"2026-06-17 01:56:08"}
{"level":"info","message":"HTTP Request: GET /?type=Fresh&page=1&limit=20&lat=15.968056967921283&lng=108.26234798201149 - Status: 304 - Duration: 2ms - IP: ::1","timestamp":"2026-06-17 01:56:08"}
{"level":"info","message":"HTTP Request: GET /?page=1&limit=10 - Status: 304 - Duration: 5ms - IP: ::1","timestamp":"2026-06-17 01:56:09"}
{"level":"info","message":"HTTP Request: GET /?page=1&limit=9 - Status: 304 - Duration: 3ms - IP: ::1","timestamp":"2026-06-17 01:56:09"}
{"level":"info","message":"HTTP Request: GET /?page=1&limit=20 - Status: 304 - Duration: 9ms - IP: ::1","timestamp":"2026-06-17 01:56:10"}
{"level":"info","message":"HTTP Request: GET /my?page=1&limit=5 - Status: 401 - Duration: 0ms - IP: ::1","timestamp":"2026-06-17 01:56:11"}
{"level":"info","message":"HTTP Request: GET /unread-count - Status: 401 - Duration: 0ms - IP: ::1","timestamp":"2026-06-17 01:56:11"}
{"level":"info","message":"HTTP Request: GET /my?page=1&limit=5 - Status: 401 - Duration: 1ms - IP: ::1","timestamp":"2026-06-17 01:56:11"}
{"level":"info","message":"HTTP Request: GET /unread-count - Status: 401 - Duration: 0ms - IP: ::1","timestamp":"2026-06-17 01:56:11"}
{"level":"info","message":"HTTP Request: POST /refresh - Status: 401 - Duration: 1ms - IP: ::1","timestamp":"2026-06-17 01:56:11"}
{"level":"info","message":"HTTP Request: GET / - Status: 401 - Duration: 1ms - IP: ::1","timestamp":"2026-06-17 01:56:11"}
{"level":"info","message":"HTTP Request: GET / - Status: 401 - Duration: 0ms - IP: ::1","timestamp":"2026-06-17 01:56:11"}
{"level":"info","message":"HTTP Request: POST /refresh - Status: 401 - Duration: 0ms - IP: ::1","timestamp":"2026-06-17 01:56:11"}
{"level":"info","message":"HTTP Request: GET /unread-count - Status: 401 - Duration: 1ms - IP: ::1","timestamp":"2026-06-17 01:56:30"}
{"level":"info","message":"HTTP Request: POST /refresh - Status: 401 - Duration: 0ms - IP: ::1","timestamp":"2026-06-17 01:56:30"}
{"level":"info","message":"HTTP Request: GET /unread-count - Status: 401 - Duration: 1ms - IP: ::1","timestamp":"2026-06-17 01:57:36"}
{"level":"info","message":"HTTP Request: GET /my?page=1&limit=5 - Status: 401 - Duration: 1ms - IP: ::1","timestamp":"2026-06-17 01:57:36"}
{"level":"info","message":"HTTP Request: POST /refresh - Status: 401 - Duration: 0ms - IP: ::1","timestamp":"2026-06-17 01:57:36"}
{"level":"info","message":"HTTP Request: GET /my?page=1&limit=5 - Status: 401 - Duration: 0ms - IP: ::1","timestamp":"2026-06-17 01:57:37"}
{"level":"info","message":"HTTP Request: POST /refresh - Status: 401 - Duration: 1ms - IP: ::1","timestamp":"2026-06-17 01:57:37"}
{"level":"info","message":"HTTP Request: GET /conversations - Status: 401 - Duration: 1ms - IP: ::1","timestamp":"2026-06-17 01:57:39"}
{"level":"info","message":"HTTP Request: GET /conversations - Status: 401 - Duration: 2ms - IP: ::1","timestamp":"2026-06-17 01:57:39"}
{"level":"info","message":"HTTP Request: POST /refresh - Status: 401 - Duration: 1ms - IP: ::1","timestamp":"2026-06-17 01:57:39"}
{"level":"info","message":"HTTP Request: GET /?userId=6a318cdaae0f003612db3b83 - Status: 304 - Duration: 3ms - IP: ::1","timestamp":"2026-06-17 01:57:40"}
{"level":"info","message":"HTTP Request: GET /conversations - Status: 401 - Duration: 0ms - IP: ::1","timestamp":"2026-06-17 01:57:41"}
{"level":"info","message":"HTTP Request: GET /conversations - Status: 401 - Duration: 1ms - IP: ::1","timestamp":"2026-06-17 01:57:41"}
{"level":"info","message":"HTTP Request: POST /refresh - Status: 401 - Duration: 0ms - IP: ::1","timestamp":"2026-06-17 01:57:41"}
{"level":"info","message":"HTTP Request: GET /my?page=1&limit=5 - Status: 401 - Duration: 0ms - IP: ::1","timestamp":"2026-06-17 01:57:42"}
{"level":"info","message":"HTTP Request: POST /refresh - Status: 401 - Duration: 1ms - IP: ::1","timestamp":"2026-06-17 01:57:42"}
{"level":"info","message":"HTTP Request: GET /today-count - Status: 401 - Duration: 1ms - IP: ::1","timestamp":"2026-06-17 01:57:50"}
{"level":"info","message":"HTTP Request: GET /today-count - Status: 401 - Duration: 1ms - IP: ::1","timestamp":"2026-06-17 01:57:50"}
{"level":"info","message":"HTTP Request: POST /refresh - Status: 401 - Duration: 0ms - IP: ::1","timestamp":"2026-06-17 01:57:51"}
{"level":"info","message":"HTTP Request: GET /?limit=20 - Status: 304 - Duration: 3ms - IP: ::1","timestamp":"2026-06-17 01:57:52"}
{"level":"info","message":"HTTP Request: GET /?limit=17&hasActive=true - Status: 304 - Duration: 13ms - IP: ::1","timestamp":"2026-06-17 01:57:52"}
{"level":"info","message":"HTTP Request: GET /?limit=20 - Status: 304 - Duration: 4ms - IP: ::1","timestamp":"2026-06-17 01:57:52"}
{"level":"info","message":"HTTP Request: GET /fishermen/leaderboard - Status: 304 - Duration: 12ms - IP: ::1","timestamp":"2026-06-17 01:57:52"}
{"level":"info","message":"HTTP Request: GET /fishermen/leaderboard - Status: 304 - Duration: 11ms - IP: ::1","timestamp":"2026-06-17 01:57:52"}
{"level":"info","message":"HTTP Request: GET /my?page=1&limit=5 - Status: 401 - Duration: 1ms - IP: ::1","timestamp":"2026-06-17 01:57:53"}
{"level":"info","message":"HTTP Request: GET /unread-count - Status: 401 - Duration: 0ms - IP: ::1","timestamp":"2026-06-17 01:57:53"}
{"level":"info","message":"HTTP Request: GET /my?page=1&limit=5 - Status: 401 - Duration: 0ms - IP: ::1","timestamp":"2026-06-17 01:57:53"}
{"level":"info","message":"HTTP Request: GET /unread-count - Status: 401 - Duration: 1ms - IP: ::1","timestamp":"2026-06-17 01:57:53"}
{"level":"info","message":"HTTP Request: POST /refresh - Status: 401 - Duration: 1ms - IP: ::1","timestamp":"2026-06-17 01:57:53"}
{"level":"info","message":"HTTP Request: GET / - Status: 401 - Duration: 1ms - IP: ::1","timestamp":"2026-06-17 01:57:53"}
{"level":"info","message":"HTTP Request: GET / - Status: 401 - Duration: 0ms - IP: ::1","timestamp":"2026-06-17 01:57:53"}
{"level":"info","message":"HTTP Request: POST /refresh - Status: 401 - Duration: 1ms - IP: ::1","timestamp":"2026-06-17 01:57:53"}
{"level":"info","message":"HTTP Request: GET /my?page=1&limit=5 - Status: 401 - Duration: 1ms - IP: ::1","timestamp":"2026-06-17 01:58:07"}
{"level":"info","message":"HTTP Request: POST /refresh - Status: 401 - Duration: 1ms - IP: ::1","timestamp":"2026-06-17 01:58:07"}
{"level":"info","message":"HTTP Request: GET /?userId=6a318cdaae0f003612db3b83 - Status: 304 - Duration: 4ms - IP: ::1","timestamp":"2026-06-17 01:58:13"}
{"level":"info","message":"HTTP Request: GET /unread-count - Status: 401 - Duration: 1ms - IP: ::1","timestamp":"2026-06-17 01:58:37"}
{"level":"info","message":"HTTP Request: POST /refresh - Status: 401 - Duration: 1ms - IP: ::1","timestamp":"2026-06-17 01:58:37"}
{"level":"info","message":"HTTP Request: GET /unread-count - Status: 401 - Duration: 1ms - IP: ::1","timestamp":"2026-06-17 01:59:37"}
{"level":"info","message":"HTTP Request: POST /refresh - Status: 401 - Duration: 1ms - IP: ::1","timestamp":"2026-06-17 01:59:37"}
{"level":"info","message":"HTTP Request: GET /me - Status: 401 - Duration: 0ms - IP: ::1","timestamp":"2026-06-17 01:59:56"}
{"level":"info","message":"HTTP Request: GET /me - Status: 401 - Duration: 1ms - IP: ::1","timestamp":"2026-06-17 01:59:56"}
{"level":"info","message":"HTTP Request: POST /refresh - Status: 401 - Duration: 0ms - IP: ::1","timestamp":"2026-06-17 01:59:56"}
{"level":"info","message":"HTTP Request: GET /?limit=20 - Status: 200 - Duration: 6ms - IP: ::1","timestamp":"2026-06-17 01:59:56"}
{"level":"info","message":"HTTP Request: GET /?limit=17&hasActive=true - Status: 200 - Duration: 13ms - IP: ::1","timestamp":"2026-06-17 01:59:57"}
{"level":"info","message":"HTTP Request: GET /?limit=20 - Status: 304 - Duration: 6ms - IP: ::1","timestamp":"2026-06-17 01:59:57"}
{"level":"info","message":"HTTP Request: GET /fishermen/leaderboard - Status: 200 - Duration: 11ms - IP: ::1","timestamp":"2026-06-17 01:59:57"}
{"level":"info","message":"HTTP Request: GET /fishermen/leaderboard - Status: 304 - Duration: 12ms - IP: ::1","timestamp":"2026-06-17 01:59:57"}
{"level":"info","message":"HTTP Request: GET /?page=1&limit=20 - Status: 200 - Duration: 11ms - IP: ::1","timestamp":"2026-06-17 02:00:00"}
{"level":"info","message":"[CRON] Khóa phân tán được thiết lập thành công. Tiến hành hết hạn hải sản tươi...","timestamp":"2026-06-17 02:00:00"}
{"level":"info","message":"🔑 [MOCK GOOGLE LOGIN] Email=lan@haisan.vn, Name=Mock User (lan)","timestamp":"2026-06-17 02:00:04"}
{"level":"info","message":"✨ Created new Google User: ID=6a319d34ae0f003612db3b86, Email=lan@haisan.vn","timestamp":"2026-06-17 02:00:04"}
{"level":"info","message":"HTTP Request: POST /google - Status: 200 - Duration: 13ms - IP: ::1","timestamp":"2026-06-17 02:00:04"}
{"level":"info","message":"HTTP Request: GET /?limit=20 - Status: 304 - Duration: 8ms - IP: ::1","timestamp":"2026-06-17 02:00:05"}
{"level":"info","message":"HTTP Request: GET /unread-count - Status: 200 - Duration: 6ms - IP: ::1","timestamp":"2026-06-17 02:00:05"}
{"level":"info","message":"HTTP Request: GET / - Status: 200 - Duration: 14ms - IP: ::1","timestamp":"2026-06-17 02:00:05"}
{"level":"info","message":"HTTP Request: GET /?limit=20 - Status: 304 - Duration: 4ms - IP: ::1","timestamp":"2026-06-17 02:00:05"}
{"level":"info","message":"HTTP Request: GET /?limit=17&hasActive=true - Status: 200 - Duration: 20ms - IP: ::1","timestamp":"2026-06-17 02:00:05"}
{"level":"info","message":"HTTP Request: GET /fishermen/leaderboard - Status: 304 - Duration: 32ms - IP: ::1","timestamp":"2026-06-17 02:00:05"}
{"level":"info","message":"HTTP Request: GET / - Status: 304 - Duration: 8ms - IP: ::1","timestamp":"2026-06-17 02:00:05"}
{"level":"info","message":"HTTP Request: GET /fishermen/leaderboard - Status: 304 - Duration: 14ms - IP: ::1","timestamp":"2026-06-17 02:00:05"}
{"level":"info","message":"HTTP Request: GET /my?page=1&limit=5 - Status: 200 - Duration: 6ms - IP: ::1","timestamp":"2026-06-17 02:00:06"}
{"level":"info","message":"HTTP Request: GET /unread-count - Status: 304 - Duration: 4ms - IP: ::1","timestamp":"2026-06-17 02:00:06"}
{"level":"info","message":"HTTP Request: GET /my?page=1&limit=5 - Status: 304 - Duration: 7ms - IP: ::1","timestamp":"2026-06-17 02:00:06"}
{"level":"info","message":"HTTP Request: GET /unread-count - Status: 304 - Duration: 3ms - IP: ::1","timestamp":"2026-06-17 02:00:06"}
{"level":"info","message":"HTTP Request: GET / - Status: 304 - Duration: 6ms - IP: ::1","timestamp":"2026-06-17 02:00:06"}
{"level":"info","message":"HTTP Request: GET / - Status: 304 - Duration: 4ms - IP: ::1","timestamp":"2026-06-17 02:00:06"}
{"level":"info","message":"HTTP Request: GET /unread-count - Status: 401 - Duration: 0ms - IP: ::1","timestamp":"2026-06-17 02:00:37"}
{"level":"info","message":"HTTP Request: POST /refresh - Status: 401 - Duration: 0ms - IP: ::1","timestamp":"2026-06-17 02:00:37"}
{"level":"info","message":"HTTP Request: GET /unread-count - Status: 200 - Duration: 6ms - IP: ::1","timestamp":"2026-06-17 02:01:06"}
{"level":"info","message":"HTTP Request: GET /?page=1&limit=20 - Status: 304 - Duration: 13ms - IP: ::1","timestamp":"2026-06-17 02:01:13"}
{"level":"info","message":"HTTP Request: GET /my?page=1&limit=5 - Status: 401 - Duration: 0ms - IP: ::1","timestamp":"2026-06-17 02:01:13"}
{"level":"info","message":"HTTP Request: GET /unread-count - Status: 401 - Duration: 0ms - IP: ::1","timestamp":"2026-06-17 02:01:13"}
{"level":"info","message":"HTTP Request: GET /my?page=1&limit=5 - Status: 401 - Duration: 1ms - IP: ::1","timestamp":"2026-06-17 02:01:13"}
{"level":"info","message":"HTTP Request: GET /unread-count - Status: 401 - Duration: 1ms - IP: ::1","timestamp":"2026-06-17 02:01:13"}
{"level":"info","message":"HTTP Request: POST /refresh - Status: 401 - Duration: 1ms - IP: ::1","timestamp":"2026-06-17 02:01:13"}
{"level":"info","message":"HTTP Request: GET / - Status: 401 - Duration: 0ms - IP: ::1","timestamp":"2026-06-17 02:01:13"}
{"level":"info","message":"HTTP Request: GET / - Status: 401 - Duration: 1ms - IP: ::1","timestamp":"2026-06-17 02:01:13"}
{"level":"info","message":"HTTP Request: POST /refresh - Status: 401 - Duration: 1ms - IP: ::1","timestamp":"2026-06-17 02:01:13"}
{"level":"info","message":"HTTP Request: GET /conversations - Status: 401 - Duration: 1ms - IP: ::1","timestamp":"2026-06-17 02:01:16"}
{"level":"info","message":"HTTP Request: GET /conversations - Status: 401 - Duration: 1ms - IP: ::1","timestamp":"2026-06-17 02:01:16"}
{"level":"info","message":"HTTP Request: POST /refresh - Status: 401 - Duration: 1ms - IP: ::1","timestamp":"2026-06-17 02:01:16"}
{"level":"info","message":"HTTP Request: GET /my?page=1&limit=5 - Status: 401 - Duration: 0ms - IP: ::1","timestamp":"2026-06-17 02:01:17"}
{"level":"info","message":"HTTP Request: POST /refresh - Status: 401 - Duration: 1ms - IP: ::1","timestamp":"2026-06-17 02:01:17"}
{"level":"info","message":"HTTP Request: GET /?userId=6a318cdaae0f003612db3b83 - Status: 304 - Duration: 4ms - IP: ::1","timestamp":"2026-06-17 02:01:18"}
{"level":"info","message":"HTTP Request: GET /conversations - Status: 401 - Duration: 0ms - IP: ::1","timestamp":"2026-06-17 02:01:19"}
{"level":"info","message":"HTTP Request: GET /conversations - Status: 401 - Duration: 0ms - IP: ::1","timestamp":"2026-06-17 02:01:19"}
{"level":"info","message":"HTTP Request: POST /refresh - Status: 401 - Duration: 0ms - IP: ::1","timestamp":"2026-06-17 02:01:19"}
{"level":"info","message":"HTTP Request: GET /my?page=1&limit=5 - Status: 401 - Duration: 1ms - IP: ::1","timestamp":"2026-06-17 02:01:20"}
{"level":"info","message":"HTTP Request: POST /refresh - Status: 401 - Duration: 0ms - IP: ::1","timestamp":"2026-06-17 02:01:20"}
{"level":"info","message":"HTTP Request: GET /?page=1&limit=20 - Status: 304 - Duration: 11ms - IP: ::1","timestamp":"2026-06-17 02:01:22"}
{"level":"info","message":"HTTP Request: GET /my?page=1&limit=5 - Status: 401 - Duration: 1ms - IP: ::1","timestamp":"2026-06-17 02:01:23"}
{"level":"info","message":"HTTP Request: GET /unread-count - Status: 401 - Duration: 0ms - IP: ::1","timestamp":"2026-06-17 02:01:23"}
{"level":"info","message":"HTTP Request: GET /unread-count - Status: 401 - Duration: 1ms - IP: ::1","timestamp":"2026-06-17 02:01:23"}
{"level":"info","message":"HTTP Request: GET /my?page=1&limit=5 - Status: 401 - Duration: 1ms - IP: ::1","timestamp":"2026-06-17 02:01:23"}
{"level":"info","message":"HTTP Request: POST /refresh - Status: 401 - Duration: 0ms - IP: ::1","timestamp":"2026-06-17 02:01:23"}
{"level":"info","message":"HTTP Request: GET / - Status: 401 - Duration: 0ms - IP: ::1","timestamp":"2026-06-17 02:01:23"}
{"level":"info","message":"HTTP Request: GET / - Status: 401 - Duration: 0ms - IP: ::1","timestamp":"2026-06-17 02:01:23"}
{"level":"info","message":"HTTP Request: POST /refresh - Status: 401 - Duration: 1ms - IP: ::1","timestamp":"2026-06-17 02:01:23"}
{"level":"info","message":"HTTP Request: GET /conversations - Status: 401 - Duration: 0ms - IP: ::1","timestamp":"2026-06-17 02:01:31"}
{"level":"info","message":"HTTP Request: GET /conversations - Status: 401 - Duration: 0ms - IP: ::1","timestamp":"2026-06-17 02:01:31"}
{"level":"info","message":"HTTP Request: POST /refresh - Status: 401 - Duration: 0ms - IP: ::1","timestamp":"2026-06-17 02:01:31"}
{"level":"info","message":"HTTP Request: GET /today-count - Status: 401 - Duration: 1ms - IP: ::1","timestamp":"2026-06-17 02:01:33"}
{"level":"info","message":"HTTP Request: GET /today-count - Status: 401 - Duration: 1ms - IP: ::1","timestamp":"2026-06-17 02:01:33"}
{"level":"info","message":"HTTP Request: POST /refresh - Status: 401 - Duration: 0ms - IP: ::1","timestamp":"2026-06-17 02:01:34"}
{"level":"info","message":"HTTP Request: GET /unread-count - Status: 401 - Duration: 1ms - IP: ::1","timestamp":"2026-06-17 02:01:37"}
{"level":"info","message":"HTTP Request: POST /refresh - Status: 401 - Duration: 0ms - IP: ::1","timestamp":"2026-06-17 02:01:37"}
{"level":"info","message":"HTTP Request: GET /ids - Status: 401 - Duration: 0ms - IP: ::1","timestamp":"2026-06-17 02:01:48"}
{"level":"info","message":"HTTP Request: GET /ids - Status: 401 - Duration: 0ms - IP: ::1","timestamp":"2026-06-17 02:01:48"}
{"level":"info","message":"HTTP Request: POST /refresh - Status: 401 - Duration: 0ms - IP: ::1","timestamp":"2026-06-17 02:01:48"}
{"level":"info","message":"HTTP Request: GET /?type=Fresh&page=1&limit=20&lat=15.968056967921283&lng=108.26234798201149 - Status: 304 - Duration: 2ms - IP: ::1","timestamp":"2026-06-17 02:01:48"}
{"level":"info","message":"HTTP Request: GET /?limit=20 - Status: 304 - Duration: 3ms - IP: ::1","timestamp":"2026-06-17 02:01:50"}
{"level":"info","message":"HTTP Request: GET /?limit=17&hasActive=true - Status: 304 - Duration: 17ms - IP: ::1","timestamp":"2026-06-17 02:01:50"}
{"level":"info","message":"HTTP Request: GET /?limit=20 - Status: 304 - Duration: 6ms - IP: ::1","timestamp":"2026-06-17 02:01:50"}
{"level":"info","message":"HTTP Request: GET /fishermen/leaderboard - Status: 304 - Duration: 18ms - IP: ::1","timestamp":"2026-06-17 02:01:50"}
{"level":"info","message":"HTTP Request: GET /fishermen/leaderboard - Status: 304 - Duration: 16ms - IP: ::1","timestamp":"2026-06-17 02:01:50"}
{"level":"info","message":"HTTP Request: GET /ids - Status: 401 - Duration: 2ms - IP: ::1","timestamp":"2026-06-17 02:01:52"}
{"level":"info","message":"HTTP Request: GET /ids - Status: 401 - Duration: 1ms - IP: ::1","timestamp":"2026-06-17 02:01:52"}
{"level":"info","message":"HTTP Request: POST /refresh - Status: 401 - Duration: 1ms - IP: ::1","timestamp":"2026-06-17 02:01:52"}
{"level":"info","message":"HTTP Request: GET /?type=Fresh&page=1&limit=20&lat=15.968056967921283&lng=108.26234798201149 - Status: 304 - Duration: 3ms - IP: ::1","timestamp":"2026-06-17 02:01:52"}
{"level":"info","message":"HTTP Request: GET /?page=1&limit=9 - Status: 304 - Duration: 5ms - IP: ::1","timestamp":"2026-06-17 02:01:57"}
{"level":"info","message":"HTTP Request: GET /?page=1&limit=10 - Status: 304 - Duration: 4ms - IP: ::1","timestamp":"2026-06-17 02:02:01"}
{"level":"info","message":"HTTP Request: GET /?page=1&limit=20 - Status: 304 - Duration: 14ms - IP: ::1","timestamp":"2026-06-17 02:02:03"}
{"level":"info","message":"HTTP Request: GET /my?page=1&limit=5 - Status: 401 - Duration: 1ms - IP: ::1","timestamp":"2026-06-17 02:02:04"}
{"level":"info","message":"HTTP Request: GET /unread-count - Status: 401 - Duration: 1ms - IP: ::1","timestamp":"2026-06-17 02:02:04"}
{"level":"info","message":"HTTP Request: GET /my?page=1&limit=5 - Status: 401 - Duration: 1ms - IP: ::1","timestamp":"2026-06-17 02:02:04"}
{"level":"info","message":"HTTP Request: GET /unread-count - Status: 401 - Duration: 1ms - IP: ::1","timestamp":"2026-06-17 02:02:04"}
{"level":"info","message":"HTTP Request: POST /refresh - Status: 401 - Duration: 0ms - IP: ::1","timestamp":"2026-06-17 02:02:04"}
{"level":"info","message":"HTTP Request: GET / - Status: 401 - Duration: 0ms - IP: ::1","timestamp":"2026-06-17 02:02:04"}
{"level":"info","message":"HTTP Request: GET / - Status: 401 - Duration: 0ms - IP: ::1","timestamp":"2026-06-17 02:02:04"}
{"level":"info","message":"HTTP Request: POST /refresh - Status: 401 - Duration: 0ms - IP: ::1","timestamp":"2026-06-17 02:02:04"}
{"level":"info","message":"HTTP Request: GET /unread-count - Status: 200 - Duration: 4ms - IP: ::1","timestamp":"2026-06-17 02:02:05"}
