{"level":"info","message":"[CRON] Khóa phân tán được thiết lập thành công. Tiến hành hết hạn hải sản tươi...","timestamp":"2026-06-16 00:00:00"}
{"level":"warn","message":"Received SIGINT. Starting Graceful Shutdown...","timestamp":"2026-06-16 00:00:19"}
{"level":"info","message":"HTTP Server stopped accepting new connections.","timestamp":"2026-06-16 00:00:19"}
{"level":"info","message":"✅ MongoDB connected successfully via Mongoose","timestamp":"2026-06-16 00:00:28"}
{"level":"info","message":"✅ Redis connected","timestamp":"2026-06-16 00:00:28"}
{"level":"info","message":"Socket.IO Redis Adapter configured successfully","timestamp":"2026-06-16 00:00:28"}
{"level":"info","message":"⏰ Cronjob expire hải sản tươi đã khởi động (mỗi giờ)","timestamp":"2026-06-16 00:00:28"}
{"level":"info","message":"\n🚀 Server is running on http://localhost:5000","timestamp":"2026-06-16 00:00:28"}
{"level":"info","message":"🔒 Helmet + CSRF + Cookie-based JWT Enabled","timestamp":"2026-06-16 00:00:28"}
{"level":"info","message":"📡 Socket.IO server is ready (cookie-based handshake)","timestamp":"2026-06-16 00:00:28"}
{"level":"info","message":"🗄️  Active Database: MongoDB (NoSQL)\n","timestamp":"2026-06-16 00:00:28"}
{"level":"info","message":"HTTP Request: GET /me - Status: 200 - Duration: 30ms - IP: ::1","timestamp":"2026-06-16 00:00:42"}
{"level":"info","message":"HTTP Request: GET /?limit=20 - Status: 304 - Duration: 13ms - IP: ::1","timestamp":"2026-06-16 00:00:42"}
{"level":"info","message":"HTTP Request: GET /unread-count - Status: 304 - Duration: 18ms - IP: ::1","timestamp":"2026-06-16 00:00:42"}
{"level":"info","message":"HTTP Request: GET / - Status: 304 - Duration: 35ms - IP: ::1","timestamp":"2026-06-16 00:00:42"}
{"level":"info","message":"HTTP Request: GET /?limit=20 - Status: 304 - Duration: 13ms - IP: ::1","timestamp":"2026-06-16 00:00:42"}
{"level":"info","message":"HTTP Request: GET /?limit=17&hasActive=true - Status: 304 - Duration: 61ms - IP: ::1","timestamp":"2026-06-16 00:00:42"}
{"level":"info","message":"HTTP Request: GET /fishermen/leaderboard - Status: 304 - Duration: 36ms - IP: ::1","timestamp":"2026-06-16 00:00:42"}
{"level":"info","message":"HTTP Request: GET /fishermen/leaderboard - Status: 304 - Duration: 17ms - IP: ::1","timestamp":"2026-06-16 00:00:42"}
{"level":"info","message":"HTTP Request: GET /?limit=20 - Status: 304 - Duration: 8ms - IP: ::1","timestamp":"2026-06-16 00:00:43"}
{"level":"info","message":"HTTP Request: GET /?limit=20 - Status: 304 - Duration: 5ms - IP: ::1","timestamp":"2026-06-16 00:00:43"}
{"level":"info","message":"HTTP Request: GET /?limit=17&hasActive=true - Status: 304 - Duration: 27ms - IP: ::1","timestamp":"2026-06-16 00:00:43"}
{"level":"info","message":"HTTP Request: GET /fishermen/leaderboard - Status: 304 - Duration: 19ms - IP: ::1","timestamp":"2026-06-16 00:00:43"}
{"level":"info","message":"HTTP Request: GET /fishermen/leaderboard - Status: 304 - Duration: 22ms - IP: ::1","timestamp":"2026-06-16 00:00:43"}
{"level":"info","message":"HTTP Request: GET /?limit=20 - Status: 304 - Duration: 5ms - IP: ::1","timestamp":"2026-06-16 00:00:44"}
{"level":"info","message":"HTTP Request: GET /?limit=20 - Status: 304 - Duration: 6ms - IP: ::1","timestamp":"2026-06-16 00:00:44"}
{"level":"info","message":"HTTP Request: GET /?limit=17&hasActive=true - Status: 304 - Duration: 22ms - IP: ::1","timestamp":"2026-06-16 00:00:44"}
{"level":"info","message":"HTTP Request: GET /fishermen/leaderboard - Status: 304 - Duration: 18ms - IP: ::1","timestamp":"2026-06-16 00:00:44"}
{"level":"info","message":"HTTP Request: GET /fishermen/leaderboard - Status: 304 - Duration: 14ms - IP: ::1","timestamp":"2026-06-16 00:00:44"}
{"level":"info","message":"HTTP Request: GET /?limit=20 - Status: 304 - Duration: 4ms - IP: ::1","timestamp":"2026-06-16 00:00:44"}
{"level":"info","message":"HTTP Request: GET /?limit=20 - Status: 304 - Duration: 6ms - IP: ::1","timestamp":"2026-06-16 00:00:44"}
{"level":"info","message":"HTTP Request: GET /?limit=17&hasActive=true - Status: 304 - Duration: 17ms - IP: ::1","timestamp":"2026-06-16 00:00:44"}
{"level":"info","message":"HTTP Request: GET /fishermen/leaderboard - Status: 304 - Duration: 15ms - IP: ::1","timestamp":"2026-06-16 00:00:44"}
{"level":"info","message":"HTTP Request: GET /fishermen/leaderboard - Status: 304 - Duration: 17ms - IP: ::1","timestamp":"2026-06-16 00:00:44"}
{"level":"info","message":"HTTP Request: GET /?limit=20 - Status: 304 - Duration: 4ms - IP: ::1","timestamp":"2026-06-16 00:00:45"}
{"level":"info","message":"HTTP Request: GET /?limit=20 - Status: 304 - Duration: 7ms - IP: ::1","timestamp":"2026-06-16 00:00:45"}
{"level":"info","message":"HTTP Request: GET /?limit=17&hasActive=true - Status: 304 - Duration: 18ms - IP: ::1","timestamp":"2026-06-16 00:00:45"}
{"level":"info","message":"HTTP Request: GET /fishermen/leaderboard - Status: 304 - Duration: 15ms - IP: ::1","timestamp":"2026-06-16 00:00:45"}
{"level":"info","message":"HTTP Request: GET /fishermen/leaderboard - Status: 304 - Duration: 13ms - IP: ::1","timestamp":"2026-06-16 00:00:45"}
{"level":"info","message":"HTTP Request: GET /?limit=20 - Status: 304 - Duration: 6ms - IP: ::1","timestamp":"2026-06-16 00:00:45"}
{"level":"info","message":"HTTP Request: GET /?limit=20 - Status: 304 - Duration: 7ms - IP: ::1","timestamp":"2026-06-16 00:00:45"}
{"level":"info","message":"HTTP Request: GET /?limit=17&hasActive=true - Status: 304 - Duration: 20ms - IP: ::1","timestamp":"2026-06-16 00:00:45"}
{"level":"info","message":"HTTP Request: GET /fishermen/leaderboard - Status: 304 - Duration: 15ms - IP: ::1","timestamp":"2026-06-16 00:00:45"}
{"level":"info","message":"HTTP Request: GET /fishermen/leaderboard - Status: 304 - Duration: 14ms - IP: ::1","timestamp":"2026-06-16 00:00:45"}
{"level":"info","message":"HTTP Request: GET /?limit=20 - Status: 304 - Duration: 3ms - IP: ::1","timestamp":"2026-06-16 00:00:46"}
{"level":"info","message":"HTTP Request: GET /?limit=20 - Status: 304 - Duration: 6ms - IP: ::1","timestamp":"2026-06-16 00:00:46"}
{"level":"info","message":"HTTP Request: GET /?limit=17&hasActive=true - Status: 304 - Duration: 23ms - IP: ::1","timestamp":"2026-06-16 00:00:46"}
{"level":"info","message":"HTTP Request: GET /fishermen/leaderboard - Status: 304 - Duration: 18ms - IP: ::1","timestamp":"2026-06-16 00:00:46"}
{"level":"info","message":"HTTP Request: GET /fishermen/leaderboard - Status: 304 - Duration: 14ms - IP: ::1","timestamp":"2026-06-16 00:00:46"}
{"level":"info","message":"HTTP Request: GET /?limit=20 - Status: 304 - Duration: 5ms - IP: ::1","timestamp":"2026-06-16 00:00:46"}
{"level":"info","message":"HTTP Request: GET /?limit=17&hasActive=true - Status: 304 - Duration: 22ms - IP: ::1","timestamp":"2026-06-16 00:00:46"}
{"level":"info","message":"HTTP Request: GET /?limit=20 - Status: 304 - Duration: 10ms - IP: ::1","timestamp":"2026-06-16 00:00:46"}
{"level":"info","message":"HTTP Request: GET /fishermen/leaderboard - Status: 304 - Duration: 16ms - IP: ::1","timestamp":"2026-06-16 00:00:46"}
{"level":"info","message":"HTTP Request: GET /fishermen/leaderboard - Status: 304 - Duration: 16ms - IP: ::1","timestamp":"2026-06-16 00:00:46"}
{"level":"info","message":"HTTP Request: GET /?page=1&limit=10 - Status: 200 - Duration: 8ms - IP: ::1","timestamp":"2026-06-16 00:00:47"}
{"level":"info","message":"HTTP Request: GET /unread-count - Status: 304 - Duration: 5ms - IP: ::1","timestamp":"2026-06-16 00:00:48"}
{"level":"info","message":"HTTP Request: GET /my?page=1&limit=5 - Status: 304 - Duration: 11ms - IP: ::1","timestamp":"2026-06-16 00:00:48"}
{"level":"info","message":"HTTP Request: GET /unread-count - Status: 304 - Duration: 4ms - IP: ::1","timestamp":"2026-06-16 00:00:48"}
{"level":"info","message":"HTTP Request: GET /my?page=1&limit=5 - Status: 304 - Duration: 14ms - IP: ::1","timestamp":"2026-06-16 00:00:48"}
{"level":"info","message":"HTTP Request: GET / - Status: 304 - Duration: 12ms - IP: ::1","timestamp":"2026-06-16 00:00:48"}
{"level":"info","message":"HTTP Request: GET / - Status: 304 - Duration: 4ms - IP: ::1","timestamp":"2026-06-16 00:00:48"}
{"level":"info","message":"HTTP Request: GET /?limit=20 - Status: 304 - Duration: 5ms - IP: ::1","timestamp":"2026-06-16 00:00:48"}
{"level":"info","message":"HTTP Request: GET /?limit=17&hasActive=true - Status: 304 - Duration: 18ms - IP: ::1","timestamp":"2026-06-16 00:00:48"}
{"level":"info","message":"HTTP Request: GET /?limit=20 - Status: 304 - Duration: 7ms - IP: ::1","timestamp":"2026-06-16 00:00:48"}
{"level":"info","message":"HTTP Request: GET /fishermen/leaderboard - Status: 304 - Duration: 18ms - IP: ::1","timestamp":"2026-06-16 00:00:48"}
{"level":"info","message":"HTTP Request: GET /fishermen/leaderboard - Status: 304 - Duration: 16ms - IP: ::1","timestamp":"2026-06-16 00:00:48"}
{"level":"info","message":"HTTP Request: GET /?limit=20 - Status: 304 - Duration: 3ms - IP: ::1","timestamp":"2026-06-16 00:01:40"}
{"level":"info","message":"HTTP Request: GET /?limit=17&hasActive=true - Status: 304 - Duration: 17ms - IP: ::1","timestamp":"2026-06-16 00:01:40"}
{"level":"info","message":"HTTP Request: GET /?limit=20 - Status: 304 - Duration: 4ms - IP: ::1","timestamp":"2026-06-16 00:01:40"}
{"level":"info","message":"HTTP Request: GET /fishermen/leaderboard - Status: 304 - Duration: 17ms - IP: ::1","timestamp":"2026-06-16 00:01:40"}
{"level":"info","message":"HTTP Request: GET /fishermen/leaderboard - Status: 304 - Duration: 18ms - IP: ::1","timestamp":"2026-06-16 00:01:40"}
{"level":"info","message":"HTTP Request: GET /unread-count - Status: 304 - Duration: 4ms - IP: ::1","timestamp":"2026-06-16 00:01:42"}
{"level":"info","message":"HTTP Request: GET /6a2b474a042bc59f0bb53d49 - Status: 200 - Duration: 9ms - IP: ::1","timestamp":"2026-06-16 00:01:43"}
{"level":"info","message":"HTTP Request: GET /6a2b474a042bc59f0bb53d49/profile - Status: 200 - Duration: 32ms - IP: ::1","timestamp":"2026-06-16 00:01:43"}
{"level":"info","message":"HTTP Request: GET /6a2b474a042bc59f0bb53d49 - Status: 304 - Duration: 22ms - IP: ::1","timestamp":"2026-06-16 00:01:43"}
{"level":"info","message":"HTTP Request: GET /?sellerId=6a2b474a042bc59f0bb53d49&limit=100 - Status: 200 - Duration: 73ms - IP: ::1","timestamp":"2026-06-16 00:01:43"}
{"level":"info","message":"HTTP Request: GET /?sellerId=6a2b474a042bc59f0bb53d49&limit=100 - Status: 304 - Duration: 42ms - IP: ::1","timestamp":"2026-06-16 00:01:43"}
{"level":"info","message":"HTTP Request: GET /?limit=20 - Status: 304 - Duration: 16ms - IP: ::1","timestamp":"2026-06-16 00:01:45"}
{"level":"info","message":"HTTP Request: GET /?limit=20 - Status: 304 - Duration: 9ms - IP: ::1","timestamp":"2026-06-16 00:01:45"}
{"level":"info","message":"HTTP Request: GET /?limit=17&hasActive=true - Status: 304 - Duration: 36ms - IP: ::1","timestamp":"2026-06-16 00:01:45"}
{"level":"info","message":"HTTP Request: GET /fishermen/leaderboard - Status: 304 - Duration: 21ms - IP: ::1","timestamp":"2026-06-16 00:01:45"}
{"level":"info","message":"HTTP Request: GET /fishermen/leaderboard - Status: 304 - Duration: 28ms - IP: ::1","timestamp":"2026-06-16 00:01:45"}
{"level":"info","message":"HTTP Request: GET /?limit=20 - Status: 304 - Duration: 9ms - IP: ::1","timestamp":"2026-06-16 00:01:46"}
{"level":"info","message":"HTTP Request: GET /?limit=17&hasActive=true - Status: 304 - Duration: 16ms - IP: ::1","timestamp":"2026-06-16 00:01:46"}
{"level":"info","message":"HTTP Request: GET /?limit=20 - Status: 304 - Duration: 6ms - IP: ::1","timestamp":"2026-06-16 00:01:46"}
{"level":"info","message":"HTTP Request: GET /fishermen/leaderboard - Status: 304 - Duration: 24ms - IP: ::1","timestamp":"2026-06-16 00:01:46"}
{"level":"info","message":"HTTP Request: GET /fishermen/leaderboard - Status: 304 - Duration: 19ms - IP: ::1","timestamp":"2026-06-16 00:01:46"}
{"level":"info","message":"HTTP Request: GET /?limit=20 - Status: 304 - Duration: 3ms - IP: ::1","timestamp":"2026-06-16 00:01:46"}
{"level":"info","message":"HTTP Request: GET /?limit=20 - Status: 304 - Duration: 4ms - IP: ::1","timestamp":"2026-06-16 00:01:46"}
{"level":"info","message":"HTTP Request: GET /?limit=17&hasActive=true - Status: 304 - Duration: 16ms - IP: ::1","timestamp":"2026-06-16 00:01:46"}
{"level":"info","message":"HTTP Request: GET /fishermen/leaderboard - Status: 304 - Duration: 16ms - IP: ::1","timestamp":"2026-06-16 00:01:46"}
{"level":"info","message":"HTTP Request: GET /fishermen/leaderboard - Status: 304 - Duration: 18ms - IP: ::1","timestamp":"2026-06-16 00:01:46"}
{"level":"info","message":"HTTP Request: GET /?limit=20 - Status: 304 - Duration: 4ms - IP: ::1","timestamp":"2026-06-16 00:01:47"}
{"level":"info","message":"HTTP Request: GET /?limit=20 - Status: 304 - Duration: 5ms - IP: ::1","timestamp":"2026-06-16 00:01:47"}
{"level":"info","message":"HTTP Request: GET /?limit=17&hasActive=true - Status: 304 - Duration: 16ms - IP: ::1","timestamp":"2026-06-16 00:01:47"}
{"level":"info","message":"HTTP Request: GET /fishermen/leaderboard - Status: 304 - Duration: 15ms - IP: ::1","timestamp":"2026-06-16 00:01:47"}
{"level":"info","message":"HTTP Request: GET /fishermen/leaderboard - Status: 304 - Duration: 16ms - IP: ::1","timestamp":"2026-06-16 00:01:47"}
{"level":"info","message":"HTTP Request: GET /?limit=20 - Status: 304 - Duration: 5ms - IP: ::1","timestamp":"2026-06-16 00:01:47"}
{"level":"info","message":"HTTP Request: GET /?limit=20 - Status: 304 - Duration: 6ms - IP: ::1","timestamp":"2026-06-16 00:01:47"}
{"level":"info","message":"HTTP Request: GET /?limit=17&hasActive=true - Status: 304 - Duration: 19ms - IP: ::1","timestamp":"2026-06-16 00:01:47"}
{"level":"info","message":"HTTP Request: GET /fishermen/leaderboard - Status: 304 - Duration: 14ms - IP: ::1","timestamp":"2026-06-16 00:01:47"}
{"level":"info","message":"HTTP Request: GET /fishermen/leaderboard - Status: 304 - Duration: 15ms - IP: ::1","timestamp":"2026-06-16 00:01:47"}
{"level":"info","message":"HTTP Request: GET /?limit=20 - Status: 304 - Duration: 5ms - IP: ::1","timestamp":"2026-06-16 00:01:47"}
{"level":"info","message":"HTTP Request: GET /?limit=20 - Status: 304 - Duration: 7ms - IP: ::1","timestamp":"2026-06-16 00:01:47"}
{"level":"info","message":"HTTP Request: GET /?limit=17&hasActive=true - Status: 304 - Duration: 24ms - IP: ::1","timestamp":"2026-06-16 00:01:47"}
{"level":"info","message":"HTTP Request: GET /fishermen/leaderboard - Status: 304 - Duration: 20ms - IP: ::1","timestamp":"2026-06-16 00:01:48"}
{"level":"info","message":"HTTP Request: GET /fishermen/leaderboard - Status: 304 - Duration: 16ms - IP: ::1","timestamp":"2026-06-16 00:01:48"}
{"level":"info","message":"HTTP Request: GET /?limit=20 - Status: 304 - Duration: 4ms - IP: ::1","timestamp":"2026-06-16 00:01:48"}
{"level":"info","message":"HTTP Request: GET /?limit=17&hasActive=true - Status: 304 - Duration: 16ms - IP: ::1","timestamp":"2026-06-16 00:01:48"}
{"level":"info","message":"HTTP Request: GET /?limit=20 - Status: 304 - Duration: 6ms - IP: ::1","timestamp":"2026-06-16 00:01:48"}
{"level":"info","message":"HTTP Request: GET /fishermen/leaderboard - Status: 304 - Duration: 18ms - IP: ::1","timestamp":"2026-06-16 00:01:48"}
{"level":"info","message":"HTTP Request: GET /fishermen/leaderboard - Status: 304 - Duration: 16ms - IP: ::1","timestamp":"2026-06-16 00:01:48"}
{"level":"info","message":"HTTP Request: GET /?limit=20 - Status: 304 - Duration: 4ms - IP: ::1","timestamp":"2026-06-16 00:01:48"}
{"level":"info","message":"HTTP Request: GET /?limit=20 - Status: 304 - Duration: 6ms - IP: ::1","timestamp":"2026-06-16 00:01:48"}
{"level":"info","message":"HTTP Request: GET /?limit=17&hasActive=true - Status: 304 - Duration: 18ms - IP: ::1","timestamp":"2026-06-16 00:01:48"}
{"level":"info","message":"HTTP Request: GET /fishermen/leaderboard - Status: 304 - Duration: 15ms - IP: ::1","timestamp":"2026-06-16 00:01:48"}
{"level":"info","message":"HTTP Request: GET /fishermen/leaderboard - Status: 304 - Duration: 15ms - IP: ::1","timestamp":"2026-06-16 00:01:48"}
{"level":"info","message":"HTTP Request: GET /?limit=20 - Status: 304 - Duration: 4ms - IP: ::1","timestamp":"2026-06-16 00:01:48"}
{"level":"info","message":"HTTP Request: GET /?limit=20 - Status: 304 - Duration: 7ms - IP: ::1","timestamp":"2026-06-16 00:01:48"}
{"level":"info","message":"HTTP Request: GET /?limit=17&hasActive=true - Status: 304 - Duration: 30ms - IP: ::1","timestamp":"2026-06-16 00:01:48"}
{"level":"info","message":"HTTP Request: GET /fishermen/leaderboard - Status: 304 - Duration: 14ms - IP: ::1","timestamp":"2026-06-16 00:01:48"}
{"level":"info","message":"HTTP Request: GET /fishermen/leaderboard - Status: 304 - Duration: 20ms - IP: ::1","timestamp":"2026-06-16 00:01:48"}
{"level":"info","message":"HTTP Request: GET /?limit=20 - Status: 304 - Duration: 3ms - IP: ::1","timestamp":"2026-06-16 00:01:48"}
{"level":"info","message":"HTTP Request: GET /?limit=17&hasActive=true - Status: 304 - Duration: 11ms - IP: ::1","timestamp":"2026-06-16 00:01:48"}
{"level":"info","message":"HTTP Request: GET /?limit=20 - Status: 304 - Duration: 6ms - IP: ::1","timestamp":"2026-06-16 00:01:48"}
{"level":"info","message":"HTTP Request: GET /fishermen/leaderboard - Status: 304 - Duration: 15ms - IP: ::1","timestamp":"2026-06-16 00:01:48"}
{"level":"info","message":"HTTP Request: GET /fishermen/leaderboard - Status: 304 - Duration: 13ms - IP: ::1","timestamp":"2026-06-16 00:01:48"}
{"level":"info","message":"HTTP Request: GET /?limit=20 - Status: 304 - Duration: 6ms - IP: ::1","timestamp":"2026-06-16 00:01:48"}
{"level":"info","message":"HTTP Request: GET /?limit=17&hasActive=true - Status: 304 - Duration: 18ms - IP: ::1","timestamp":"2026-06-16 00:01:48"}
{"level":"info","message":"HTTP Request: GET /?limit=20 - Status: 304 - Duration: 5ms - IP: ::1","timestamp":"2026-06-16 00:01:48"}
{"level":"info","message":"HTTP Request: GET /fishermen/leaderboard - Status: 304 - Duration: 14ms - IP: ::1","timestamp":"2026-06-16 00:01:48"}
{"level":"info","message":"HTTP Request: GET /fishermen/leaderboard - Status: 304 - Duration: 15ms - IP: ::1","timestamp":"2026-06-16 00:01:48"}
{"level":"info","message":"HTTP Request: GET /?limit=20 - Status: 304 - Duration: 3ms - IP: ::1","timestamp":"2026-06-16 00:01:49"}
{"level":"info","message":"HTTP Request: GET /?limit=17&hasActive=true - Status: 304 - Duration: 13ms - IP: ::1","timestamp":"2026-06-16 00:01:49"}
{"level":"info","message":"HTTP Request: GET /?limit=20 - Status: 304 - Duration: 5ms - IP: ::1","timestamp":"2026-06-16 00:01:49"}
{"level":"info","message":"HTTP Request: GET /fishermen/leaderboard - Status: 304 - Duration: 15ms - IP: ::1","timestamp":"2026-06-16 00:01:49"}
{"level":"info","message":"HTTP Request: GET /fishermen/leaderboard - Status: 304 - Duration: 16ms - IP: ::1","timestamp":"2026-06-16 00:01:49"}
{"level":"info","message":"HTTP Request: GET /?limit=20 - Status: 304 - Duration: 4ms - IP: ::1","timestamp":"2026-06-16 00:01:49"}
{"level":"info","message":"HTTP Request: GET /?limit=17&hasActive=true - Status: 304 - Duration: 14ms - IP: ::1","timestamp":"2026-06-16 00:01:49"}
{"level":"info","message":"HTTP Request: GET /?limit=20 - Status: 304 - Duration: 5ms - IP: ::1","timestamp":"2026-06-16 00:01:49"}
{"level":"info","message":"HTTP Request: GET /fishermen/leaderboard - Status: 304 - Duration: 15ms - IP: ::1","timestamp":"2026-06-16 00:01:49"}
{"level":"info","message":"HTTP Request: GET /fishermen/leaderboard - Status: 304 - Duration: 14ms - IP: ::1","timestamp":"2026-06-16 00:01:49"}
{"level":"info","message":"HTTP Request: GET /?limit=20 - Status: 304 - Duration: 4ms - IP: ::1","timestamp":"2026-06-16 00:01:49"}
{"level":"info","message":"HTTP Request: GET /?limit=17&hasActive=true - Status: 304 - Duration: 15ms - IP: ::1","timestamp":"2026-06-16 00:01:49"}
{"level":"info","message":"HTTP Request: GET /?limit=20 - Status: 304 - Duration: 8ms - IP: ::1","timestamp":"2026-06-16 00:01:49"}
{"level":"info","message":"HTTP Request: GET /fishermen/leaderboard - Status: 304 - Duration: 19ms - IP: ::1","timestamp":"2026-06-16 00:01:49"}
{"level":"info","message":"HTTP Request: GET /fishermen/leaderboard - Status: 304 - Duration: 12ms - IP: ::1","timestamp":"2026-06-16 00:01:49"}
{"level":"info","message":"HTTP Request: GET /?limit=20 - Status: 304 - Duration: 5ms - IP: ::1","timestamp":"2026-06-16 00:01:49"}
{"level":"info","message":"HTTP Request: GET /?limit=17&hasActive=true - Status: 304 - Duration: 15ms - IP: ::1","timestamp":"2026-06-16 00:01:49"}
{"level":"info","message":"HTTP Request: GET /?limit=20 - Status: 304 - Duration: 3ms - IP: ::1","timestamp":"2026-06-16 00:01:49"}
{"level":"info","message":"HTTP Request: GET /fishermen/leaderboard - Status: 304 - Duration: 15ms - IP: ::1","timestamp":"2026-06-16 00:01:49"}
{"level":"info","message":"HTTP Request: GET /fishermen/leaderboard - Status: 304 - Duration: 19ms - IP: ::1","timestamp":"2026-06-16 00:01:49"}
{"level":"info","message":"HTTP Request: GET /?limit=20 - Status: 304 - Duration: 4ms - IP: ::1","timestamp":"2026-06-16 00:01:50"}
{"level":"info","message":"HTTP Request: GET /?limit=20 - Status: 304 - Duration: 4ms - IP: ::1","timestamp":"2026-06-16 00:01:50"}
{"level":"info","message":"HTTP Request: GET /?limit=17&hasActive=true - Status: 304 - Duration: 17ms - IP: ::1","timestamp":"2026-06-16 00:01:50"}
{"level":"info","message":"HTTP Request: GET /fishermen/leaderboard - Status: 304 - Duration: 13ms - IP: ::1","timestamp":"2026-06-16 00:01:50"}
{"level":"info","message":"HTTP Request: GET /fishermen/leaderboard - Status: 304 - Duration: 13ms - IP: ::1","timestamp":"2026-06-16 00:01:50"}
{"level":"info","message":"HTTP Request: GET /?limit=20 - Status: 304 - Duration: 4ms - IP: ::1","timestamp":"2026-06-16 00:01:50"}
{"level":"info","message":"HTTP Request: GET /?limit=20 - Status: 304 - Duration: 5ms - IP: ::1","timestamp":"2026-06-16 00:01:50"}
{"level":"info","message":"HTTP Request: GET /?limit=17&hasActive=true - Status: 304 - Duration: 16ms - IP: ::1","timestamp":"2026-06-16 00:01:50"}
{"level":"info","message":"HTTP Request: GET /fishermen/leaderboard - Status: 304 - Duration: 14ms - IP: ::1","timestamp":"2026-06-16 00:01:50"}
{"level":"info","message":"HTTP Request: GET /fishermen/leaderboard - Status: 304 - Duration: 16ms - IP: ::1","timestamp":"2026-06-16 00:01:50"}
{"level":"info","message":"HTTP Request: GET /?limit=20 - Status: 304 - Duration: 2ms - IP: ::1","timestamp":"2026-06-16 00:01:50"}
{"level":"info","message":"HTTP Request: GET /?limit=17&hasActive=true - Status: 304 - Duration: 15ms - IP: ::1","timestamp":"2026-06-16 00:01:50"}
{"level":"info","message":"HTTP Request: GET /?limit=20 - Status: 304 - Duration: 6ms - IP: ::1","timestamp":"2026-06-16 00:01:50"}
{"level":"info","message":"HTTP Request: GET /fishermen/leaderboard - Status: 304 - Duration: 15ms - IP: ::1","timestamp":"2026-06-16 00:01:50"}
{"level":"info","message":"HTTP Request: GET /fishermen/leaderboard - Status: 304 - Duration: 13ms - IP: ::1","timestamp":"2026-06-16 00:01:50"}
{"level":"info","message":"HTTP Request: GET /?limit=20 - Status: 304 - Duration: 2ms - IP: ::1","timestamp":"2026-06-16 00:01:50"}
{"level":"info","message":"HTTP Request: GET /?limit=17&hasActive=true - Status: 304 - Duration: 14ms - IP: ::1","timestamp":"2026-06-16 00:01:50"}
{"level":"info","message":"HTTP Request: GET /?limit=20 - Status: 304 - Duration: 5ms - IP: ::1","timestamp":"2026-06-16 00:01:50"}
{"level":"info","message":"HTTP Request: GET /fishermen/leaderboard - Status: 304 - Duration: 13ms - IP: ::1","timestamp":"2026-06-16 00:01:50"}
{"level":"info","message":"HTTP Request: GET /fishermen/leaderboard - Status: 304 - Duration: 15ms - IP: ::1","timestamp":"2026-06-16 00:01:50"}
{"level":"info","message":"HTTP Request: GET /?limit=20 - Status: 304 - Duration: 3ms - IP: ::1","timestamp":"2026-06-16 00:01:51"}
{"level":"info","message":"HTTP Request: GET /?limit=20 - Status: 304 - Duration: 4ms - IP: ::1","timestamp":"2026-06-16 00:01:51"}
{"level":"info","message":"HTTP Request: GET /?limit=17&hasActive=true - Status: 304 - Duration: 19ms - IP: ::1","timestamp":"2026-06-16 00:01:51"}
{"level":"info","message":"HTTP Request: GET /fishermen/leaderboard - Status: 304 - Duration: 16ms - IP: ::1","timestamp":"2026-06-16 00:01:51"}
{"level":"info","message":"HTTP Request: GET /fishermen/leaderboard - Status: 304 - Duration: 15ms - IP: ::1","timestamp":"2026-06-16 00:01:51"}
{"level":"info","message":"HTTP Request: GET /?limit=20 - Status: 304 - Duration: 4ms - IP: ::1","timestamp":"2026-06-16 00:01:52"}
{"level":"info","message":"HTTP Request: GET /?limit=20 - Status: 304 - Duration: 4ms - IP: ::1","timestamp":"2026-06-16 00:01:52"}
{"level":"info","message":"HTTP Request: GET /?limit=17&hasActive=true - Status: 304 - Duration: 16ms - IP: ::1","timestamp":"2026-06-16 00:01:52"}
{"level":"info","message":"HTTP Request: GET /fishermen/leaderboard - Status: 304 - Duration: 16ms - IP: ::1","timestamp":"2026-06-16 00:01:52"}
{"level":"info","message":"HTTP Request: GET /fishermen/leaderboard - Status: 304 - Duration: 14ms - IP: ::1","timestamp":"2026-06-16 00:01:52"}
{"level":"info","message":"HTTP Request: GET /?limit=20 - Status: 304 - Duration: 4ms - IP: ::1","timestamp":"2026-06-16 00:01:53"}
{"level":"info","message":"HTTP Request: GET /?limit=17&hasActive=true - Status: 304 - Duration: 12ms - IP: ::1","timestamp":"2026-06-16 00:01:53"}
{"level":"info","message":"HTTP Request: GET /?limit=20 - Status: 304 - Duration: 4ms - IP: ::1","timestamp":"2026-06-16 00:01:53"}
{"level":"info","message":"HTTP Request: GET /fishermen/leaderboard - Status: 304 - Duration: 15ms - IP: ::1","timestamp":"2026-06-16 00:01:53"}
{"level":"info","message":"HTTP Request: GET /fishermen/leaderboard - Status: 304 - Duration: 13ms - IP: ::1","timestamp":"2026-06-16 00:01:53"}
{"level":"info","message":"✅ MongoDB connected successfully via Mongoose","timestamp":"2026-06-16 08:27:54"}
{"level":"info","message":"✅ Redis connected","timestamp":"2026-06-16 08:27:54"}
{"level":"info","message":"Socket.IO Redis Adapter configured successfully","timestamp":"2026-06-16 08:27:54"}
{"level":"info","message":"⏰ Cronjob expire hải sản tươi đã khởi động (mỗi giờ)","timestamp":"2026-06-16 08:27:54"}
{"level":"info","message":"\n🚀 Server is running on http://localhost:5000","timestamp":"2026-06-16 08:27:54"}
{"level":"info","message":"🔒 Helmet + CSRF + Cookie-based JWT Enabled","timestamp":"2026-06-16 08:27:54"}
{"level":"info","message":"📡 Socket.IO server is ready (cookie-based handshake)","timestamp":"2026-06-16 08:27:54"}
{"level":"info","message":"🗄️  Active Database: MongoDB (NoSQL)\n","timestamp":"2026-06-16 08:27:54"}
{"level":"info","message":"[CRON] Khóa phân tán được thiết lập thành công. Tiến hành hết hạn hải sản tươi...","timestamp":"2026-06-16 08:27:54"}
{"level":"info","message":"⏰ [CRON] Đã hết hạn 276 bài hải sản tươi","timestamp":"2026-06-16 08:27:54"}
{"level":"info","message":"HTTP Request: GET /me - Status: 401 - Duration: 27ms - IP: ::1","timestamp":"2026-06-16 08:28:10"}
{"level":"info","message":"HTTP Request: POST /refresh - Status: 401 - Duration: 3ms - IP: ::1","timestamp":"2026-06-16 08:28:10"}
{"level":"info","message":"HTTP Request: GET /?limit=20 - Status: 304 - Duration: 29ms - IP: ::1","timestamp":"2026-06-16 08:28:10"}
{"level":"info","message":"HTTP Request: GET /?limit=17&hasActive=true - Status: 200 - Duration: 124ms - IP: ::1","timestamp":"2026-06-16 08:28:10"}
{"level":"info","message":"HTTP Request: GET /?limit=20 - Status: 304 - Duration: 26ms - IP: ::1","timestamp":"2026-06-16 08:28:10"}
{"level":"info","message":"HTTP Request: GET /fishermen/leaderboard - Status: 200 - Duration: 50ms - IP: ::1","timestamp":"2026-06-16 08:28:11"}
{"level":"info","message":"HTTP Request: GET /fishermen/leaderboard - Status: 304 - Duration: 51ms - IP: ::1","timestamp":"2026-06-16 08:28:11"}
{"level":"info","message":"HTTP Request: GET /?limit=20 - Status: 304 - Duration: 9ms - IP: ::1","timestamp":"2026-06-16 08:28:13"}
{"level":"info","message":"HTTP Request: GET /?limit=20 - Status: 304 - Duration: 16ms - IP: ::1","timestamp":"2026-06-16 08:28:13"}
{"level":"info","message":"HTTP Request: GET /?limit=17&hasActive=true - Status: 304 - Duration: 42ms - IP: ::1","timestamp":"2026-06-16 08:28:13"}
{"level":"info","message":"HTTP Request: GET /fishermen/leaderboard - Status: 304 - Duration: 34ms - IP: ::1","timestamp":"2026-06-16 08:28:13"}
{"level":"info","message":"HTTP Request: GET /fishermen/leaderboard - Status: 304 - Duration: 33ms - IP: ::1","timestamp":"2026-06-16 08:28:13"}
{"level":"info","message":"HTTP Request: GET /?limit=20 - Status: 304 - Duration: 10ms - IP: ::1","timestamp":"2026-06-16 08:28:14"}
{"level":"info","message":"HTTP Request: GET /?limit=20 - Status: 304 - Duration: 17ms - IP: ::1","timestamp":"2026-06-16 08:28:14"}
{"level":"info","message":"HTTP Request: GET /?limit=17&hasActive=true - Status: 304 - Duration: 52ms - IP: ::1","timestamp":"2026-06-16 08:28:14"}
{"level":"info","message":"HTTP Request: GET /fishermen/leaderboard - Status: 304 - Duration: 39ms - IP: ::1","timestamp":"2026-06-16 08:28:14"}
{"level":"info","message":"HTTP Request: GET /fishermen/leaderboard - Status: 304 - Duration: 31ms - IP: ::1","timestamp":"2026-06-16 08:28:14"}
{"level":"info","message":"HTTP Request: GET /?type=Fresh&page=1&limit=20&lat=15.968056967921283&lng=108.26234798201149 - Status: 200 - Duration: 68ms - IP: ::1","timestamp":"2026-06-16 08:28:18"}
{"level":"info","message":"HTTP Request: GET /6a3025278db962974ae996fb - Status: 200 - Duration: 35ms - IP: ::1","timestamp":"2026-06-16 08:28:18"}
{"level":"info","message":"HTTP Request: GET /6a3025278db962974ae996fb - Status: 200 - Duration: 13ms - IP: ::1","timestamp":"2026-06-16 08:28:19"}
{"level":"info","message":"HTTP Request: GET /seller/6a2b474a042bc59f0bb53d47 - Status: 304 - Duration: 14ms - IP: ::1","timestamp":"2026-06-16 08:28:19"}
{"level":"info","message":"HTTP Request: GET /6a3025278db962974ae996fb - Status: 200 - Duration: 7ms - IP: ::1","timestamp":"2026-06-16 08:28:19"}
{"level":"info","message":"HTTP Request: GET /seller/6a2b474a042bc59f0bb53d47 - Status: 304 - Duration: 13ms - IP: ::1","timestamp":"2026-06-16 08:28:19"}
{"level":"info","message":"HTTP Request: GET /6a3025278db962974ae996fb - Status: 200 - Duration: 4ms - IP: ::1","timestamp":"2026-06-16 08:28:19"}
{"level":"info","message":"HTTP Request: GET /?limit=20 - Status: 304 - Duration: 9ms - IP: ::1","timestamp":"2026-06-16 08:28:34"}
{"level":"info","message":"HTTP Request: GET /?limit=17&hasActive=true - Status: 304 - Duration: 27ms - IP: ::1","timestamp":"2026-06-16 08:28:34"}
{"level":"info","message":"HTTP Request: GET /?limit=20 - Status: 304 - Duration: 13ms - IP: ::1","timestamp":"2026-06-16 08:28:34"}
{"level":"info","message":"HTTP Request: GET /fishermen/leaderboard - Status: 304 - Duration: 33ms - IP: ::1","timestamp":"2026-06-16 08:28:34"}
{"level":"info","message":"HTTP Request: GET /fishermen/leaderboard - Status: 304 - Duration: 26ms - IP: ::1","timestamp":"2026-06-16 08:28:34"}
{"level":"info","message":"HTTP Request: GET /?type=Fresh&page=1&limit=20&lat=15.968056967921283&lng=108.26234798201149 - Status: 304 - Duration: 5ms - IP: ::1","timestamp":"2026-06-16 08:28:35"}
{"level":"info","message":"HTTP Request: GET /?type=Fresh&page=1&limit=20&lat=15.968056967921283&lng=108.26234798201149 - Status: 304 - Duration: 4ms - IP: ::1","timestamp":"2026-06-16 08:35:21"}
{"level":"info","message":"HTTP Request: GET /?page=1&limit=9 - Status: 304 - Duration: 66ms - IP: ::1","timestamp":"2026-06-16 09:05:14"}
{"level":"info","message":"HTTP Request: GET /?limit=20 - Status: 304 - Duration: 17ms - IP: ::1","timestamp":"2026-06-16 09:05:15"}
{"level":"info","message":"HTTP Request: GET /?limit=17&hasActive=true - Status: 304 - Duration: 83ms - IP: ::1","timestamp":"2026-06-16 09:05:16"}
{"level":"info","message":"HTTP Request: GET /?limit=20 - Status: 304 - Duration: 19ms - IP: ::1","timestamp":"2026-06-16 09:05:16"}
{"level":"info","message":"HTTP Request: GET /fishermen/leaderboard - Status: 304 - Duration: 64ms - IP: ::1","timestamp":"2026-06-16 09:05:16"}
{"level":"info","message":"HTTP Request: GET /fishermen/leaderboard - Status: 304 - Duration: 66ms - IP: ::1","timestamp":"2026-06-16 09:05:16"}
{"level":"info","message":"HTTP Request: GET /?page=1&limit=10 - Status: 200 - Duration: 33ms - IP: ::1","timestamp":"2026-06-16 09:05:16"}
{"level":"info","message":"HTTP Request: GET /?type=Fresh&page=1&limit=20&lat=15.968056967921283&lng=108.26234798201149 - Status: 200 - Duration: 69ms - IP: ::1","timestamp":"2026-06-16 09:05:17"}
{"level":"info","message":"HTTP Request: GET /?limit=20 - Status: 304 - Duration: 12ms - IP: ::1","timestamp":"2026-06-16 09:05:18"}
{"level":"info","message":"HTTP Request: GET /?limit=17&hasActive=true - Status: 304 - Duration: 66ms - IP: ::1","timestamp":"2026-06-16 09:05:18"}
{"level":"info","message":"HTTP Request: GET /?limit=20 - Status: 304 - Duration: 14ms - IP: ::1","timestamp":"2026-06-16 09:05:18"}
{"level":"info","message":"HTTP Request: GET /fishermen/leaderboard - Status: 304 - Duration: 90ms - IP: ::1","timestamp":"2026-06-16 09:05:18"}
{"level":"info","message":"HTTP Request: GET /fishermen/leaderboard - Status: 304 - Duration: 76ms - IP: ::1","timestamp":"2026-06-16 09:05:18"}
{"level":"info","message":"HTTP Request: GET /?page=1&limit=9 - Status: 304 - Duration: 37ms - IP: ::1","timestamp":"2026-06-16 09:05:19"}
{"level":"info","message":"HTTP Request: GET /?page=1&limit=10 - Status: 200 - Duration: 12ms - IP: ::1","timestamp":"2026-06-16 09:05:19"}
{"level":"info","message":"HTTP Request: GET /?page=1&limit=9 - Status: 304 - Duration: 20ms - IP: ::1","timestamp":"2026-06-16 09:05:20"}
{"level":"info","message":"HTTP Request: GET /?page=1&limit=10 - Status: 200 - Duration: 15ms - IP: ::1","timestamp":"2026-06-16 09:05:20"}
{"level":"info","message":"✅ MongoDB connected successfully via Mongoose","timestamp":"2026-06-16 09:07:22"}
{"level":"info","message":"✅ Redis connected","timestamp":"2026-06-16 09:07:22"}
{"level":"info","message":"Socket.IO Redis Adapter configured successfully","timestamp":"2026-06-16 09:07:22"}
{"level":"info","message":"⏰ Cronjob expire hải sản tươi đã khởi động (mỗi giờ)","timestamp":"2026-06-16 09:07:22"}
{"level":"info","message":"\n🚀 Server is running on http://localhost:5000","timestamp":"2026-06-16 09:07:22"}
{"level":"info","message":"🔒 Helmet + CSRF + Cookie-based JWT Enabled","timestamp":"2026-06-16 09:07:22"}
{"level":"info","message":"📡 Socket.IO server is ready (cookie-based handshake)","timestamp":"2026-06-16 09:07:22"}
{"level":"info","message":"🗄️  Active Database: MongoDB (NoSQL)\n","timestamp":"2026-06-16 09:07:22"}
{"level":"info","message":"HTTP Request: GET /me - Status: 401 - Duration: 82ms - IP: ::1","timestamp":"2026-06-16 09:07:42"}
{"level":"info","message":"HTTP Request: POST /refresh - Status: 401 - Duration: 13ms - IP: ::1","timestamp":"2026-06-16 09:07:42"}
{"level":"info","message":"HTTP Request: GET /?limit=20 - Status: 304 - Duration: 189ms - IP: ::1","timestamp":"2026-06-16 09:07:43"}
{"level":"info","message":"HTTP Request: GET /?limit=20 - Status: 304 - Duration: 43ms - IP: ::1","timestamp":"2026-06-16 09:07:43"}
{"level":"info","message":"HTTP Request: GET /?limit=17&hasActive=true - Status: 304 - Duration: 351ms - IP: ::1","timestamp":"2026-06-16 09:07:43"}
{"level":"info","message":"HTTP Request: GET /fishermen/leaderboard - Status: 304 - Duration: 267ms - IP: ::1","timestamp":"2026-06-16 09:07:43"}
{"level":"info","message":"HTTP Request: GET /fishermen/leaderboard - Status: 304 - Duration: 58ms - IP: ::1","timestamp":"2026-06-16 09:07:44"}
{"level":"info","message":"HTTP Request: GET /?type=Fresh&page=1&limit=20&lat=15.968056967921283&lng=108.26234798201149 - Status: 304 - Duration: 27ms - IP: ::1","timestamp":"2026-06-16 09:07:46"}
{"level":"info","message":"HTTP Request: GET /?limit=20 - Status: 304 - Duration: 28ms - IP: ::1","timestamp":"2026-06-16 09:07:46"}
{"level":"info","message":"HTTP Request: GET /?limit=20 - Status: 304 - Duration: 62ms - IP: ::1","timestamp":"2026-06-16 09:07:46"}
{"level":"info","message":"HTTP Request: GET /?limit=17&hasActive=true - Status: 304 - Duration: 137ms - IP: ::1","timestamp":"2026-06-16 09:07:46"}
{"level":"info","message":"HTTP Request: GET /fishermen/leaderboard - Status: 304 - Duration: 113ms - IP: ::1","timestamp":"2026-06-16 09:07:46"}
{"level":"info","message":"HTTP Request: GET /fishermen/leaderboard - Status: 304 - Duration: 106ms - IP: ::1","timestamp":"2026-06-16 09:07:46"}
{"level":"info","message":"HTTP Request: GET /?type=Fresh&page=1&limit=20&lat=15.968056967921283&lng=108.26234798201149 - Status: 304 - Duration: 24ms - IP: ::1","timestamp":"2026-06-16 09:07:47"}
{"level":"info","message":"HTTP Request: GET /?limit=20 - Status: 304 - Duration: 21ms - IP: ::1","timestamp":"2026-06-16 09:07:48"}
{"level":"info","message":"HTTP Request: GET /?limit=20 - Status: 304 - Duration: 104ms - IP: ::1","timestamp":"2026-06-16 09:07:48"}
{"level":"info","message":"HTTP Request: GET /?limit=17&hasActive=true - Status: 304 - Duration: 194ms - IP: ::1","timestamp":"2026-06-16 09:07:48"}
{"level":"info","message":"HTTP Request: GET /fishermen/leaderboard - Status: 304 - Duration: 257ms - IP: ::1","timestamp":"2026-06-16 09:07:48"}
{"level":"info","message":"HTTP Request: GET /fishermen/leaderboard - Status: 304 - Duration: 202ms - IP: ::1","timestamp":"2026-06-16 09:07:49"}
{"level":"info","message":"HTTP Request: GET /?type=Fresh&page=1&limit=20&lat=15.968056967921283&lng=108.26234798201149 - Status: 304 - Duration: 21ms - IP: ::1","timestamp":"2026-06-16 09:07:49"}
{"level":"info","message":"HTTP Request: GET /?limit=20 - Status: 304 - Duration: 11ms - IP: ::1","timestamp":"2026-06-16 09:07:50"}
{"level":"info","message":"HTTP Request: GET /?limit=20 - Status: 304 - Duration: 33ms - IP: ::1","timestamp":"2026-06-16 09:07:50"}
{"level":"info","message":"HTTP Request: GET /?limit=17&hasActive=true - Status: 304 - Duration: 107ms - IP: ::1","timestamp":"2026-06-16 09:07:51"}
{"level":"info","message":"HTTP Request: GET /fishermen/leaderboard - Status: 304 - Duration: 221ms - IP: ::1","timestamp":"2026-06-16 09:07:51"}
{"level":"info","message":"HTTP Request: GET /fishermen/leaderboard - Status: 304 - Duration: 120ms - IP: ::1","timestamp":"2026-06-16 09:07:51"}
{"level":"info","message":"HTTP Request: GET /?type=Fresh&page=1&limit=20&lat=15.968056967921283&lng=108.26234798201149 - Status: 304 - Duration: 21ms - IP: ::1","timestamp":"2026-06-16 09:07:51"}
{"level":"info","message":"HTTP Request: GET /?page=1&limit=9 - Status: 304 - Duration: 95ms - IP: ::1","timestamp":"2026-06-16 09:07:53"}
{"level":"info","message":"HTTP Request: GET /?page=1&limit=10 - Status: 200 - Duration: 26ms - IP: ::1","timestamp":"2026-06-16 09:07:54"}
{"level":"info","message":"HTTP Request: GET /?limit=20 - Status: 304 - Duration: 26ms - IP: ::1","timestamp":"2026-06-16 09:07:55"}
{"level":"info","message":"HTTP Request: GET /?limit=20 - Status: 304 - Duration: 96ms - IP: ::1","timestamp":"2026-06-16 09:07:55"}
{"level":"info","message":"HTTP Request: GET /?limit=17&hasActive=true - Status: 304 - Duration: 285ms - IP: ::1","timestamp":"2026-06-16 09:07:55"}
{"level":"info","message":"HTTP Request: GET /fishermen/leaderboard - Status: 304 - Duration: 204ms - IP: ::1","timestamp":"2026-06-16 09:07:55"}
{"level":"info","message":"HTTP Request: GET /fishermen/leaderboard - Status: 304 - Duration: 126ms - IP: ::1","timestamp":"2026-06-16 09:07:56"}
{"level":"info","message":"HTTP Request: GET /?page=1&limit=10 - Status: 200 - Duration: 18ms - IP: ::1","timestamp":"2026-06-16 09:07:56"}
{"level":"info","message":"HTTP Request: GET /?page=1&limit=9 - Status: 304 - Duration: 34ms - IP: ::1","timestamp":"2026-06-16 09:07:56"}
{"level":"info","message":"HTTP Request: GET /?page=1&limit=10 - Status: 200 - Duration: 36ms - IP: ::1","timestamp":"2026-06-16 09:07:57"}
{"level":"info","message":"HTTP Request: GET /?type=Fresh&page=1&limit=20&lat=15.968056967921283&lng=108.26234798201149 - Status: 304 - Duration: 22ms - IP: ::1","timestamp":"2026-06-16 09:07:58"}
{"level":"info","message":"HTTP Request: GET /?page=1&limit=9 - Status: 304 - Duration: 52ms - IP: ::1","timestamp":"2026-06-16 09:07:58"}
{"level":"info","message":"HTTP Request: GET /?page=1&limit=10 - Status: 200 - Duration: 23ms - IP: ::1","timestamp":"2026-06-16 09:07:58"}
{"level":"info","message":"HTTP Request: GET /?type=Fresh&page=1&limit=20&lat=15.968056967921283&lng=108.26234798201149 - Status: 304 - Duration: 24ms - IP: ::1","timestamp":"2026-06-16 09:07:59"}
{"level":"info","message":"HTTP Request: GET /?page=1&limit=9 - Status: 304 - Duration: 63ms - IP: ::1","timestamp":"2026-06-16 09:07:59"}
{"level":"info","message":"HTTP Request: GET /?page=1&limit=10 - Status: 200 - Duration: 20ms - IP: ::1","timestamp":"2026-06-16 09:08:00"}
{"level":"info","message":"HTTP Request: GET /?type=Fresh&page=1&limit=20&lat=15.968056967921283&lng=108.26234798201149 - Status: 304 - Duration: 23ms - IP: ::1","timestamp":"2026-06-16 09:08:00"}
{"level":"info","message":"HTTP Request: GET /?page=1&limit=9 - Status: 304 - Duration: 162ms - IP: ::1","timestamp":"2026-06-16 09:08:01"}
{"level":"info","message":"HTTP Request: GET /?page=1&limit=10 - Status: 200 - Duration: 22ms - IP: ::1","timestamp":"2026-06-16 09:08:01"}
{"level":"info","message":"HTTP Request: GET /?page=1&limit=9 - Status: 304 - Duration: 30ms - IP: ::1","timestamp":"2026-06-16 09:08:01"}
{"level":"info","message":"HTTP Request: GET /?type=Fresh&page=1&limit=20&lat=15.968056967921283&lng=108.26234798201149 - Status: 304 - Duration: 16ms - IP: ::1","timestamp":"2026-06-16 09:08:02"}
{"level":"info","message":"HTTP Request: GET /?page=1&limit=10 - Status: 200 - Duration: 18ms - IP: ::1","timestamp":"2026-06-16 09:08:02"}
{"level":"info","message":"HTTP Request: GET /me - Status: 401 - Duration: 1ms - IP: ::1","timestamp":"2026-06-16 09:13:27"}
{"level":"info","message":"HTTP Request: GET /me - Status: 401 - Duration: 1ms - IP: ::1","timestamp":"2026-06-16 09:13:27"}
{"level":"info","message":"HTTP Request: POST /refresh - Status: 401 - Duration: 1ms - IP: ::1","timestamp":"2026-06-16 09:13:27"}
{"level":"info","message":"HTTP Request: GET /?limit=20 - Status: 304 - Duration: 21ms - IP: ::1","timestamp":"2026-06-16 09:13:28"}
{"level":"info","message":"HTTP Request: GET /?limit=20 - Status: 304 - Duration: 13ms - IP: ::1","timestamp":"2026-06-16 09:13:28"}
{"level":"info","message":"HTTP Request: GET /?limit=17&hasActive=true - Status: 200 - Duration: 71ms - IP: ::1","timestamp":"2026-06-16 09:13:28"}
{"level":"info","message":"HTTP Request: GET /?limit=17&hasActive=true - Status: 304 - Duration: 45ms - IP: ::1","timestamp":"2026-06-16 09:13:28"}
{"level":"info","message":"HTTP Request: GET /fishermen/leaderboard - Status: 200 - Duration: 27ms - IP: ::1","timestamp":"2026-06-16 09:13:28"}
{"level":"info","message":"HTTP Request: GET /fishermen/leaderboard - Status: 304 - Duration: 36ms - IP: ::1","timestamp":"2026-06-16 09:13:28"}
{"level":"info","message":"HTTP Request: GET /?limit=20 - Status: 304 - Duration: 9ms - IP: ::1","timestamp":"2026-06-16 09:13:29"}
{"level":"info","message":"HTTP Request: GET /?limit=17&hasActive=true - Status: 200 - Duration: 31ms - IP: ::1","timestamp":"2026-06-16 09:13:29"}
{"level":"info","message":"HTTP Request: GET /?limit=20 - Status: 304 - Duration: 11ms - IP: ::1","timestamp":"2026-06-16 09:13:30"}
{"level":"info","message":"HTTP Request: GET /fishermen/leaderboard - Status: 304 - Duration: 40ms - IP: ::1","timestamp":"2026-06-16 09:13:30"}
{"level":"info","message":"HTTP Request: GET /fishermen/leaderboard - Status: 304 - Duration: 32ms - IP: ::1","timestamp":"2026-06-16 09:13:30"}
{"level":"info","message":"HTTP Request: GET /api/auth/refresh - Status: 404 - Duration: 2ms - IP: ::1","timestamp":"2026-06-16 09:13:39"}
{"level":"info","message":"HTTP Request: GET /?page=1&limit=9 - Status: 304 - Duration: 50ms - IP: ::1","timestamp":"2026-06-16 09:54:10"}
{"level":"info","message":"HTTP Request: GET /?type=Fresh&page=1&limit=20&lat=15.968056967921283&lng=108.26234798201149 - Status: 304 - Duration: 77ms - IP: ::1","timestamp":"2026-06-16 09:54:11"}
{"level":"info","message":"HTTP Request: GET /?page=1&limit=10 - Status: 200 - Duration: 11ms - IP: ::1","timestamp":"2026-06-16 09:54:11"}
{"level":"info","message":"HTTP Request: GET /?page=1&limit=9 - Status: 304 - Duration: 9ms - IP: ::1","timestamp":"2026-06-16 09:54:12"}
{"level":"info","message":"HTTP Request: GET /?limit=20 - Status: 304 - Duration: 6ms - IP: ::1","timestamp":"2026-06-16 09:54:13"}
{"level":"info","message":"HTTP Request: GET /?limit=20 - Status: 304 - Duration: 3ms - IP: ::1","timestamp":"2026-06-16 09:54:13"}
{"level":"info","message":"HTTP Request: GET /?limit=17&hasActive=true - Status: 304 - Duration: 32ms - IP: ::1","timestamp":"2026-06-16 09:54:13"}
{"level":"info","message":"HTTP Request: GET /fishermen/leaderboard - Status: 304 - Duration: 22ms - IP: ::1","timestamp":"2026-06-16 09:54:13"}
{"level":"info","message":"HTTP Request: GET /fishermen/leaderboard - Status: 304 - Duration: 17ms - IP: ::1","timestamp":"2026-06-16 09:54:13"}
{"level":"info","message":"HTTP Request: GET /6a2b474a042bc59f0bb53d4b - Status: 200 - Duration: 33ms - IP: ::1","timestamp":"2026-06-16 09:54:16"}
{"level":"info","message":"HTTP Request: GET /6a2b474a042bc59f0bb53d4b - Status: 304 - Duration: 22ms - IP: ::1","timestamp":"2026-06-16 09:54:16"}
{"level":"info","message":"HTTP Request: GET /?sellerId=6a2b474a042bc59f0bb53d4b&limit=100 - Status: 200 - Duration: 83ms - IP: ::1","timestamp":"2026-06-16 09:54:16"}
{"level":"info","message":"HTTP Request: GET /6a2b474a042bc59f0bb53d4b/profile - Status: 200 - Duration: 85ms - IP: ::1","timestamp":"2026-06-16 09:54:16"}
{"level":"info","message":"HTTP Request: GET /?sellerId=6a2b474a042bc59f0bb53d4b&limit=100 - Status: 304 - Duration: 8ms - IP: ::1","timestamp":"2026-06-16 09:54:16"}
{"level":"info","message":"HTTP Request: GET /?type=Fresh&page=1&limit=20&lat=15.968056967921283&lng=108.26234798201149 - Status: 304 - Duration: 3ms - IP: ::1","timestamp":"2026-06-16 09:54:18"}
{"level":"info","message":"HTTP Request: GET /?limit=20 - Status: 304 - Duration: 4ms - IP: ::1","timestamp":"2026-06-16 09:54:18"}
{"level":"info","message":"HTTP Request: GET /?limit=20 - Status: 304 - Duration: 7ms - IP: ::1","timestamp":"2026-06-16 09:54:18"}
{"level":"info","message":"HTTP Request: GET /?limit=17&hasActive=true - Status: 304 - Duration: 23ms - IP: ::1","timestamp":"2026-06-16 09:54:18"}
{"level":"info","message":"HTTP Request: GET /fishermen/leaderboard - Status: 304 - Duration: 16ms - IP: ::1","timestamp":"2026-06-16 09:54:18"}
{"level":"info","message":"HTTP Request: GET /fishermen/leaderboard - Status: 304 - Duration: 13ms - IP: ::1","timestamp":"2026-06-16 09:54:18"}
{"level":"info","message":"[CRON] Khóa phân tán được thiết lập thành công. Tiến hành hết hạn hải sản tươi...","timestamp":"2026-06-16 10:00:00"}
{"level":"warn","message":"Received SIGINT. Starting Graceful Shutdown...","timestamp":"2026-06-16 10:55:30"}
{"level":"info","message":"✅ MongoDB connected successfully via Mongoose","timestamp":"2026-06-16 23:09:07"}
{"level":"info","message":"✅ Redis connected","timestamp":"2026-06-16 23:09:07"}
{"level":"info","message":"Socket.IO Redis Adapter configured successfully","timestamp":"2026-06-16 23:09:07"}
{"level":"info","message":"⏰ Cronjob expire hải sản tươi đã khởi động (mỗi giờ)","timestamp":"2026-06-16 23:09:07"}
{"level":"info","message":"\n🚀 Server is running on http://localhost:5000","timestamp":"2026-06-16 23:09:07"}
{"level":"info","message":"🔒 Helmet + CSRF + Cookie-based JWT Enabled","timestamp":"2026-06-16 23:09:07"}
{"level":"info","message":"📡 Socket.IO server is ready (cookie-based handshake)","timestamp":"2026-06-16 23:09:07"}
{"level":"info","message":"🗄️  Active Database: MongoDB (NoSQL)\n","timestamp":"2026-06-16 23:09:07"}
{"level":"info","message":"[CRON] Khóa phân tán được thiết lập thành công. Tiến hành hết hạn hải sản tươi...","timestamp":"2026-06-16 23:09:07"}
{"level":"info","message":"HTTP Request: GET /me - Status: 401 - Duration: 13ms - IP: ::1","timestamp":"2026-06-16 23:09:19"}
{"level":"info","message":"HTTP Request: POST /refresh - Status: 401 - Duration: 3ms - IP: ::1","timestamp":"2026-06-16 23:09:19"}
{"level":"info","message":"HTTP Request: GET /?limit=20 - Status: 304 - Duration: 25ms - IP: ::1","timestamp":"2026-06-16 23:09:19"}
{"level":"info","message":"HTTP Request: GET /?limit=20 - Status: 304 - Duration: 19ms - IP: ::1","timestamp":"2026-06-16 23:09:19"}
{"level":"info","message":"HTTP Request: GET /?limit=17&hasActive=true - Status: 304 - Duration: 75ms - IP: ::1","timestamp":"2026-06-16 23:09:19"}
{"level":"info","message":"HTTP Request: GET /fishermen/leaderboard - Status: 304 - Duration: 27ms - IP: ::1","timestamp":"2026-06-16 23:09:19"}
{"level":"info","message":"HTTP Request: GET /fishermen/leaderboard - Status: 304 - Duration: 23ms - IP: ::1","timestamp":"2026-06-16 23:09:19"}
{"level":"info","message":"HTTP Request: GET /?limit=20 - Status: 304 - Duration: 6ms - IP: ::1","timestamp":"2026-06-16 23:09:21"}
{"level":"info","message":"HTTP Request: GET /?limit=17&hasActive=true - Status: 304 - Duration: 20ms - IP: ::1","timestamp":"2026-06-16 23:09:22"}
{"level":"info","message":"HTTP Request: GET /?limit=20 - Status: 304 - Duration: 6ms - IP: ::1","timestamp":"2026-06-16 23:09:22"}
{"level":"info","message":"HTTP Request: GET /fishermen/leaderboard - Status: 304 - Duration: 19ms - IP: ::1","timestamp":"2026-06-16 23:09:22"}
{"level":"info","message":"HTTP Request: GET /fishermen/leaderboard - Status: 304 - Duration: 18ms - IP: ::1","timestamp":"2026-06-16 23:09:22"}
{"level":"info","message":"HTTP Request: GET /?limit=20 - Status: 304 - Duration: 4ms - IP: ::1","timestamp":"2026-06-16 23:09:22"}
{"level":"info","message":"HTTP Request: GET /?limit=17&hasActive=true - Status: 304 - Duration: 34ms - IP: ::1","timestamp":"2026-06-16 23:09:22"}
{"level":"info","message":"HTTP Request: GET /?limit=20 - Status: 304 - Duration: 24ms - IP: ::1","timestamp":"2026-06-16 23:09:22"}
{"level":"info","message":"HTTP Request: GET /fishermen/leaderboard - Status: 304 - Duration: 29ms - IP: ::1","timestamp":"2026-06-16 23:09:22"}
{"level":"info","message":"HTTP Request: GET /fishermen/leaderboard - Status: 304 - Duration: 29ms - IP: ::1","timestamp":"2026-06-16 23:09:22"}
{"level":"info","message":"HTTP Request: GET /?limit=20 - Status: 304 - Duration: 5ms - IP: ::1","timestamp":"2026-06-16 23:09:23"}
{"level":"info","message":"HTTP Request: GET /?limit=20 - Status: 304 - Duration: 4ms - IP: ::1","timestamp":"2026-06-16 23:09:23"}
{"level":"info","message":"HTTP Request: GET /?limit=17&hasActive=true - Status: 304 - Duration: 16ms - IP: ::1","timestamp":"2026-06-16 23:09:23"}
{"level":"info","message":"HTTP Request: GET /fishermen/leaderboard - Status: 304 - Duration: 15ms - IP: ::1","timestamp":"2026-06-16 23:09:23"}
{"level":"info","message":"HTTP Request: GET /fishermen/leaderboard - Status: 304 - Duration: 15ms - IP: ::1","timestamp":"2026-06-16 23:09:23"}
{"level":"info","message":"HTTP Request: GET /?limit=20 - Status: 304 - Duration: 5ms - IP: ::1","timestamp":"2026-06-16 23:09:23"}
{"level":"info","message":"HTTP Request: GET /?limit=20 - Status: 304 - Duration: 5ms - IP: ::1","timestamp":"2026-06-16 23:09:23"}
{"level":"info","message":"HTTP Request: GET /?limit=17&hasActive=true - Status: 304 - Duration: 17ms - IP: ::1","timestamp":"2026-06-16 23:09:23"}
{"level":"info","message":"HTTP Request: GET /fishermen/leaderboard - Status: 304 - Duration: 15ms - IP: ::1","timestamp":"2026-06-16 23:09:23"}
{"level":"info","message":"HTTP Request: GET /fishermen/leaderboard - Status: 304 - Duration: 15ms - IP: ::1","timestamp":"2026-06-16 23:09:23"}
{"level":"info","message":"HTTP Request: GET /?limit=20 - Status: 304 - Duration: 13ms - IP: ::1","timestamp":"2026-06-16 23:09:23"}
{"level":"info","message":"HTTP Request: GET /?limit=20 - Status: 304 - Duration: 7ms - IP: ::1","timestamp":"2026-06-16 23:09:24"}
{"level":"info","message":"HTTP Request: GET /?limit=17&hasActive=true - Status: 304 - Duration: 51ms - IP: ::1","timestamp":"2026-06-16 23:09:24"}
{"level":"info","message":"HTTP Request: GET /fishermen/leaderboard - Status: 304 - Duration: 27ms - IP: ::1","timestamp":"2026-06-16 23:09:24"}
{"level":"info","message":"HTTP Request: GET /fishermen/leaderboard - Status: 304 - Duration: 30ms - IP: ::1","timestamp":"2026-06-16 23:09:24"}
{"level":"info","message":"HTTP Request: GET /?limit=20 - Status: 304 - Duration: 4ms - IP: ::1","timestamp":"2026-06-16 23:09:24"}
{"level":"info","message":"HTTP Request: GET /?limit=20 - Status: 304 - Duration: 5ms - IP: ::1","timestamp":"2026-06-16 23:09:24"}
{"level":"info","message":"HTTP Request: GET /?limit=17&hasActive=true - Status: 304 - Duration: 20ms - IP: ::1","timestamp":"2026-06-16 23:09:24"}
{"level":"info","message":"HTTP Request: GET /fishermen/leaderboard - Status: 304 - Duration: 20ms - IP: ::1","timestamp":"2026-06-16 23:09:24"}
{"level":"info","message":"HTTP Request: GET /fishermen/leaderboard - Status: 304 - Duration: 16ms - IP: ::1","timestamp":"2026-06-16 23:09:24"}
{"level":"info","message":"HTTP Request: GET /?type=Fresh&page=1&limit=20&lat=15.968056967921283&lng=108.26234798201149 - Status: 304 - Duration: 20ms - IP: ::1","timestamp":"2026-06-16 23:09:25"}
{"level":"info","message":"HTTP Request: GET /?page=1&limit=9 - Status: 304 - Duration: 28ms - IP: ::1","timestamp":"2026-06-16 23:09:25"}
{"level":"info","message":"HTTP Request: GET /?page=1&limit=10 - Status: 200 - Duration: 15ms - IP: ::1","timestamp":"2026-06-16 23:09:26"}
{"level":"info","message":"HTTP Request: GET /?limit=20 - Status: 304 - Duration: 5ms - IP: ::1","timestamp":"2026-06-16 23:09:27"}
{"level":"info","message":"HTTP Request: GET /?limit=20 - Status: 304 - Duration: 5ms - IP: ::1","timestamp":"2026-06-16 23:09:27"}
{"level":"info","message":"HTTP Request: GET /?limit=17&hasActive=true - Status: 304 - Duration: 18ms - IP: ::1","timestamp":"2026-06-16 23:09:27"}
{"level":"info","message":"HTTP Request: GET /fishermen/leaderboard - Status: 304 - Duration: 16ms - IP: ::1","timestamp":"2026-06-16 23:09:27"}
{"level":"info","message":"HTTP Request: GET /fishermen/leaderboard - Status: 304 - Duration: 15ms - IP: ::1","timestamp":"2026-06-16 23:09:27"}
{"level":"info","message":"HTTP Request: GET /?limit=20 - Status: 304 - Duration: 6ms - IP: ::1","timestamp":"2026-06-16 23:09:27"}
{"level":"info","message":"HTTP Request: GET /?limit=20 - Status: 304 - Duration: 6ms - IP: ::1","timestamp":"2026-06-16 23:09:27"}
{"level":"info","message":"HTTP Request: GET /?limit=17&hasActive=true - Status: 304 - Duration: 21ms - IP: ::1","timestamp":"2026-06-16 23:09:27"}
{"level":"info","message":"HTTP Request: GET /fishermen/leaderboard - Status: 304 - Duration: 18ms - IP: ::1","timestamp":"2026-06-16 23:09:27"}
{"level":"info","message":"HTTP Request: GET /fishermen/leaderboard - Status: 304 - Duration: 18ms - IP: ::1","timestamp":"2026-06-16 23:09:27"}
{"level":"info","message":"HTTP Request: GET /?limit=20 - Status: 304 - Duration: 9ms - IP: ::1","timestamp":"2026-06-16 23:09:28"}
{"level":"info","message":"HTTP Request: GET /?limit=20 - Status: 304 - Duration: 6ms - IP: ::1","timestamp":"2026-06-16 23:09:28"}
{"level":"info","message":"HTTP Request: GET /?limit=17&hasActive=true - Status: 304 - Duration: 23ms - IP: ::1","timestamp":"2026-06-16 23:09:28"}
{"level":"info","message":"HTTP Request: GET /fishermen/leaderboard - Status: 304 - Duration: 17ms - IP: ::1","timestamp":"2026-06-16 23:09:28"}
{"level":"info","message":"HTTP Request: GET /fishermen/leaderboard - Status: 304 - Duration: 20ms - IP: ::1","timestamp":"2026-06-16 23:09:28"}
{"level":"info","message":"HTTP Request: GET /?limit=20 - Status: 304 - Duration: 6ms - IP: ::1","timestamp":"2026-06-16 23:09:28"}
{"level":"info","message":"HTTP Request: GET /?limit=20 - Status: 304 - Duration: 6ms - IP: ::1","timestamp":"2026-06-16 23:09:28"}
{"level":"info","message":"HTTP Request: GET /?limit=17&hasActive=true - Status: 304 - Duration: 20ms - IP: ::1","timestamp":"2026-06-16 23:09:28"}
{"level":"info","message":"HTTP Request: GET /fishermen/leaderboard - Status: 304 - Duration: 16ms - IP: ::1","timestamp":"2026-06-16 23:09:28"}
{"level":"info","message":"HTTP Request: GET /fishermen/leaderboard - Status: 304 - Duration: 16ms - IP: ::1","timestamp":"2026-06-16 23:09:28"}
{"level":"info","message":"HTTP Request: GET /?limit=20 - Status: 304 - Duration: 5ms - IP: ::1","timestamp":"2026-06-16 23:09:28"}
{"level":"info","message":"HTTP Request: GET /?limit=20 - Status: 304 - Duration: 6ms - IP: ::1","timestamp":"2026-06-16 23:09:28"}
{"level":"info","message":"HTTP Request: GET /?limit=17&hasActive=true - Status: 304 - Duration: 18ms - IP: ::1","timestamp":"2026-06-16 23:09:28"}
{"level":"info","message":"HTTP Request: GET /fishermen/leaderboard - Status: 304 - Duration: 16ms - IP: ::1","timestamp":"2026-06-16 23:09:28"}
{"level":"info","message":"HTTP Request: GET /fishermen/leaderboard - Status: 304 - Duration: 16ms - IP: ::1","timestamp":"2026-06-16 23:09:28"}
{"level":"info","message":"HTTP Request: GET /?limit=20 - Status: 304 - Duration: 8ms - IP: ::1","timestamp":"2026-06-16 23:09:29"}
{"level":"info","message":"HTTP Request: GET /?limit=20 - Status: 304 - Duration: 7ms - IP: ::1","timestamp":"2026-06-16 23:09:29"}
{"level":"info","message":"HTTP Request: GET /?limit=17&hasActive=true - Status: 304 - Duration: 38ms - IP: ::1","timestamp":"2026-06-16 23:09:29"}
{"level":"info","message":"HTTP Request: GET /fishermen/leaderboard - Status: 304 - Duration: 21ms - IP: ::1","timestamp":"2026-06-16 23:09:29"}
{"level":"info","message":"HTTP Request: GET /fishermen/leaderboard - Status: 304 - Duration: 17ms - IP: ::1","timestamp":"2026-06-16 23:09:29"}
{"level":"info","message":"HTTP Request: GET /?limit=20 - Status: 304 - Duration: 6ms - IP: ::1","timestamp":"2026-06-16 23:09:29"}
{"level":"info","message":"HTTP Request: GET /?limit=20 - Status: 304 - Duration: 9ms - IP: ::1","timestamp":"2026-06-16 23:09:29"}
{"level":"info","message":"HTTP Request: GET /?limit=17&hasActive=true - Status: 304 - Duration: 35ms - IP: ::1","timestamp":"2026-06-16 23:09:29"}
{"level":"info","message":"HTTP Request: GET /fishermen/leaderboard - Status: 304 - Duration: 22ms - IP: ::1","timestamp":"2026-06-16 23:09:29"}
{"level":"info","message":"HTTP Request: GET /fishermen/leaderboard - Status: 304 - Duration: 21ms - IP: ::1","timestamp":"2026-06-16 23:09:29"}
{"level":"info","message":"HTTP Request: GET /?limit=20 - Status: 304 - Duration: 4ms - IP: ::1","timestamp":"2026-06-16 23:09:29"}
{"level":"info","message":"HTTP Request: GET /?limit=20 - Status: 304 - Duration: 7ms - IP: ::1","timestamp":"2026-06-16 23:09:29"}
{"level":"info","message":"HTTP Request: GET /?limit=17&hasActive=true - Status: 304 - Duration: 21ms - IP: ::1","timestamp":"2026-06-16 23:09:29"}
{"level":"info","message":"HTTP Request: GET /fishermen/leaderboard - Status: 304 - Duration: 18ms - IP: ::1","timestamp":"2026-06-16 23:09:29"}
{"level":"info","message":"HTTP Request: GET /fishermen/leaderboard - Status: 304 - Duration: 18ms - IP: ::1","timestamp":"2026-06-16 23:09:29"}
{"level":"info","message":"HTTP Request: GET /?limit=20 - Status: 304 - Duration: 5ms - IP: ::1","timestamp":"2026-06-16 23:09:29"}
{"level":"info","message":"HTTP Request: GET /?limit=20 - Status: 304 - Duration: 6ms - IP: ::1","timestamp":"2026-06-16 23:09:29"}
{"level":"info","message":"HTTP Request: GET /?limit=17&hasActive=true - Status: 304 - Duration: 19ms - IP: ::1","timestamp":"2026-06-16 23:09:29"}
{"level":"info","message":"HTTP Request: GET /fishermen/leaderboard - Status: 304 - Duration: 17ms - IP: ::1","timestamp":"2026-06-16 23:09:29"}
{"level":"info","message":"HTTP Request: GET /fishermen/leaderboard - Status: 304 - Duration: 16ms - IP: ::1","timestamp":"2026-06-16 23:09:29"}
{"level":"info","message":"HTTP Request: GET /?limit=20 - Status: 304 - Duration: 5ms - IP: ::1","timestamp":"2026-06-16 23:09:29"}
{"level":"info","message":"HTTP Request: GET /?limit=20 - Status: 304 - Duration: 6ms - IP: ::1","timestamp":"2026-06-16 23:09:29"}
{"level":"info","message":"HTTP Request: GET /?limit=17&hasActive=true - Status: 304 - Duration: 18ms - IP: ::1","timestamp":"2026-06-16 23:09:29"}
{"level":"info","message":"HTTP Request: GET /fishermen/leaderboard - Status: 304 - Duration: 18ms - IP: ::1","timestamp":"2026-06-16 23:09:29"}
{"level":"info","message":"HTTP Request: GET /fishermen/leaderboard - Status: 304 - Duration: 19ms - IP: ::1","timestamp":"2026-06-16 23:09:30"}
{"level":"info","message":"HTTP Request: GET /?limit=20 - Status: 304 - Duration: 5ms - IP: ::1","timestamp":"2026-06-16 23:09:30"}
{"level":"info","message":"HTTP Request: GET /?limit=20 - Status: 304 - Duration: 7ms - IP: ::1","timestamp":"2026-06-16 23:09:30"}
{"level":"info","message":"HTTP Request: GET /?limit=17&hasActive=true - Status: 304 - Duration: 21ms - IP: ::1","timestamp":"2026-06-16 23:09:30"}
{"level":"info","message":"HTTP Request: GET /fishermen/leaderboard - Status: 304 - Duration: 14ms - IP: ::1","timestamp":"2026-06-16 23:09:30"}
{"level":"info","message":"HTTP Request: GET /fishermen/leaderboard - Status: 304 - Duration: 16ms - IP: ::1","timestamp":"2026-06-16 23:09:30"}
{"level":"info","message":"HTTP Request: GET /?limit=20 - Status: 304 - Duration: 6ms - IP: ::1","timestamp":"2026-06-16 23:09:32"}
{"level":"info","message":"HTTP Request: GET /?limit=17&hasActive=true - Status: 304 - Duration: 20ms - IP: ::1","timestamp":"2026-06-16 23:09:32"}
{"level":"info","message":"HTTP Request: GET /?limit=20 - Status: 304 - Duration: 6ms - IP: ::1","timestamp":"2026-06-16 23:09:32"}
{"level":"info","message":"HTTP Request: GET /fishermen/leaderboard - Status: 304 - Duration: 16ms - IP: ::1","timestamp":"2026-06-16 23:09:32"}
{"level":"info","message":"HTTP Request: GET /fishermen/leaderboard - Status: 304 - Duration: 10ms - IP: ::1","timestamp":"2026-06-16 23:09:32"}
{"level":"info","message":"HTTP Request: GET /?limit=20 - Status: 304 - Duration: 3ms - IP: ::1","timestamp":"2026-06-16 23:09:33"}
{"level":"info","message":"HTTP Request: GET /?limit=20 - Status: 304 - Duration: 4ms - IP: ::1","timestamp":"2026-06-16 23:09:33"}
{"level":"info","message":"HTTP Request: GET /?limit=17&hasActive=true - Status: 304 - Duration: 14ms - IP: ::1","timestamp":"2026-06-16 23:09:33"}
{"level":"info","message":"HTTP Request: GET /fishermen/leaderboard - Status: 304 - Duration: 15ms - IP: ::1","timestamp":"2026-06-16 23:09:33"}
{"level":"info","message":"HTTP Request: GET /fishermen/leaderboard - Status: 304 - Duration: 19ms - IP: ::1","timestamp":"2026-06-16 23:09:33"}
{"level":"info","message":"HTTP Request: GET /?limit=20 - Status: 304 - Duration: 4ms - IP: ::1","timestamp":"2026-06-16 23:09:40"}
{"level":"info","message":"HTTP Request: GET /?limit=17&hasActive=true - Status: 304 - Duration: 16ms - IP: ::1","timestamp":"2026-06-16 23:09:40"}
{"level":"info","message":"HTTP Request: GET /?limit=20 - Status: 304 - Duration: 4ms - IP: ::1","timestamp":"2026-06-16 23:09:40"}
{"level":"info","message":"HTTP Request: GET /fishermen/leaderboard - Status: 304 - Duration: 14ms - IP: ::1","timestamp":"2026-06-16 23:09:40"}
{"level":"info","message":"HTTP Request: GET /fishermen/leaderboard - Status: 304 - Duration: 19ms - IP: ::1","timestamp":"2026-06-16 23:09:40"}
{"level":"info","message":"HTTP Request: GET /?limit=20 - Status: 304 - Duration: 4ms - IP: ::1","timestamp":"2026-06-16 23:09:42"}
{"level":"info","message":"HTTP Request: GET /?limit=17&hasActive=true - Status: 304 - Duration: 15ms - IP: ::1","timestamp":"2026-06-16 23:09:42"}
{"level":"info","message":"HTTP Request: GET /?limit=20 - Status: 304 - Duration: 4ms - IP: ::1","timestamp":"2026-06-16 23:09:42"}
{"level":"info","message":"HTTP Request: GET /fishermen/leaderboard - Status: 304 - Duration: 13ms - IP: ::1","timestamp":"2026-06-16 23:09:42"}
{"level":"info","message":"HTTP Request: GET /fishermen/leaderboard - Status: 304 - Duration: 17ms - IP: ::1","timestamp":"2026-06-16 23:09:42"}
{"level":"info","message":"HTTP Request: GET /?limit=20 - Status: 304 - Duration: 5ms - IP: ::1","timestamp":"2026-06-16 23:09:42"}
{"level":"info","message":"HTTP Request: GET /?limit=20 - Status: 304 - Duration: 4ms - IP: ::1","timestamp":"2026-06-16 23:09:42"}
{"level":"info","message":"HTTP Request: GET /?limit=17&hasActive=true - Status: 304 - Duration: 15ms - IP: ::1","timestamp":"2026-06-16 23:09:42"}
{"level":"info","message":"HTTP Request: GET /fishermen/leaderboard - Status: 304 - Duration: 14ms - IP: ::1","timestamp":"2026-06-16 23:09:42"}
{"level":"info","message":"HTTP Request: GET /fishermen/leaderboard - Status: 304 - Duration: 15ms - IP: ::1","timestamp":"2026-06-16 23:09:42"}
{"level":"info","message":"HTTP Request: GET /?limit=20 - Status: 304 - Duration: 5ms - IP: ::1","timestamp":"2026-06-16 23:09:43"}
{"level":"info","message":"HTTP Request: GET /?limit=17&hasActive=true - Status: 304 - Duration: 17ms - IP: ::1","timestamp":"2026-06-16 23:09:43"}
{"level":"info","message":"HTTP Request: GET /?limit=20 - Status: 304 - Duration: 5ms - IP: ::1","timestamp":"2026-06-16 23:09:43"}
{"level":"info","message":"HTTP Request: GET /fishermen/leaderboard - Status: 304 - Duration: 17ms - IP: ::1","timestamp":"2026-06-16 23:09:43"}
{"level":"info","message":"HTTP Request: GET /fishermen/leaderboard - Status: 304 - Duration: 17ms - IP: ::1","timestamp":"2026-06-16 23:09:43"}
{"level":"info","message":"HTTP Request: GET /?limit=20 - Status: 304 - Duration: 3ms - IP: ::1","timestamp":"2026-06-16 23:09:43"}
{"level":"info","message":"HTTP Request: GET /?limit=20 - Status: 304 - Duration: 4ms - IP: ::1","timestamp":"2026-06-16 23:09:43"}
{"level":"info","message":"HTTP Request: GET /?limit=17&hasActive=true - Status: 304 - Duration: 14ms - IP: ::1","timestamp":"2026-06-16 23:09:43"}
{"level":"info","message":"HTTP Request: GET /fishermen/leaderboard - Status: 304 - Duration: 13ms - IP: ::1","timestamp":"2026-06-16 23:09:43"}
{"level":"info","message":"HTTP Request: GET /fishermen/leaderboard - Status: 304 - Duration: 13ms - IP: ::1","timestamp":"2026-06-16 23:09:43"}
{"level":"info","message":"HTTP Request: GET /?limit=20 - Status: 304 - Duration: 4ms - IP: ::1","timestamp":"2026-06-16 23:09:44"}
{"level":"info","message":"HTTP Request: GET /?limit=20 - Status: 304 - Duration: 6ms - IP: ::1","timestamp":"2026-06-16 23:09:44"}
{"level":"info","message":"HTTP Request: GET /?limit=17&hasActive=true - Status: 304 - Duration: 23ms - IP: ::1","timestamp":"2026-06-16 23:09:44"}
{"level":"info","message":"HTTP Request: GET /fishermen/leaderboard - Status: 304 - Duration: 15ms - IP: ::1","timestamp":"2026-06-16 23:09:44"}
{"level":"info","message":"HTTP Request: GET /fishermen/leaderboard - Status: 304 - Duration: 16ms - IP: ::1","timestamp":"2026-06-16 23:09:44"}
{"level":"info","message":"HTTP Request: GET /?limit=20 - Status: 304 - Duration: 4ms - IP: ::1","timestamp":"2026-06-16 23:09:47"}
{"level":"info","message":"HTTP Request: GET /?limit=20 - Status: 304 - Duration: 5ms - IP: ::1","timestamp":"2026-06-16 23:09:47"}
{"level":"info","message":"HTTP Request: GET /?limit=17&hasActive=true - Status: 304 - Duration: 15ms - IP: ::1","timestamp":"2026-06-16 23:09:47"}
{"level":"info","message":"HTTP Request: GET /fishermen/leaderboard - Status: 304 - Duration: 13ms - IP: ::1","timestamp":"2026-06-16 23:09:47"}
{"level":"info","message":"HTTP Request: GET /fishermen/leaderboard - Status: 304 - Duration: 11ms - IP: ::1","timestamp":"2026-06-16 23:09:47"}
{"level":"info","message":"HTTP Request: GET /?limit=20 - Status: 304 - Duration: 4ms - IP: ::1","timestamp":"2026-06-16 23:09:48"}
{"level":"info","message":"HTTP Request: GET /?limit=17&hasActive=true - Status: 304 - Duration: 15ms - IP: ::1","timestamp":"2026-06-16 23:09:48"}
{"level":"info","message":"HTTP Request: GET /?limit=20 - Status: 304 - Duration: 4ms - IP: ::1","timestamp":"2026-06-16 23:09:48"}
{"level":"info","message":"HTTP Request: GET /fishermen/leaderboard - Status: 304 - Duration: 12ms - IP: ::1","timestamp":"2026-06-16 23:09:48"}
{"level":"info","message":"HTTP Request: GET /fishermen/leaderboard - Status: 304 - Duration: 13ms - IP: ::1","timestamp":"2026-06-16 23:09:48"}
{"level":"info","message":"HTTP Request: GET /?limit=20 - Status: 304 - Duration: 4ms - IP: ::1","timestamp":"2026-06-16 23:10:01"}
{"level":"info","message":"HTTP Request: GET /?limit=20 - Status: 304 - Duration: 4ms - IP: ::1","timestamp":"2026-06-16 23:10:01"}
{"level":"info","message":"HTTP Request: GET /?limit=17&hasActive=true - Status: 304 - Duration: 14ms - IP: ::1","timestamp":"2026-06-16 23:10:01"}
{"level":"info","message":"HTTP Request: GET /fishermen/leaderboard - Status: 304 - Duration: 15ms - IP: ::1","timestamp":"2026-06-16 23:10:01"}
{"level":"info","message":"HTTP Request: GET /fishermen/leaderboard - Status: 304 - Duration: 13ms - IP: ::1","timestamp":"2026-06-16 23:10:01"}
{"level":"info","message":"HTTP Request: GET /?limit=20 - Status: 304 - Duration: 6ms - IP: ::1","timestamp":"2026-06-16 23:10:01"}
{"level":"info","message":"HTTP Request: GET /?limit=20 - Status: 304 - Duration: 6ms - IP: ::1","timestamp":"2026-06-16 23:10:01"}
{"level":"info","message":"HTTP Request: GET /?limit=17&hasActive=true - Status: 304 - Duration: 21ms - IP: ::1","timestamp":"2026-06-16 23:10:01"}
{"level":"info","message":"HTTP Request: GET /fishermen/leaderboard - Status: 304 - Duration: 28ms - IP: ::1","timestamp":"2026-06-16 23:10:02"}
{"level":"info","message":"HTTP Request: GET /fishermen/leaderboard - Status: 304 - Duration: 15ms - IP: ::1","timestamp":"2026-06-16 23:10:02"}
{"level":"info","message":"HTTP Request: GET /?limit=20 - Status: 304 - Duration: 4ms - IP: ::1","timestamp":"2026-06-16 23:10:05"}
{"level":"info","message":"HTTP Request: GET /?limit=17&hasActive=true - Status: 304 - Duration: 13ms - IP: ::1","timestamp":"2026-06-16 23:10:05"}
{"level":"info","message":"HTTP Request: GET /?limit=20 - Status: 304 - Duration: 4ms - IP: ::1","timestamp":"2026-06-16 23:10:05"}
{"level":"info","message":"HTTP Request: GET /fishermen/leaderboard - Status: 304 - Duration: 13ms - IP: ::1","timestamp":"2026-06-16 23:10:05"}
{"level":"info","message":"HTTP Request: GET /fishermen/leaderboard - Status: 304 - Duration: 12ms - IP: ::1","timestamp":"2026-06-16 23:10:05"}
{"level":"warn","message":"Received SIGINT. Starting Graceful Shutdown...","timestamp":"2026-06-16 23:10:31"}
{"level":"info","message":"✅ MongoDB connected successfully via Mongoose","timestamp":"2026-06-16 23:14:41"}
{"level":"info","message":"✅ Redis connected","timestamp":"2026-06-16 23:14:42"}
{"level":"info","message":"Socket.IO Redis Adapter configured successfully","timestamp":"2026-06-16 23:14:42"}
{"level":"info","message":"⏰ Cronjob expire hải sản tươi đã khởi động (mỗi giờ)","timestamp":"2026-06-16 23:14:42"}
{"level":"info","message":"\n🚀 Server is running on http://localhost:5000","timestamp":"2026-06-16 23:14:42"}
{"level":"info","message":"🔒 Helmet + CSRF + Cookie-based JWT Enabled","timestamp":"2026-06-16 23:14:42"}
{"level":"info","message":"📡 Socket.IO server is ready (cookie-based handshake)","timestamp":"2026-06-16 23:14:42"}
{"level":"info","message":"🗄️  Active Database: MongoDB (NoSQL)\n","timestamp":"2026-06-16 23:14:42"}
{"level":"info","message":"HTTP Request: GET /me - Status: 401 - Duration: 9ms - IP: ::1","timestamp":"2026-06-16 23:14:50"}
{"level":"info","message":"HTTP Request: POST /refresh - Status: 401 - Duration: 1ms - IP: ::1","timestamp":"2026-06-16 23:14:50"}
{"level":"info","message":"HTTP Request: GET /?limit=20 - Status: 304 - Duration: 43ms - IP: ::1","timestamp":"2026-06-16 23:14:51"}
{"level":"info","message":"HTTP Request: GET /?limit=17&hasActive=true - Status: 304 - Duration: 70ms - IP: ::1","timestamp":"2026-06-16 23:14:51"}
{"level":"info","message":"HTTP Request: GET /?limit=20 - Status: 304 - Duration: 38ms - IP: ::1","timestamp":"2026-06-16 23:14:51"}
{"level":"info","message":"HTTP Request: GET /fishermen/leaderboard - Status: 304 - Duration: 46ms - IP: ::1","timestamp":"2026-06-16 23:14:51"}
{"level":"info","message":"HTTP Request: GET /fishermen/leaderboard - Status: 304 - Duration: 23ms - IP: ::1","timestamp":"2026-06-16 23:14:51"}
{"level":"info","message":"HTTP Request: GET /?limit=20 - Status: 304 - Duration: 7ms - IP: ::1","timestamp":"2026-06-16 23:14:57"}
{"level":"info","message":"HTTP Request: GET /?limit=20 - Status: 304 - Duration: 5ms - IP: ::1","timestamp":"2026-06-16 23:14:57"}
{"level":"info","message":"HTTP Request: GET /?limit=17&hasActive=true - Status: 304 - Duration: 19ms - IP: ::1","timestamp":"2026-06-16 23:14:57"}
{"level":"info","message":"HTTP Request: GET /fishermen/leaderboard - Status: 304 - Duration: 15ms - IP: ::1","timestamp":"2026-06-16 23:14:57"}
{"level":"info","message":"HTTP Request: GET /fishermen/leaderboard - Status: 304 - Duration: 14ms - IP: ::1","timestamp":"2026-06-16 23:14:57"}
{"level":"info","message":"HTTP Request: GET /?limit=20 - Status: 304 - Duration: 6ms - IP: ::1","timestamp":"2026-06-16 23:14:58"}
{"level":"info","message":"HTTP Request: GET /?limit=20 - Status: 304 - Duration: 7ms - IP: ::1","timestamp":"2026-06-16 23:14:58"}
{"level":"info","message":"HTTP Request: GET /?limit=17&hasActive=true - Status: 304 - Duration: 22ms - IP: ::1","timestamp":"2026-06-16 23:14:58"}
{"level":"info","message":"HTTP Request: GET /fishermen/leaderboard - Status: 304 - Duration: 15ms - IP: ::1","timestamp":"2026-06-16 23:14:58"}
{"level":"info","message":"HTTP Request: GET /fishermen/leaderboard - Status: 304 - Duration: 13ms - IP: ::1","timestamp":"2026-06-16 23:14:58"}
{"level":"info","message":"HTTP Request: GET /?page=1&limit=10 - Status: 200 - Duration: 23ms - IP: ::1","timestamp":"2026-06-16 23:14:59"}
{"level":"info","message":"HTTP Request: GET /?page=1&limit=9 - Status: 304 - Duration: 21ms - IP: ::1","timestamp":"2026-06-16 23:15:00"}
{"level":"info","message":"HTTP Request: GET /?type=Fresh&page=1&limit=20&lat=15.968056967921283&lng=108.26234798201149 - Status: 304 - Duration: 6ms - IP: ::1","timestamp":"2026-06-16 23:15:00"}
{"level":"info","message":"HTTP Request: GET /?limit=20 - Status: 304 - Duration: 8ms - IP: ::1","timestamp":"2026-06-16 23:15:01"}
{"level":"info","message":"HTTP Request: GET /?limit=20 - Status: 304 - Duration: 4ms - IP: ::1","timestamp":"2026-06-16 23:15:01"}
{"level":"info","message":"HTTP Request: GET /?limit=17&hasActive=true - Status: 304 - Duration: 21ms - IP: ::1","timestamp":"2026-06-16 23:15:01"}
{"level":"info","message":"HTTP Request: GET /fishermen/leaderboard - Status: 304 - Duration: 16ms - IP: ::1","timestamp":"2026-06-16 23:15:01"}
{"level":"info","message":"HTTP Request: GET /fishermen/leaderboard - Status: 304 - Duration: 14ms - IP: ::1","timestamp":"2026-06-16 23:15:01"}
{"level":"info","message":"HTTP Request: GET /?limit=20 - Status: 304 - Duration: 9ms - IP: ::1","timestamp":"2026-06-16 23:15:01"}
{"level":"info","message":"HTTP Request: GET /?limit=20 - Status: 304 - Duration: 8ms - IP: ::1","timestamp":"2026-06-16 23:15:01"}
{"level":"info","message":"HTTP Request: GET /?limit=17&hasActive=true - Status: 304 - Duration: 25ms - IP: ::1","timestamp":"2026-06-16 23:15:01"}
{"level":"info","message":"HTTP Request: GET /fishermen/leaderboard - Status: 304 - Duration: 16ms - IP: ::1","timestamp":"2026-06-16 23:15:02"}
{"level":"info","message":"HTTP Request: GET /fishermen/leaderboard - Status: 304 - Duration: 15ms - IP: ::1","timestamp":"2026-06-16 23:15:02"}
{"level":"info","message":"HTTP Request: GET /?limit=20 - Status: 304 - Duration: 7ms - IP: ::1","timestamp":"2026-06-16 23:15:02"}
{"level":"info","message":"HTTP Request: GET /?limit=20 - Status: 304 - Duration: 5ms - IP: ::1","timestamp":"2026-06-16 23:15:02"}
{"level":"info","message":"HTTP Request: GET /?limit=17&hasActive=true - Status: 304 - Duration: 21ms - IP: ::1","timestamp":"2026-06-16 23:15:02"}
{"level":"info","message":"HTTP Request: GET /fishermen/leaderboard - Status: 304 - Duration: 14ms - IP: ::1","timestamp":"2026-06-16 23:15:02"}
{"level":"info","message":"HTTP Request: GET /fishermen/leaderboard - Status: 304 - Duration: 18ms - IP: ::1","timestamp":"2026-06-16 23:15:02"}
{"level":"info","message":"HTTP Request: GET /?limit=20 - Status: 304 - Duration: 6ms - IP: ::1","timestamp":"2026-06-16 23:15:02"}
{"level":"info","message":"HTTP Request: GET /?limit=20 - Status: 304 - Duration: 6ms - IP: ::1","timestamp":"2026-06-16 23:15:02"}
{"level":"info","message":"HTTP Request: GET /?limit=17&hasActive=true - Status: 304 - Duration: 20ms - IP: ::1","timestamp":"2026-06-16 23:15:02"}
{"level":"info","message":"HTTP Request: GET /fishermen/leaderboard - Status: 304 - Duration: 15ms - IP: ::1","timestamp":"2026-06-16 23:15:02"}
{"level":"info","message":"HTTP Request: GET /fishermen/leaderboard - Status: 304 - Duration: 14ms - IP: ::1","timestamp":"2026-06-16 23:15:02"}
{"level":"info","message":"HTTP Request: GET /?limit=20 - Status: 304 - Duration: 8ms - IP: ::1","timestamp":"2026-06-16 23:15:03"}
{"level":"info","message":"HTTP Request: GET /?limit=17&hasActive=true - Status: 304 - Duration: 24ms - IP: ::1","timestamp":"2026-06-16 23:15:03"}
{"level":"info","message":"HTTP Request: GET /?limit=20 - Status: 304 - Duration: 5ms - IP: ::1","timestamp":"2026-06-16 23:15:03"}
{"level":"info","message":"HTTP Request: GET /fishermen/leaderboard - Status: 304 - Duration: 16ms - IP: ::1","timestamp":"2026-06-16 23:15:03"}
{"level":"info","message":"HTTP Request: GET /fishermen/leaderboard - Status: 304 - Duration: 16ms - IP: ::1","timestamp":"2026-06-16 23:15:03"}
{"level":"info","message":"HTTP Request: GET /?limit=20 - Status: 304 - Duration: 8ms - IP: ::1","timestamp":"2026-06-16 23:15:03"}
{"level":"info","message":"HTTP Request: GET /?limit=17&hasActive=true - Status: 304 - Duration: 24ms - IP: ::1","timestamp":"2026-06-16 23:15:03"}
{"level":"info","message":"HTTP Request: GET /?limit=20 - Status: 304 - Duration: 6ms - IP: ::1","timestamp":"2026-06-16 23:15:03"}
{"level":"info","message":"HTTP Request: GET /fishermen/leaderboard - Status: 304 - Duration: 17ms - IP: ::1","timestamp":"2026-06-16 23:15:03"}
{"level":"info","message":"HTTP Request: GET /fishermen/leaderboard - Status: 304 - Duration: 20ms - IP: ::1","timestamp":"2026-06-16 23:15:03"}
{"level":"info","message":"HTTP Request: GET /?limit=20 - Status: 304 - Duration: 6ms - IP: ::1","timestamp":"2026-06-16 23:15:03"}
{"level":"info","message":"HTTP Request: GET /?limit=20 - Status: 304 - Duration: 5ms - IP: ::1","timestamp":"2026-06-16 23:15:03"}
{"level":"info","message":"HTTP Request: GET /?limit=17&hasActive=true - Status: 304 - Duration: 17ms - IP: ::1","timestamp":"2026-06-16 23:15:03"}
{"level":"info","message":"HTTP Request: GET /fishermen/leaderboard - Status: 304 - Duration: 16ms - IP: ::1","timestamp":"2026-06-16 23:15:03"}
{"level":"info","message":"HTTP Request: GET /fishermen/leaderboard - Status: 304 - Duration: 17ms - IP: ::1","timestamp":"2026-06-16 23:15:03"}
{"level":"info","message":"HTTP Request: GET /?limit=20 - Status: 304 - Duration: 5ms - IP: ::1","timestamp":"2026-06-16 23:15:03"}
{"level":"info","message":"HTTP Request: GET /?limit=20 - Status: 304 - Duration: 5ms - IP: ::1","timestamp":"2026-06-16 23:15:03"}
{"level":"info","message":"HTTP Request: GET /?limit=17&hasActive=true - Status: 304 - Duration: 15ms - IP: ::1","timestamp":"2026-06-16 23:15:03"}
{"level":"info","message":"HTTP Request: GET /fishermen/leaderboard - Status: 304 - Duration: 15ms - IP: ::1","timestamp":"2026-06-16 23:15:03"}
{"level":"info","message":"HTTP Request: GET /fishermen/leaderboard - Status: 304 - Duration: 13ms - IP: ::1","timestamp":"2026-06-16 23:15:03"}
{"level":"info","message":"HTTP Request: GET /?limit=20 - Status: 304 - Duration: 6ms - IP: ::1","timestamp":"2026-06-16 23:15:03"}
{"level":"info","message":"HTTP Request: GET /?limit=20 - Status: 304 - Duration: 7ms - IP: ::1","timestamp":"2026-06-16 23:15:03"}
{"level":"info","message":"HTTP Request: GET /?limit=17&hasActive=true - Status: 304 - Duration: 22ms - IP: ::1","timestamp":"2026-06-16 23:15:03"}
{"level":"info","message":"HTTP Request: GET /fishermen/leaderboard - Status: 304 - Duration: 14ms - IP: ::1","timestamp":"2026-06-16 23:15:03"}
{"level":"info","message":"HTTP Request: GET /fishermen/leaderboard - Status: 304 - Duration: 15ms - IP: ::1","timestamp":"2026-06-16 23:15:03"}
{"level":"info","message":"HTTP Request: GET /?limit=20 - Status: 304 - Duration: 6ms - IP: ::1","timestamp":"2026-06-16 23:15:04"}
{"level":"info","message":"HTTP Request: GET /?limit=17&hasActive=true - Status: 304 - Duration: 20ms - IP: ::1","timestamp":"2026-06-16 23:15:04"}
{"level":"info","message":"HTTP Request: GET /?limit=20 - Status: 304 - Duration: 9ms - IP: ::1","timestamp":"2026-06-16 23:15:04"}
{"level":"info","message":"HTTP Request: GET /fishermen/leaderboard - Status: 304 - Duration: 18ms - IP: ::1","timestamp":"2026-06-16 23:15:04"}
{"level":"info","message":"HTTP Request: GET /fishermen/leaderboard - Status: 304 - Duration: 22ms - IP: ::1","timestamp":"2026-06-16 23:15:04"}
{"level":"info","message":"HTTP Request: GET /?limit=20 - Status: 304 - Duration: 4ms - IP: ::1","timestamp":"2026-06-16 23:15:04"}
{"level":"info","message":"HTTP Request: GET /?limit=20 - Status: 304 - Duration: 7ms - IP: ::1","timestamp":"2026-06-16 23:15:04"}
{"level":"info","message":"HTTP Request: GET /?limit=17&hasActive=true - Status: 304 - Duration: 21ms - IP: ::1","timestamp":"2026-06-16 23:15:04"}
{"level":"info","message":"HTTP Request: GET /fishermen/leaderboard - Status: 304 - Duration: 18ms - IP: ::1","timestamp":"2026-06-16 23:15:04"}
{"level":"info","message":"HTTP Request: GET /fishermen/leaderboard - Status: 304 - Duration: 23ms - IP: ::1","timestamp":"2026-06-16 23:15:04"}
{"level":"info","message":"HTTP Request: GET /?limit=20 - Status: 304 - Duration: 7ms - IP: ::1","timestamp":"2026-06-16 23:15:04"}
{"level":"info","message":"HTTP Request: GET /?limit=20 - Status: 304 - Duration: 6ms - IP: ::1","timestamp":"2026-06-16 23:15:04"}
{"level":"info","message":"HTTP Request: GET /?limit=17&hasActive=true - Status: 304 - Duration: 19ms - IP: ::1","timestamp":"2026-06-16 23:15:04"}
{"level":"info","message":"HTTP Request: GET /fishermen/leaderboard - Status: 304 - Duration: 15ms - IP: ::1","timestamp":"2026-06-16 23:15:04"}
{"level":"info","message":"HTTP Request: GET /fishermen/leaderboard - Status: 304 - Duration: 14ms - IP: ::1","timestamp":"2026-06-16 23:15:04"}
{"level":"info","message":"HTTP Request: GET /?limit=20 - Status: 304 - Duration: 4ms - IP: ::1","timestamp":"2026-06-16 23:15:04"}
{"level":"info","message":"HTTP Request: GET /?limit=17&hasActive=true - Status: 304 - Duration: 15ms - IP: ::1","timestamp":"2026-06-16 23:15:04"}
{"level":"info","message":"HTTP Request: GET /?limit=20 - Status: 304 - Duration: 4ms - IP: ::1","timestamp":"2026-06-16 23:15:04"}
{"level":"info","message":"HTTP Request: GET /fishermen/leaderboard - Status: 304 - Duration: 17ms - IP: ::1","timestamp":"2026-06-16 23:15:04"}
{"level":"info","message":"HTTP Request: GET /fishermen/leaderboard - Status: 304 - Duration: 14ms - IP: ::1","timestamp":"2026-06-16 23:15:04"}
{"level":"info","message":"HTTP Request: GET /?limit=20 - Status: 304 - Duration: 6ms - IP: ::1","timestamp":"2026-06-16 23:15:05"}
{"level":"info","message":"HTTP Request: GET /?limit=20 - Status: 304 - Duration: 5ms - IP: ::1","timestamp":"2026-06-16 23:15:05"}
{"level":"info","message":"HTTP Request: GET /?limit=17&hasActive=true - Status: 304 - Duration: 17ms - IP: ::1","timestamp":"2026-06-16 23:15:05"}
{"level":"info","message":"HTTP Request: GET /fishermen/leaderboard - Status: 304 - Duration: 14ms - IP: ::1","timestamp":"2026-06-16 23:15:05"}
{"level":"info","message":"HTTP Request: GET /fishermen/leaderboard - Status: 304 - Duration: 13ms - IP: ::1","timestamp":"2026-06-16 23:15:05"}
{"level":"info","message":"HTTP Request: GET /?limit=20 - Status: 304 - Duration: 4ms - IP: ::1","timestamp":"2026-06-16 23:15:05"}
{"level":"info","message":"HTTP Request: GET /?limit=20 - Status: 304 - Duration: 4ms - IP: ::1","timestamp":"2026-06-16 23:15:05"}
{"level":"info","message":"HTTP Request: GET /?limit=17&hasActive=true - Status: 304 - Duration: 16ms - IP: ::1","timestamp":"2026-06-16 23:15:05"}
{"level":"info","message":"HTTP Request: GET /fishermen/leaderboard - Status: 304 - Duration: 13ms - IP: ::1","timestamp":"2026-06-16 23:15:05"}
{"level":"info","message":"HTTP Request: GET /fishermen/leaderboard - Status: 304 - Duration: 16ms - IP: ::1","timestamp":"2026-06-16 23:15:05"}
{"level":"info","message":"HTTP Request: GET /?limit=20 - Status: 304 - Duration: 7ms - IP: ::1","timestamp":"2026-06-16 23:15:05"}
{"level":"info","message":"HTTP Request: GET /?limit=20 - Status: 304 - Duration: 6ms - IP: ::1","timestamp":"2026-06-16 23:15:05"}
{"level":"info","message":"HTTP Request: GET /?limit=17&hasActive=true - Status: 304 - Duration: 20ms - IP: ::1","timestamp":"2026-06-16 23:15:05"}
{"level":"info","message":"HTTP Request: GET /fishermen/leaderboard - Status: 304 - Duration: 13ms - IP: ::1","timestamp":"2026-06-16 23:15:05"}
{"level":"info","message":"HTTP Request: GET /fishermen/leaderboard - Status: 304 - Duration: 13ms - IP: ::1","timestamp":"2026-06-16 23:15:05"}
{"level":"info","message":"HTTP Request: GET /?limit=20 - Status: 304 - Duration: 5ms - IP: ::1","timestamp":"2026-06-16 23:15:06"}
{"level":"info","message":"HTTP Request: GET /?limit=20 - Status: 304 - Duration: 7ms - IP: ::1","timestamp":"2026-06-16 23:15:06"}
{"level":"info","message":"HTTP Request: GET /?limit=17&hasActive=true - Status: 304 - Duration: 20ms - IP: ::1","timestamp":"2026-06-16 23:15:06"}
{"level":"info","message":"HTTP Request: GET /fishermen/leaderboard - Status: 304 - Duration: 12ms - IP: ::1","timestamp":"2026-06-16 23:15:06"}
{"level":"info","message":"HTTP Request: GET /fishermen/leaderboard - Status: 304 - Duration: 13ms - IP: ::1","timestamp":"2026-06-16 23:15:06"}
{"level":"info","message":"HTTP Request: GET /?limit=20 - Status: 304 - Duration: 5ms - IP: ::1","timestamp":"2026-06-16 23:15:06"}
{"level":"info","message":"HTTP Request: GET /?limit=17&hasActive=true - Status: 304 - Duration: 15ms - IP: ::1","timestamp":"2026-06-16 23:15:06"}
{"level":"info","message":"HTTP Request: GET /?limit=20 - Status: 304 - Duration: 4ms - IP: ::1","timestamp":"2026-06-16 23:15:06"}
{"level":"info","message":"HTTP Request: GET /fishermen/leaderboard - Status: 304 - Duration: 13ms - IP: ::1","timestamp":"2026-06-16 23:15:06"}
{"level":"info","message":"HTTP Request: GET /fishermen/leaderboard - Status: 304 - Duration: 15ms - IP: ::1","timestamp":"2026-06-16 23:15:06"}
{"level":"info","message":"HTTP Request: GET /?limit=20 - Status: 304 - Duration: 6ms - IP: ::1","timestamp":"2026-06-16 23:15:06"}
{"level":"info","message":"HTTP Request: GET /?limit=20 - Status: 304 - Duration: 6ms - IP: ::1","timestamp":"2026-06-16 23:15:06"}
{"level":"info","message":"HTTP Request: GET /?limit=17&hasActive=true - Status: 304 - Duration: 16ms - IP: ::1","timestamp":"2026-06-16 23:15:06"}
{"level":"info","message":"HTTP Request: GET /fishermen/leaderboard - Status: 304 - Duration: 22ms - IP: ::1","timestamp":"2026-06-16 23:15:06"}
{"level":"info","message":"HTTP Request: GET /fishermen/leaderboard - Status: 304 - Duration: 22ms - IP: ::1","timestamp":"2026-06-16 23:15:06"}
{"level":"info","message":"HTTP Request: GET /?limit=20 - Status: 304 - Duration: 5ms - IP: ::1","timestamp":"2026-06-16 23:15:06"}
{"level":"info","message":"HTTP Request: GET /?limit=20 - Status: 304 - Duration: 4ms - IP: ::1","timestamp":"2026-06-16 23:15:06"}
{"level":"info","message":"HTTP Request: GET /?limit=17&hasActive=true - Status: 304 - Duration: 17ms - IP: ::1","timestamp":"2026-06-16 23:15:06"}
{"level":"info","message":"HTTP Request: GET /fishermen/leaderboard - Status: 304 - Duration: 20ms - IP: ::1","timestamp":"2026-06-16 23:15:06"}
{"level":"info","message":"HTTP Request: GET /fishermen/leaderboard - Status: 304 - Duration: 16ms - IP: ::1","timestamp":"2026-06-16 23:15:06"}
{"level":"info","message":"HTTP Request: GET /?limit=20 - Status: 304 - Duration: 5ms - IP: ::1","timestamp":"2026-06-16 23:15:07"}
{"level":"info","message":"HTTP Request: GET /?limit=20 - Status: 304 - Duration: 5ms - IP: ::1","timestamp":"2026-06-16 23:15:07"}
{"level":"info","message":"HTTP Request: GET /?limit=17&hasActive=true - Status: 304 - Duration: 15ms - IP: ::1","timestamp":"2026-06-16 23:15:07"}
{"level":"info","message":"HTTP Request: GET /fishermen/leaderboard - Status: 304 - Duration: 15ms - IP: ::1","timestamp":"2026-06-16 23:15:07"}
{"level":"info","message":"HTTP Request: GET /fishermen/leaderboard - Status: 304 - Duration: 16ms - IP: ::1","timestamp":"2026-06-16 23:15:07"}
{"level":"info","message":"HTTP Request: GET /me - Status: 401 - Duration: 1ms - IP: ::1","timestamp":"2026-06-16 23:15:14"}
{"level":"info","message":"HTTP Request: POST /refresh - Status: 401 - Duration: 0ms - IP: ::1","timestamp":"2026-06-16 23:15:14"}
{"level":"info","message":"HTTP Request: GET /?limit=20 - Status: 304 - Duration: 4ms - IP: ::1","timestamp":"2026-06-16 23:15:14"}
{"level":"info","message":"HTTP Request: GET /?limit=17&hasActive=true - Status: 304 - Duration: 13ms - IP: ::1","timestamp":"2026-06-16 23:15:14"}
{"level":"info","message":"HTTP Request: GET /?limit=20 - Status: 304 - Duration: 4ms - IP: ::1","timestamp":"2026-06-16 23:15:14"}
{"level":"info","message":"HTTP Request: GET /fishermen/leaderboard - Status: 304 - Duration: 13ms - IP: ::1","timestamp":"2026-06-16 23:15:14"}
{"level":"info","message":"HTTP Request: GET /fishermen/leaderboard - Status: 304 - Duration: 15ms - IP: ::1","timestamp":"2026-06-16 23:15:14"}
{"level":"info","message":"HTTP Request: GET /?limit=20 - Status: 304 - Duration: 6ms - IP: ::1","timestamp":"2026-06-16 23:15:14"}
{"level":"info","message":"HTTP Request: GET /?limit=20 - Status: 304 - Duration: 3ms - IP: ::1","timestamp":"2026-06-16 23:15:14"}
{"level":"info","message":"HTTP Request: GET /?limit=17&hasActive=true - Status: 304 - Duration: 17ms - IP: ::1","timestamp":"2026-06-16 23:15:14"}
{"level":"info","message":"HTTP Request: GET /fishermen/leaderboard - Status: 304 - Duration: 14ms - IP: ::1","timestamp":"2026-06-16 23:15:14"}
{"level":"info","message":"HTTP Request: GET /fishermen/leaderboard - Status: 304 - Duration: 13ms - IP: ::1","timestamp":"2026-06-16 23:15:14"}
{"level":"info","message":"HTTP Request: GET /me - Status: 401 - Duration: 1ms - IP: ::1","timestamp":"2026-06-16 23:15:23"}
{"level":"info","message":"HTTP Request: POST /refresh - Status: 401 - Duration: 1ms - IP: ::1","timestamp":"2026-06-16 23:15:23"}
{"level":"info","message":"HTTP Request: GET /?limit=20 - Status: 304 - Duration: 6ms - IP: ::1","timestamp":"2026-06-16 23:15:23"}
{"level":"info","message":"HTTP Request: GET /?limit=20 - Status: 304 - Duration: 7ms - IP: ::1","timestamp":"2026-06-16 23:15:23"}
{"level":"info","message":"HTTP Request: GET /?limit=17&hasActive=true - Status: 304 - Duration: 24ms - IP: ::1","timestamp":"2026-06-16 23:15:23"}
{"level":"info","message":"HTTP Request: GET /fishermen/leaderboard - Status: 304 - Duration: 15ms - IP: ::1","timestamp":"2026-06-16 23:15:23"}
{"level":"info","message":"HTTP Request: GET /fishermen/leaderboard - Status: 304 - Duration: 21ms - IP: ::1","timestamp":"2026-06-16 23:15:23"}
{"level":"info","message":"HTTP Request: GET /?limit=20 - Status: 304 - Duration: 6ms - IP: ::1","timestamp":"2026-06-16 23:15:23"}
{"level":"info","message":"HTTP Request: GET /?limit=20 - Status: 304 - Duration: 7ms - IP: ::1","timestamp":"2026-06-16 23:15:23"}
{"level":"info","message":"HTTP Request: GET /?limit=17&hasActive=true - Status: 304 - Duration: 19ms - IP: ::1","timestamp":"2026-06-16 23:15:23"}
{"level":"info","message":"HTTP Request: GET /fishermen/leaderboard - Status: 304 - Duration: 16ms - IP: ::1","timestamp":"2026-06-16 23:15:24"}
{"level":"info","message":"HTTP Request: GET /fishermen/leaderboard - Status: 304 - Duration: 15ms - IP: ::1","timestamp":"2026-06-16 23:15:24"}
{"level":"info","message":"HTTP Request: GET /me - Status: 401 - Duration: 1ms - IP: ::1","timestamp":"2026-06-16 23:18:04"}
{"level":"info","message":"HTTP Request: POST /refresh - Status: 401 - Duration: 1ms - IP: ::1","timestamp":"2026-06-16 23:18:04"}
{"level":"info","message":"HTTP Request: GET /?limit=20 - Status: 304 - Duration: 8ms - IP: ::1","timestamp":"2026-06-16 23:18:04"}
{"level":"info","message":"HTTP Request: GET /?limit=17&hasActive=true - Status: 304 - Duration: 22ms - IP: ::1","timestamp":"2026-06-16 23:18:04"}
{"level":"info","message":"HTTP Request: GET /?limit=20 - Status: 304 - Duration: 6ms - IP: ::1","timestamp":"2026-06-16 23:18:04"}
{"level":"info","message":"HTTP Request: GET /fishermen/leaderboard - Status: 304 - Duration: 17ms - IP: ::1","timestamp":"2026-06-16 23:18:04"}
{"level":"info","message":"HTTP Request: GET /fishermen/leaderboard - Status: 304 - Duration: 16ms - IP: ::1","timestamp":"2026-06-16 23:18:05"}
{"level":"info","message":"HTTP Request: GET /?limit=20 - Status: 304 - Duration: 4ms - IP: ::1","timestamp":"2026-06-16 23:18:05"}
{"level":"info","message":"HTTP Request: GET /?limit=17&hasActive=true - Status: 304 - Duration: 23ms - IP: ::1","timestamp":"2026-06-16 23:18:05"}
{"level":"info","message":"HTTP Request: GET /?limit=20 - Status: 304 - Duration: 11ms - IP: ::1","timestamp":"2026-06-16 23:18:05"}
{"level":"info","message":"HTTP Request: GET /fishermen/leaderboard - Status: 304 - Duration: 21ms - IP: ::1","timestamp":"2026-06-16 23:18:05"}
{"level":"info","message":"HTTP Request: GET /fishermen/leaderboard - Status: 304 - Duration: 13ms - IP: ::1","timestamp":"2026-06-16 23:18:05"}
{"level":"info","message":"HTTP Request: GET /?limit=20 - Status: 304 - Duration: 4ms - IP: ::1","timestamp":"2026-06-16 23:18:06"}
{"level":"info","message":"HTTP Request: GET /?limit=20 - Status: 304 - Duration: 3ms - IP: ::1","timestamp":"2026-06-16 23:18:06"}
{"level":"info","message":"HTTP Request: GET /?limit=17&hasActive=true - Status: 304 - Duration: 17ms - IP: ::1","timestamp":"2026-06-16 23:18:06"}
{"level":"info","message":"HTTP Request: GET /fishermen/leaderboard - Status: 304 - Duration: 14ms - IP: ::1","timestamp":"2026-06-16 23:18:06"}
{"level":"info","message":"HTTP Request: GET /fishermen/leaderboard - Status: 304 - Duration: 12ms - IP: ::1","timestamp":"2026-06-16 23:18:06"}
{"level":"info","message":"HTTP Request: GET /?limit=20 - Status: 304 - Duration: 4ms - IP: ::1","timestamp":"2026-06-16 23:18:07"}
{"level":"info","message":"HTTP Request: GET /?limit=20 - Status: 304 - Duration: 4ms - IP: ::1","timestamp":"2026-06-16 23:18:07"}
{"level":"info","message":"HTTP Request: GET /?limit=17&hasActive=true - Status: 304 - Duration: 13ms - IP: ::1","timestamp":"2026-06-16 23:18:07"}
{"level":"info","message":"HTTP Request: GET /fishermen/leaderboard - Status: 304 - Duration: 13ms - IP: ::1","timestamp":"2026-06-16 23:18:07"}
{"level":"info","message":"HTTP Request: GET /fishermen/leaderboard - Status: 304 - Duration: 13ms - IP: ::1","timestamp":"2026-06-16 23:18:07"}
{"level":"info","message":"HTTP Request: GET /?limit=20 - Status: 304 - Duration: 3ms - IP: ::1","timestamp":"2026-06-16 23:18:08"}
{"level":"info","message":"HTTP Request: GET /?limit=20 - Status: 304 - Duration: 5ms - IP: ::1","timestamp":"2026-06-16 23:18:08"}
{"level":"info","message":"HTTP Request: GET /?limit=17&hasActive=true - Status: 304 - Duration: 17ms - IP: ::1","timestamp":"2026-06-16 23:18:08"}
{"level":"info","message":"HTTP Request: GET /fishermen/leaderboard - Status: 304 - Duration: 13ms - IP: ::1","timestamp":"2026-06-16 23:18:08"}
{"level":"info","message":"HTTP Request: GET /fishermen/leaderboard - Status: 304 - Duration: 14ms - IP: ::1","timestamp":"2026-06-16 23:18:08"}
{"level":"info","message":"HTTP Request: GET /?limit=20 - Status: 304 - Duration: 8ms - IP: ::1","timestamp":"2026-06-16 23:18:15"}
{"level":"info","message":"HTTP Request: GET /?limit=17&hasActive=true - Status: 304 - Duration: 15ms - IP: ::1","timestamp":"2026-06-16 23:18:15"}
{"level":"info","message":"HTTP Request: GET /?limit=20 - Status: 304 - Duration: 3ms - IP: ::1","timestamp":"2026-06-16 23:18:15"}
{"level":"info","message":"HTTP Request: GET /fishermen/leaderboard - Status: 304 - Duration: 11ms - IP: ::1","timestamp":"2026-06-16 23:18:15"}
{"level":"info","message":"HTTP Request: GET /fishermen/leaderboard - Status: 304 - Duration: 11ms - IP: ::1","timestamp":"2026-06-16 23:18:15"}
{"level":"info","message":"🔑 [MOCK GOOGLE LOGIN] Email=binh@haisan.vn, Name=Mock User (binh)","timestamp":"2026-06-16 23:18:24"}
{"level":"info","message":"🚪 Existing Google User logged in: ID=6a2b474a042bc59f0bb53d48, Email=binh@haisan.vn","timestamp":"2026-06-16 23:18:24"}
{"level":"info","message":"HTTP Request: POST /google - Status: 200 - Duration: 24ms - IP: ::1","timestamp":"2026-06-16 23:18:24"}
{"level":"info","message":"HTTP Request: GET /?limit=20 - Status: 304 - Duration: 9ms - IP: ::1","timestamp":"2026-06-16 23:18:24"}
{"level":"info","message":"HTTP Request: GET /unread-count - Status: 304 - Duration: 9ms - IP: ::1","timestamp":"2026-06-16 23:18:24"}
{"level":"info","message":"HTTP Request: GET / - Status: 304 - Duration: 23ms - IP: ::1","timestamp":"2026-06-16 23:18:24"}
{"level":"info","message":"HTTP Request: GET /?limit=17&hasActive=true - Status: 304 - Duration: 22ms - IP: ::1","timestamp":"2026-06-16 23:18:24"}
{"level":"info","message":"HTTP Request: GET /?limit=20 - Status: 304 - Duration: 13ms - IP: ::1","timestamp":"2026-06-16 23:18:24"}
{"level":"info","message":"HTTP Request: GET / - Status: 304 - Duration: 17ms - IP: ::1","timestamp":"2026-06-16 23:18:24"}
{"level":"info","message":"HTTP Request: GET /fishermen/leaderboard - Status: 304 - Duration: 17ms - IP: ::1","timestamp":"2026-06-16 23:18:25"}
{"level":"info","message":"HTTP Request: GET /fishermen/leaderboard - Status: 304 - Duration: 14ms - IP: ::1","timestamp":"2026-06-16 23:18:25"}
{"level":"info","message":"HTTP Request: GET /unread-count - Status: 304 - Duration: 4ms - IP: ::1","timestamp":"2026-06-16 23:18:26"}
{"level":"info","message":"HTTP Request: GET /my?page=1&limit=5 - Status: 200 - Duration: 13ms - IP: ::1","timestamp":"2026-06-16 23:18:26"}
{"level":"info","message":"HTTP Request: GET /unread-count - Status: 304 - Duration: 4ms - IP: ::1","timestamp":"2026-06-16 23:18:26"}
{"level":"info","message":"HTTP Request: GET /my?page=1&limit=5 - Status: 304 - Duration: 9ms - IP: ::1","timestamp":"2026-06-16 23:18:26"}
{"level":"info","message":"HTTP Request: GET / - Status: 304 - Duration: 6ms - IP: ::1","timestamp":"2026-06-16 23:18:26"}
{"level":"info","message":"HTTP Request: GET / - Status: 304 - Duration: 4ms - IP: ::1","timestamp":"2026-06-16 23:18:26"}
{"level":"info","message":"HTTP Request: GET /?limit=20 - Status: 304 - Duration: 5ms - IP: ::1","timestamp":"2026-06-16 23:18:28"}
{"level":"info","message":"HTTP Request: GET /?limit=20 - Status: 304 - Duration: 7ms - IP: ::1","timestamp":"2026-06-16 23:18:28"}
{"level":"info","message":"HTTP Request: GET /?limit=17&hasActive=true - Status: 304 - Duration: 24ms - IP: ::1","timestamp":"2026-06-16 23:18:28"}
{"level":"info","message":"HTTP Request: GET /fishermen/leaderboard - Status: 304 - Duration: 16ms - IP: ::1","timestamp":"2026-06-16 23:18:28"}
{"level":"info","message":"HTTP Request: GET /fishermen/leaderboard - Status: 304 - Duration: 14ms - IP: ::1","timestamp":"2026-06-16 23:18:28"}
{"level":"info","message":"HTTP Request: GET /?page=1&limit=10 - Status: 200 - Duration: 5ms - IP: ::1","timestamp":"2026-06-16 23:18:29"}
{"level":"info","message":"HTTP Request: GET /?limit=20 - Status: 304 - Duration: 4ms - IP: ::1","timestamp":"2026-06-16 23:18:30"}
{"level":"info","message":"HTTP Request: GET /?limit=20 - Status: 304 - Duration: 6ms - IP: ::1","timestamp":"2026-06-16 23:18:30"}
{"level":"info","message":"HTTP Request: GET /?limit=17&hasActive=true - Status: 304 - Duration: 19ms - IP: ::1","timestamp":"2026-06-16 23:18:30"}
{"level":"info","message":"HTTP Request: GET /fishermen/leaderboard - Status: 304 - Duration: 14ms - IP: ::1","timestamp":"2026-06-16 23:18:30"}
{"level":"info","message":"HTTP Request: GET /fishermen/leaderboard - Status: 304 - Duration: 16ms - IP: ::1","timestamp":"2026-06-16 23:18:30"}
{"level":"info","message":"HTTP Request: GET /?limit=20 - Status: 304 - Duration: 3ms - IP: ::1","timestamp":"2026-06-16 23:18:33"}
{"level":"info","message":"HTTP Request: GET /?limit=20 - Status: 304 - Duration: 5ms - IP: ::1","timestamp":"2026-06-16 23:18:33"}
{"level":"info","message":"HTTP Request: GET /?limit=17&hasActive=true - Status: 304 - Duration: 19ms - IP: ::1","timestamp":"2026-06-16 23:18:33"}
{"level":"info","message":"HTTP Request: GET /fishermen/leaderboard - Status: 304 - Duration: 17ms - IP: ::1","timestamp":"2026-06-16 23:18:33"}
{"level":"info","message":"HTTP Request: GET /fishermen/leaderboard - Status: 304 - Duration: 10ms - IP: ::1","timestamp":"2026-06-16 23:18:33"}
{"level":"info","message":"HTTP Request: GET /?limit=20 - Status: 304 - Duration: 5ms - IP: ::1","timestamp":"2026-06-16 23:18:37"}
{"level":"info","message":"HTTP Request: GET /?limit=17&hasActive=true - Status: 304 - Duration: 16ms - IP: ::1","timestamp":"2026-06-16 23:18:37"}
{"level":"info","message":"HTTP Request: GET /?limit=20 - Status: 304 - Duration: 3ms - IP: ::1","timestamp":"2026-06-16 23:18:37"}
{"level":"info","message":"HTTP Request: GET /fishermen/leaderboard - Status: 304 - Duration: 15ms - IP: ::1","timestamp":"2026-06-16 23:18:37"}
{"level":"info","message":"HTTP Request: GET /fishermen/leaderboard - Status: 304 - Duration: 13ms - IP: ::1","timestamp":"2026-06-16 23:18:37"}
{"level":"info","message":"HTTP Request: GET /?limit=20 - Status: 304 - Duration: 4ms - IP: ::1","timestamp":"2026-06-16 23:18:38"}
{"level":"info","message":"HTTP Request: GET /?limit=20 - Status: 304 - Duration: 4ms - IP: ::1","timestamp":"2026-06-16 23:18:38"}
{"level":"info","message":"HTTP Request: GET /?limit=17&hasActive=true - Status: 304 - Duration: 13ms - IP: ::1","timestamp":"2026-06-16 23:18:38"}
{"level":"info","message":"HTTP Request: GET /fishermen/leaderboard - Status: 304 - Duration: 14ms - IP: ::1","timestamp":"2026-06-16 23:18:38"}
{"level":"info","message":"HTTP Request: GET /fishermen/leaderboard - Status: 304 - Duration: 12ms - IP: ::1","timestamp":"2026-06-16 23:18:38"}
{"level":"info","message":"HTTP Request: GET /?limit=20 - Status: 304 - Duration: 4ms - IP: ::1","timestamp":"2026-06-16 23:18:38"}
{"level":"info","message":"HTTP Request: GET /?limit=20 - Status: 304 - Duration: 3ms - IP: ::1","timestamp":"2026-06-16 23:18:38"}
{"level":"info","message":"HTTP Request: GET /?limit=17&hasActive=true - Status: 304 - Duration: 15ms - IP: ::1","timestamp":"2026-06-16 23:18:38"}
{"level":"info","message":"HTTP Request: GET /fishermen/leaderboard - Status: 304 - Duration: 12ms - IP: ::1","timestamp":"2026-06-16 23:18:38"}
{"level":"info","message":"HTTP Request: GET /fishermen/leaderboard - Status: 304 - Duration: 13ms - IP: ::1","timestamp":"2026-06-16 23:18:38"}
{"level":"info","message":"HTTP Request: GET /?limit=20 - Status: 304 - Duration: 4ms - IP: ::1","timestamp":"2026-06-16 23:18:39"}
{"level":"info","message":"HTTP Request: GET /?limit=17&hasActive=true - Status: 304 - Duration: 14ms - IP: ::1","timestamp":"2026-06-16 23:18:39"}
{"level":"info","message":"HTTP Request: GET /?limit=20 - Status: 304 - Duration: 3ms - IP: ::1","timestamp":"2026-06-16 23:18:39"}
{"level":"info","message":"HTTP Request: GET /fishermen/leaderboard - Status: 304 - Duration: 15ms - IP: ::1","timestamp":"2026-06-16 23:18:39"}
{"level":"info","message":"HTTP Request: GET /fishermen/leaderboard - Status: 304 - Duration: 9ms - IP: ::1","timestamp":"2026-06-16 23:18:39"}
{"level":"info","message":"HTTP Request: GET /?limit=20 - Status: 304 - Duration: 3ms - IP: ::1","timestamp":"2026-06-16 23:18:53"}
{"level":"info","message":"HTTP Request: GET /?limit=20 - Status: 304 - Duration: 9ms - IP: ::1","timestamp":"2026-06-16 23:18:54"}
{"level":"info","message":"HTTP Request: GET /?limit=17&hasActive=true - Status: 304 - Duration: 24ms - IP: ::1","timestamp":"2026-06-16 23:18:54"}
{"level":"info","message":"HTTP Request: GET /fishermen/leaderboard - Status: 304 - Duration: 15ms - IP: ::1","timestamp":"2026-06-16 23:18:54"}
{"level":"info","message":"HTTP Request: GET /fishermen/leaderboard - Status: 304 - Duration: 14ms - IP: ::1","timestamp":"2026-06-16 23:18:54"}
{"level":"info","message":"HTTP Request: GET /me - Status: 401 - Duration: 1ms - IP: ::1","timestamp":"2026-06-16 23:19:10"}
{"level":"info","message":"HTTP Request: GET /me - Status: 401 - Duration: 0ms - IP: ::1","timestamp":"2026-06-16 23:19:10"}
{"level":"info","message":"HTTP Request: POST /refresh - Status: 401 - Duration: 0ms - IP: ::1","timestamp":"2026-06-16 23:19:10"}
{"level":"info","message":"HTTP Request: GET /?limit=20 - Status: 304 - Duration: 14ms - IP: ::1","timestamp":"2026-06-16 23:19:10"}
{"level":"info","message":"HTTP Request: GET /?limit=17&hasActive=true - Status: 200 - Duration: 33ms - IP: ::1","timestamp":"2026-06-16 23:19:10"}
{"level":"info","message":"HTTP Request: GET /?limit=20 - Status: 304 - Duration: 4ms - IP: ::1","timestamp":"2026-06-16 23:19:10"}
{"level":"info","message":"HTTP Request: GET /?limit=17&hasActive=true - Status: 304 - Duration: 13ms - IP: ::1","timestamp":"2026-06-16 23:19:10"}
{"level":"info","message":"HTTP Request: GET /fishermen/leaderboard - Status: 304 - Duration: 15ms - IP: ::1","timestamp":"2026-06-16 23:19:10"}
{"level":"info","message":"HTTP Request: GET /fishermen/leaderboard - Status: 304 - Duration: 12ms - IP: ::1","timestamp":"2026-06-16 23:19:10"}
{"level":"info","message":"HTTP Request: GET /?limit=20 - Status: 304 - Duration: 7ms - IP: ::1","timestamp":"2026-06-16 23:19:11"}
{"level":"info","message":"HTTP Request: GET /?limit=17&hasActive=true - Status: 200 - Duration: 12ms - IP: ::1","timestamp":"2026-06-16 23:19:11"}
{"level":"info","message":"HTTP Request: GET /?limit=20 - Status: 304 - Duration: 3ms - IP: ::1","timestamp":"2026-06-16 23:19:11"}
{"level":"info","message":"HTTP Request: GET /fishermen/leaderboard - Status: 304 - Duration: 12ms - IP: ::1","timestamp":"2026-06-16 23:19:11"}
{"level":"info","message":"HTTP Request: GET /fishermen/leaderboard - Status: 304 - Duration: 18ms - IP: ::1","timestamp":"2026-06-16 23:19:11"}
{"level":"info","message":"HTTP Request: GET /?limit=20 - Status: 200 - Duration: 5ms - IP: ::1","timestamp":"2026-06-16 23:19:23"}
{"level":"info","message":"HTTP Request: GET /?limit=20 - Status: 200 - Duration: 5ms - IP: ::1","timestamp":"2026-06-16 23:19:24"}
{"level":"info","message":"HTTP Request: GET /?limit=17&hasActive=true - Status: 200 - Duration: 17ms - IP: ::1","timestamp":"2026-06-16 23:19:24"}
{"level":"info","message":"HTTP Request: GET /fishermen/leaderboard - Status: 200 - Duration: 17ms - IP: ::1","timestamp":"2026-06-16 23:19:24"}
{"level":"info","message":"HTTP Request: GET /fishermen/leaderboard - Status: 200 - Duration: 14ms - IP: ::1","timestamp":"2026-06-16 23:19:24"}
{"level":"info","message":"HTTP Request: GET /?limit=20 - Status: 200 - Duration: 3ms - IP: ::1","timestamp":"2026-06-16 23:19:24"}
{"level":"info","message":"HTTP Request: GET /?limit=20 - Status: 200 - Duration: 3ms - IP: ::1","timestamp":"2026-06-16 23:19:24"}
{"level":"info","message":"HTTP Request: GET /?limit=17&hasActive=true - Status: 200 - Duration: 19ms - IP: ::1","timestamp":"2026-06-16 23:19:24"}
{"level":"info","message":"HTTP Request: GET /?limit=17&hasActive=true - Status: 200 - Duration: 15ms - IP: ::1","timestamp":"2026-06-16 23:19:24"}
{"level":"info","message":"HTTP Request: GET /fishermen/leaderboard - Status: 200 - Duration: 13ms - IP: ::1","timestamp":"2026-06-16 23:19:24"}
{"level":"info","message":"HTTP Request: GET /unread-count - Status: 304 - Duration: 8ms - IP: ::1","timestamp":"2026-06-16 23:19:24"}
{"level":"info","message":"HTTP Request: GET /fishermen/leaderboard - Status: 200 - Duration: 19ms - IP: ::1","timestamp":"2026-06-16 23:19:24"}
{"level":"info","message":"HTTP Request: GET /?limit=17&hasActive=true - Status: 200 - Duration: 15ms - IP: ::1","timestamp":"2026-06-16 23:19:25"}
{"level":"info","message":"HTTP Request: GET /?limit=20 - Status: 200 - Duration: 5ms - IP: ::1","timestamp":"2026-06-16 23:19:25"}
{"level":"info","message":"HTTP Request: GET /?limit=20 - Status: 200 - Duration: 6ms - IP: ::1","timestamp":"2026-06-16 23:19:25"}
{"level":"info","message":"HTTP Request: GET /?limit=17&hasActive=true - Status: 200 - Duration: 21ms - IP: ::1","timestamp":"2026-06-16 23:19:25"}
{"level":"info","message":"HTTP Request: GET /fishermen/leaderboard - Status: 200 - Duration: 12ms - IP: ::1","timestamp":"2026-06-16 23:19:25"}
{"level":"info","message":"HTTP Request: GET /fishermen/leaderboard - Status: 200 - Duration: 11ms - IP: ::1","timestamp":"2026-06-16 23:19:25"}
{"level":"info","message":"HTTP Request: GET /?limit=20 - Status: 200 - Duration: 5ms - IP: ::1","timestamp":"2026-06-16 23:19:26"}
{"level":"info","message":"HTTP Request: GET /?limit=20 - Status: 200 - Duration: 4ms - IP: ::1","timestamp":"2026-06-16 23:19:26"}
{"level":"info","message":"HTTP Request: GET /?limit=17&hasActive=true - Status: 200 - Duration: 13ms - IP: ::1","timestamp":"2026-06-16 23:19:26"}
{"level":"info","message":"HTTP Request: GET /fishermen/leaderboard - Status: 200 - Duration: 12ms - IP: ::1","timestamp":"2026-06-16 23:19:26"}
{"level":"info","message":"HTTP Request: GET /fishermen/leaderboard - Status: 200 - Duration: 14ms - IP: ::1","timestamp":"2026-06-16 23:19:26"}
{"level":"info","message":"HTTP Request: GET /?limit=20 - Status: 200 - Duration: 8ms - IP: ::1","timestamp":"2026-06-16 23:19:26"}
{"level":"info","message":"HTTP Request: GET /?limit=17&hasActive=true - Status: 200 - Duration: 16ms - IP: ::1","timestamp":"2026-06-16 23:19:26"}
{"level":"info","message":"HTTP Request: GET /?limit=20 - Status: 200 - Duration: 3ms - IP: ::1","timestamp":"2026-06-16 23:19:26"}
{"level":"info","message":"HTTP Request: GET /fishermen/leaderboard - Status: 200 - Duration: 10ms - IP: ::1","timestamp":"2026-06-16 23:19:26"}
{"level":"info","message":"HTTP Request: GET /fishermen/leaderboard - Status: 200 - Duration: 10ms - IP: ::1","timestamp":"2026-06-16 23:19:26"}
{"level":"info","message":"HTTP Request: GET /?limit=17&hasActive=true - Status: 200 - Duration: 15ms - IP: ::1","timestamp":"2026-06-16 23:19:27"}
{"level":"info","message":"HTTP Request: GET /?limit=20 - Status: 200 - Duration: 4ms - IP: ::1","timestamp":"2026-06-16 23:19:28"}
{"level":"info","message":"HTTP Request: GET /?limit=20 - Status: 200 - Duration: 3ms - IP: ::1","timestamp":"2026-06-16 23:19:28"}
{"level":"info","message":"HTTP Request: GET /?limit=17&hasActive=true - Status: 200 - Duration: 11ms - IP: ::1","timestamp":"2026-06-16 23:19:28"}
{"level":"info","message":"HTTP Request: GET /fishermen/leaderboard - Status: 200 - Duration: 12ms - IP: ::1","timestamp":"2026-06-16 23:19:28"}
{"level":"info","message":"HTTP Request: GET /fishermen/leaderboard - Status: 200 - Duration: 11ms - IP: ::1","timestamp":"2026-06-16 23:19:28"}
{"level":"info","message":"HTTP Request: GET /?limit=20 - Status: 200 - Duration: 7ms - IP: ::1","timestamp":"2026-06-16 23:19:29"}
{"level":"info","message":"HTTP Request: GET /?limit=20 - Status: 200 - Duration: 10ms - IP: ::1","timestamp":"2026-06-16 23:19:29"}
{"level":"info","message":"HTTP Request: GET /?limit=17&hasActive=true - Status: 200 - Duration: 22ms - IP: ::1","timestamp":"2026-06-16 23:19:29"}
{"level":"info","message":"HTTP Request: GET /fishermen/leaderboard - Status: 200 - Duration: 16ms - IP: ::1","timestamp":"2026-06-16 23:19:29"}
{"level":"info","message":"HTTP Request: GET /fishermen/leaderboard - Status: 200 - Duration: 15ms - IP: ::1","timestamp":"2026-06-16 23:19:29"}
{"level":"info","message":"✅ Redis connected","timestamp":"2026-06-16 23:19:56"}
{"level":"info","message":"✅ Redis connected","timestamp":"2026-06-16 23:19:57"}
{"level":"info","message":"✅ Redis connected","timestamp":"2026-06-16 23:19:57"}
{"level":"info","message":"HTTP Request: GET /fishermen/leaderboard - Status: 200 - Duration: 14597ms - IP: ::1","timestamp":"2026-06-16 23:20:43"}
{"level":"info","message":"HTTP Request: GET /me - Status: 200 - Duration: 12824ms - IP: ::1","timestamp":"2026-06-16 23:20:43"}
{"level":"info","message":"HTTP Request: GET /?limit=17&hasActive=true - Status: 200 - Duration: 7962ms - IP: ::1","timestamp":"2026-06-16 23:20:43"}
{"level":"info","message":"HTTP Request: GET /?limit=20 - Status: 304 - Duration: 12373ms - IP: ::1","timestamp":"2026-06-16 23:20:43"}
{"level":"info","message":"HTTP Request: GET /fishermen/leaderboard - Status: 304 - Duration: 3ms - IP: ::1","timestamp":"2026-06-16 23:20:43"}
{"level":"info","message":"HTTP Request: GET /?limit=20 - Status: 304 - Duration: 3ms - IP: ::1","timestamp":"2026-06-16 23:20:43"}
{"level":"info","message":"HTTP Request: GET /fishermen/leaderboard - Status: 304 - Duration: 4ms - IP: ::1","timestamp":"2026-06-16 23:20:43"}
{"level":"info","message":"HTTP Request: GET /fishermen/leaderboard - Status: 304 - Duration: 3ms - IP: ::1","timestamp":"2026-06-16 23:20:43"}
{"level":"info","message":"HTTP Request: GET /?limit=20 - Status: 304 - Duration: 3ms - IP: ::1","timestamp":"2026-06-16 23:20:43"}
{"level":"info","message":"HTTP Request: GET /?limit=20 - Status: 304 - Duration: 4ms - IP: ::1","timestamp":"2026-06-16 23:20:43"}
{"level":"info","message":"HTTP Request: GET /fishermen/leaderboard - Status: 304 - Duration: 5ms - IP: ::1","timestamp":"2026-06-16 23:20:43"}
{"level":"info","message":"HTTP Request: GET /?limit=20 - Status: 304 - Duration: 5ms - IP: ::1","timestamp":"2026-06-16 23:20:43"}
{"level":"info","message":"HTTP Request: GET /fishermen/leaderboard - Status: 304 - Duration: 4ms - IP: ::1","timestamp":"2026-06-16 23:20:43"}
{"level":"info","message":"HTTP Request: GET /?limit=20 - Status: 304 - Duration: 3ms - IP: ::1","timestamp":"2026-06-16 23:20:43"}
{"level":"info","message":"HTTP Request: GET /?limit=20 - Status: 304 - Duration: 5ms - IP: ::1","timestamp":"2026-06-16 23:20:43"}
{"level":"info","message":"HTTP Request: GET /fishermen/leaderboard - Status: 304 - Duration: 4ms - IP: ::1","timestamp":"2026-06-16 23:20:43"}
{"level":"info","message":"HTTP Request: GET /?limit=20 - Status: 304 - Duration: 4ms - IP: ::1","timestamp":"2026-06-16 23:20:43"}
{"level":"info","message":"HTTP Request: GET /fishermen/leaderboard - Status: 304 - Duration: 4ms - IP: ::1","timestamp":"2026-06-16 23:20:43"}
{"level":"info","message":"HTTP Request: GET /fishermen/leaderboard - Status: 304 - Duration: 2ms - IP: ::1","timestamp":"2026-06-16 23:20:43"}
{"level":"info","message":"HTTP Request: GET /?limit=20 - Status: 304 - Duration: 2ms - IP: ::1","timestamp":"2026-06-16 23:20:43"}
{"level":"info","message":"HTTP Request: GET /fishermen/leaderboard - Status: 304 - Duration: 5ms - IP: ::1","timestamp":"2026-06-16 23:20:43"}
{"level":"info","message":"HTTP Request: GET /?limit=20 - Status: 304 - Duration: 5ms - IP: ::1","timestamp":"2026-06-16 23:20:43"}
{"level":"info","message":"HTTP Request: GET /fishermen/leaderboard - Status: 304 - Duration: 4ms - IP: ::1","timestamp":"2026-06-16 23:20:43"}
{"level":"info","message":"HTTP Request: GET /?limit=20 - Status: 304 - Duration: 3ms - IP: ::1","timestamp":"2026-06-16 23:20:43"}
{"level":"info","message":"HTTP Request: GET /fishermen/leaderboard - Status: 304 - Duration: 3ms - IP: ::1","timestamp":"2026-06-16 23:20:43"}
{"level":"info","message":"HTTP Request: GET /?limit=20 - Status: 304 - Duration: 3ms - IP: ::1","timestamp":"2026-06-16 23:20:43"}
{"level":"info","message":"HTTP Request: GET /fishermen/leaderboard - Status: 304 - Duration: 3ms - IP: ::1","timestamp":"2026-06-16 23:20:43"}
{"level":"info","message":"HTTP Request: GET /?limit=20 - Status: 304 - Duration: 4ms - IP: ::1","timestamp":"2026-06-16 23:20:43"}
{"level":"info","message":"HTTP Request: GET /fishermen/leaderboard - Status: 304 - Duration: 4ms - IP: ::1","timestamp":"2026-06-16 23:20:43"}
{"level":"info","message":"HTTP Request: GET /?limit=20 - Status: 304 - Duration: 6ms - IP: ::1","timestamp":"2026-06-16 23:20:43"}
{"level":"info","message":"HTTP Request: GET /fishermen/leaderboard - Status: 304 - Duration: 4ms - IP: ::1","timestamp":"2026-06-16 23:20:43"}
{"level":"info","message":"HTTP Request: GET /?limit=20 - Status: 304 - Duration: 4ms - IP: ::1","timestamp":"2026-06-16 23:20:43"}
{"level":"info","message":"HTTP Request: GET /fishermen/leaderboard - Status: 304 - Duration: 3ms - IP: ::1","timestamp":"2026-06-16 23:20:43"}
{"level":"info","message":"HTTP Request: GET /?limit=20 - Status: 304 - Duration: 4ms - IP: ::1","timestamp":"2026-06-16 23:20:43"}
{"level":"info","message":"HTTP Request: GET /?limit=20 - Status: 304 - Duration: 3ms - IP: ::1","timestamp":"2026-06-16 23:20:43"}
{"level":"info","message":"HTTP Request: GET /fishermen/leaderboard - Status: 304 - Duration: 3ms - IP: ::1","timestamp":"2026-06-16 23:20:43"}
{"level":"info","message":"HTTP Request: GET /?limit=20 - Status: 304 - Duration: 4ms - IP: ::1","timestamp":"2026-06-16 23:20:43"}
{"level":"info","message":"HTTP Request: GET /fishermen/leaderboard - Status: 304 - Duration: 3ms - IP: ::1","timestamp":"2026-06-16 23:20:43"}
{"level":"info","message":"HTTP Request: GET /?limit=20 - Status: 304 - Duration: 4ms - IP: ::1","timestamp":"2026-06-16 23:20:43"}
{"level":"info","message":"HTTP Request: GET /fishermen/leaderboard - Status: 304 - Duration: 5ms - IP: ::1","timestamp":"2026-06-16 23:20:43"}
{"level":"info","message":"HTTP Request: GET /?limit=20 - Status: 304 - Duration: 5ms - IP: ::1","timestamp":"2026-06-16 23:20:43"}
{"level":"info","message":"HTTP Request: GET /fishermen/leaderboard - Status: 304 - Duration: 5ms - IP: ::1","timestamp":"2026-06-16 23:20:43"}
{"level":"info","message":"HTTP Request: GET /?limit=20 - Status: 304 - Duration: 3ms - IP: ::1","timestamp":"2026-06-16 23:20:43"}
{"level":"info","message":"HTTP Request: GET /fishermen/leaderboard - Status: 304 - Duration: 3ms - IP: ::1","timestamp":"2026-06-16 23:20:43"}
{"level":"info","message":"HTTP Request: GET /?limit=20 - Status: 304 - Duration: 4ms - IP: ::1","timestamp":"2026-06-16 23:20:43"}
{"level":"info","message":"HTTP Request: GET /fishermen/leaderboard - Status: 304 - Duration: 4ms - IP: ::1","timestamp":"2026-06-16 23:20:43"}
{"level":"info","message":"HTTP Request: GET /fishermen/leaderboard - Status: 304 - Duration: 7ms - IP: ::1","timestamp":"2026-06-16 23:20:43"}
{"level":"info","message":"HTTP Request: GET /fishermen/leaderboard - Status: 304 - Duration: 7ms - IP: ::1","timestamp":"2026-06-16 23:20:43"}
{"level":"info","message":"HTTP Request: GET /fishermen/leaderboard - Status: 304 - Duration: 6ms - IP: ::1","timestamp":"2026-06-16 23:20:43"}
{"level":"info","message":"HTTP Request: GET /fishermen/leaderboard - Status: 304 - Duration: 12ms - IP: ::1","timestamp":"2026-06-16 23:20:43"}
{"level":"info","message":"HTTP Request: GET /me - Status: 401 - Duration: 1ms - IP: ::1","timestamp":"2026-06-16 23:20:45"}
{"level":"info","message":"HTTP Request: GET /me - Status: 401 - Duration: 1ms - IP: ::1","timestamp":"2026-06-16 23:20:45"}
{"level":"info","message":"HTTP Request: POST /refresh - Status: 401 - Duration: 7ms - IP: ::1","timestamp":"2026-06-16 23:20:45"}
{"level":"info","message":"HTTP Request: GET /?limit=17&hasActive=true - Status: 200 - Duration: 14ms - IP: ::1","timestamp":"2026-06-16 23:20:45"}
{"level":"info","message":"HTTP Request: GET /?limit=20 - Status: 304 - Duration: 12ms - IP: ::1","timestamp":"2026-06-16 23:20:45"}
{"level":"info","message":"HTTP Request: GET /?limit=17&hasActive=true - Status: 304 - Duration: 4ms - IP: ::1","timestamp":"2026-06-16 23:20:45"}
{"level":"info","message":"HTTP Request: GET /?limit=20 - Status: 304 - Duration: 3ms - IP: ::1","timestamp":"2026-06-16 23:20:45"}
{"level":"info","message":"HTTP Request: GET /fishermen/leaderboard - Status: 200 - Duration: 3ms - IP: ::1","timestamp":"2026-06-16 23:20:45"}
{"level":"info","message":"HTTP Request: GET /fishermen/leaderboard - Status: 304 - Duration: 3ms - IP: ::1","timestamp":"2026-06-16 23:20:46"}
{"level":"info","message":"HTTP Request: GET /?limit=20 - Status: 304 - Duration: 4ms - IP: ::1","timestamp":"2026-06-16 23:20:46"}
{"level":"info","message":"HTTP Request: GET /?limit=17&hasActive=true - Status: 200 - Duration: 3ms - IP: ::1","timestamp":"2026-06-16 23:20:46"}
{"level":"info","message":"HTTP Request: GET /?limit=20 - Status: 304 - Duration: 4ms - IP: ::1","timestamp":"2026-06-16 23:20:46"}
{"level":"info","message":"HTTP Request: GET /fishermen/leaderboard - Status: 304 - Duration: 3ms - IP: ::1","timestamp":"2026-06-16 23:20:46"}
{"level":"info","message":"HTTP Request: GET /fishermen/leaderboard - Status: 304 - Duration: 4ms - IP: ::1","timestamp":"2026-06-16 23:20:46"}
{"level":"info","message":"HTTP Request: GET /?limit=20 - Status: 304 - Duration: 8ms - IP: ::1","timestamp":"2026-06-16 23:20:47"}
{"level":"info","message":"HTTP Request: GET /?limit=17&hasActive=true - Status: 200 - Duration: 8ms - IP: ::1","timestamp":"2026-06-16 23:20:47"}
{"level":"info","message":"HTTP Request: GET /?limit=20 - Status: 304 - Duration: 5ms - IP: ::1","timestamp":"2026-06-16 23:20:47"}
{"level":"info","message":"HTTP Request: GET /fishermen/leaderboard - Status: 304 - Duration: 3ms - IP: ::1","timestamp":"2026-06-16 23:20:47"}
{"level":"info","message":"HTTP Request: GET /fishermen/leaderboard - Status: 304 - Duration: 4ms - IP: ::1","timestamp":"2026-06-16 23:20:47"}
{"level":"info","message":"HTTP Request: GET /?limit=17&hasActive=true - Status: 200 - Duration: 4ms - IP: ::1","timestamp":"2026-06-16 23:20:53"}
{"level":"info","message":"HTTP Request: GET /?limit=20 - Status: 200 - Duration: 5ms - IP: ::1","timestamp":"2026-06-16 23:20:53"}
{"level":"info","message":"HTTP Request: GET /?limit=17&hasActive=true - Status: 200 - Duration: 4ms - IP: ::1","timestamp":"2026-06-16 23:20:53"}
{"level":"info","message":"HTTP Request: GET /?limit=20 - Status: 200 - Duration: 4ms - IP: ::1","timestamp":"2026-06-16 23:20:53"}
{"level":"info","message":"HTTP Request: GET /fishermen/leaderboard - Status: 200 - Duration: 8ms - IP: ::1","timestamp":"2026-06-16 23:20:53"}
{"level":"info","message":"HTTP Request: GET /fishermen/leaderboard - Status: 200 - Duration: 9ms - IP: ::1","timestamp":"2026-06-16 23:20:53"}
{"level":"info","message":"HTTP Request: GET /?limit=17&hasActive=true - Status: 200 - Duration: 4ms - IP: ::1","timestamp":"2026-06-16 23:20:54"}
{"level":"info","message":"HTTP Request: GET /?limit=20 - Status: 200 - Duration: 8ms - IP: ::1","timestamp":"2026-06-16 23:20:54"}
{"level":"info","message":"HTTP Request: GET /?limit=17&hasActive=true - Status: 200 - Duration: 6ms - IP: ::1","timestamp":"2026-06-16 23:20:54"}
{"level":"info","message":"HTTP Request: GET /?limit=20 - Status: 200 - Duration: 5ms - IP: ::1","timestamp":"2026-06-16 23:20:54"}
{"level":"info","message":"HTTP Request: GET /fishermen/leaderboard - Status: 200 - Duration: 4ms - IP: ::1","timestamp":"2026-06-16 23:20:54"}
{"level":"info","message":"HTTP Request: GET /fishermen/leaderboard - Status: 200 - Duration: 5ms - IP: ::1","timestamp":"2026-06-16 23:20:54"}
{"level":"error","message":"[Redis Error] read ECONNRESET","timestamp":"2026-06-16 23:21:04"}
{"level":"info","message":"✅ Redis connected","timestamp":"2026-06-16 23:21:05"}
{"level":"info","message":"HTTP Request: GET /?limit=17&hasActive=true - Status: 304 - Duration: 3ms - IP: ::1","timestamp":"2026-06-16 23:21:15"}
{"level":"info","message":"HTTP Request: GET /?limit=20 - Status: 304 - Duration: 5ms - IP: ::1","timestamp":"2026-06-16 23:21:15"}
{"level":"info","message":"HTTP Request: GET /?limit=20 - Status: 304 - Duration: 3ms - IP: ::1","timestamp":"2026-06-16 23:21:15"}
{"level":"info","message":"HTTP Request: GET /fishermen/leaderboard - Status: 304 - Duration: 4ms - IP: ::1","timestamp":"2026-06-16 23:21:15"}
{"level":"info","message":"HTTP Request: GET /fishermen/leaderboard - Status: 304 - Duration: 2ms - IP: ::1","timestamp":"2026-06-16 23:21:15"}
{"level":"info","message":"HTTP Request: GET /?limit=20 - Status: 304 - Duration: 6ms - IP: ::1","timestamp":"2026-06-16 23:21:16"}
{"level":"info","message":"HTTP Request: GET /?limit=17&hasActive=true - Status: 304 - Duration: 5ms - IP: ::1","timestamp":"2026-06-16 23:21:16"}
{"level":"info","message":"HTTP Request: GET /?limit=20 - Status: 304 - Duration: 4ms - IP: ::1","timestamp":"2026-06-16 23:21:16"}
{"level":"info","message":"HTTP Request: GET /fishermen/leaderboard - Status: 304 - Duration: 5ms - IP: ::1","timestamp":"2026-06-16 23:21:16"}
{"level":"info","message":"HTTP Request: GET /fishermen/leaderboard - Status: 304 - Duration: 3ms - IP: ::1","timestamp":"2026-06-16 23:21:16"}
{"level":"info","message":"HTTP Request: GET /?limit=20 - Status: 200 - Duration: 8ms - IP: ::1","timestamp":"2026-06-16 23:21:18"}
{"level":"info","message":"HTTP Request: GET /?limit=17&hasActive=true - Status: 200 - Duration: 8ms - IP: ::1","timestamp":"2026-06-16 23:21:18"}
{"level":"info","message":"HTTP Request: GET /?limit=20 - Status: 200 - Duration: 8ms - IP: ::1","timestamp":"2026-06-16 23:21:18"}
{"level":"info","message":"HTTP Request: GET /fishermen/leaderboard - Status: 200 - Duration: 3ms - IP: ::1","timestamp":"2026-06-16 23:21:18"}
{"level":"info","message":"HTTP Request: GET /fishermen/leaderboard - Status: 200 - Duration: 6ms - IP: ::1","timestamp":"2026-06-16 23:21:18"}
{"level":"info","message":"HTTP Request: GET /?limit=17&hasActive=true - Status: 200 - Duration: 6ms - IP: ::1","timestamp":"2026-06-16 23:21:18"}
{"level":"info","message":"HTTP Request: GET /?limit=20 - Status: 200 - Duration: 5ms - IP: ::1","timestamp":"2026-06-16 23:21:18"}
{"level":"info","message":"HTTP Request: GET /?limit=17&hasActive=true - Status: 200 - Duration: 3ms - IP: ::1","timestamp":"2026-06-16 23:21:18"}
{"level":"info","message":"HTTP Request: GET /?limit=20 - Status: 200 - Duration: 4ms - IP: ::1","timestamp":"2026-06-16 23:21:18"}
{"level":"info","message":"HTTP Request: GET /fishermen/leaderboard - Status: 200 - Duration: 2ms - IP: ::1","timestamp":"2026-06-16 23:21:18"}
{"level":"info","message":"HTTP Request: GET /fishermen/leaderboard - Status: 200 - Duration: 4ms - IP: ::1","timestamp":"2026-06-16 23:21:18"}
{"level":"info","message":"HTTP Request: GET /?limit=17&hasActive=true - Status: 200 - Duration: 5ms - IP: ::1","timestamp":"2026-06-16 23:21:19"}
{"level":"info","message":"HTTP Request: GET /?limit=17&hasActive=true - Status: 200 - Duration: 3ms - IP: ::1","timestamp":"2026-06-16 23:21:19"}
{"level":"info","message":"HTTP Request: GET /?limit=20 - Status: 200 - Duration: 6ms - IP: ::1","timestamp":"2026-06-16 23:21:19"}
{"level":"info","message":"HTTP Request: GET /?limit=20 - Status: 200 - Duration: 7ms - IP: ::1","timestamp":"2026-06-16 23:21:19"}
{"level":"info","message":"HTTP Request: GET /fishermen/leaderboard - Status: 200 - Duration: 3ms - IP: ::1","timestamp":"2026-06-16 23:21:19"}
{"level":"info","message":"HTTP Request: GET /fishermen/leaderboard - Status: 200 - Duration: 2ms - IP: ::1","timestamp":"2026-06-16 23:21:19"}
{"level":"info","message":"HTTP Request: GET /?limit=17&hasActive=true - Status: 200 - Duration: 4ms - IP: ::1","timestamp":"2026-06-16 23:21:19"}
{"level":"info","message":"HTTP Request: GET /?limit=20 - Status: 200 - Duration: 5ms - IP: ::1","timestamp":"2026-06-16 23:21:19"}
{"level":"info","message":"HTTP Request: GET /?limit=17&hasActive=true - Status: 200 - Duration: 5ms - IP: ::1","timestamp":"2026-06-16 23:21:19"}
{"level":"info","message":"HTTP Request: GET /?limit=20 - Status: 200 - Duration: 6ms - IP: ::1","timestamp":"2026-06-16 23:21:19"}
{"level":"info","message":"HTTP Request: GET /fishermen/leaderboard - Status: 200 - Duration: 2ms - IP: ::1","timestamp":"2026-06-16 23:21:19"}
{"level":"info","message":"HTTP Request: GET /fishermen/leaderboard - Status: 200 - Duration: 2ms - IP: ::1","timestamp":"2026-06-16 23:21:19"}
{"level":"info","message":"HTTP Request: GET /?limit=17&hasActive=true - Status: 200 - Duration: 4ms - IP: ::1","timestamp":"2026-06-16 23:21:20"}
{"level":"info","message":"HTTP Request: GET /?limit=20 - Status: 200 - Duration: 6ms - IP: ::1","timestamp":"2026-06-16 23:21:20"}
{"level":"info","message":"HTTP Request: GET /?limit=17&hasActive=true - Status: 200 - Duration: 3ms - IP: ::1","timestamp":"2026-06-16 23:21:20"}
{"level":"info","message":"HTTP Request: GET /?limit=20 - Status: 200 - Duration: 4ms - IP: ::1","timestamp":"2026-06-16 23:21:20"}
{"level":"info","message":"HTTP Request: GET /fishermen/leaderboard - Status: 200 - Duration: 3ms - IP: ::1","timestamp":"2026-06-16 23:21:20"}
{"level":"info","message":"HTTP Request: GET /fishermen/leaderboard - Status: 200 - Duration: 3ms - IP: ::1","timestamp":"2026-06-16 23:21:20"}
{"level":"info","message":"HTTP Request: GET /?limit=17&hasActive=true - Status: 200 - Duration: 3ms - IP: ::1","timestamp":"2026-06-16 23:21:21"}
{"level":"info","message":"HTTP Request: GET /?limit=20 - Status: 200 - Duration: 6ms - IP: ::1","timestamp":"2026-06-16 23:21:21"}
{"level":"info","message":"HTTP Request: GET /?limit=17&hasActive=true - Status: 200 - Duration: 5ms - IP: ::1","timestamp":"2026-06-16 23:21:21"}
{"level":"info","message":"HTTP Request: GET /?limit=20 - Status: 200 - Duration: 4ms - IP: ::1","timestamp":"2026-06-16 23:21:21"}
{"level":"info","message":"HTTP Request: GET /fishermen/leaderboard - Status: 200 - Duration: 2ms - IP: ::1","timestamp":"2026-06-16 23:21:21"}
{"level":"info","message":"HTTP Request: GET /fishermen/leaderboard - Status: 200 - Duration: 3ms - IP: ::1","timestamp":"2026-06-16 23:21:21"}
{"level":"info","message":"✅ Redis connected","timestamp":"2026-06-16 23:22:29"}
{"level":"info","message":"✅ Redis connected","timestamp":"2026-06-16 23:22:30"}
{"level":"error","message":"[Redis Error] ","timestamp":"2026-06-16 23:22:30"}
{"level":"error","message":"[Redis Error] ","timestamp":"2026-06-16 23:22:31"}
{"level":"error","message":"[Redis Error] ","timestamp":"2026-06-16 23:22:32"}
{"level":"error","message":"[Redis] Không thể kết nối sau 5 lần thử. Thoát.","timestamp":"2026-06-16 23:22:32"}
{"level":"error","message":"[Redis] Không thể kết nối sau 5 lần thử. Thoát.","timestamp":"2026-06-16 23:22:32"}
{"level":"error","message":"[Redis] Không thể kết nối sau 5 lần thử. Thoát.","timestamp":"2026-06-16 23:22:32"}
{"level":"warn","message":"Received SIGINT. Starting Graceful Shutdown...","timestamp":"2026-06-16 23:22:53"}
{"level":"info","message":"✅ MongoDB connected successfully via Mongoose","timestamp":"2026-06-16 23:23:01"}
{"level":"warn","message":"Could not drop phone_1 index (it might not exist): ns does not exist: seafood_db.users","timestamp":"2026-06-16 23:23:01"}
{"level":"info","message":"✅ Redis connected","timestamp":"2026-06-16 23:23:02"}
{"level":"info","message":"Socket.IO Redis Adapter configured successfully","timestamp":"2026-06-16 23:23:02"}
{"level":"info","message":"⏰ Cronjob expire hải sản tươi đã khởi động (mỗi giờ)","timestamp":"2026-06-16 23:23:02"}
{"level":"info","message":"\n🚀 Server is running on http://localhost:5000","timestamp":"2026-06-16 23:23:02"}
{"level":"info","message":"🔒 Helmet + CSRF + Cookie-based JWT Enabled","timestamp":"2026-06-16 23:23:02"}
{"level":"info","message":"📡 Socket.IO server is ready (cookie-based handshake)","timestamp":"2026-06-16 23:23:02"}
{"level":"info","message":"🗄️  Active Database: MongoDB (NoSQL)\n","timestamp":"2026-06-16 23:23:02"}
{"level":"info","message":"[CRON] Khóa phân tán được thiết lập thành công. Tiến hành hết hạn hải sản tươi...","timestamp":"2026-06-16 23:23:02"}
{"level":"info","message":"HTTP Request: GET /me - Status: 304 - Duration: 19ms - IP: ::1","timestamp":"2026-06-16 23:24:57"}
{"level":"info","message":"HTTP Request: GET /?limit=17&hasActive=true - Status: 304 - Duration: 8ms - IP: ::1","timestamp":"2026-06-16 23:24:57"}
{"level":"info","message":"HTTP Request: GET /?limit=20 - Status: 304 - Duration: 16ms - IP: ::1","timestamp":"2026-06-16 23:24:57"}
{"level":"info","message":"HTTP Request: GET /?limit=20 - Status: 304 - Duration: 6ms - IP: ::1","timestamp":"2026-06-16 23:24:57"}
{"level":"info","message":"HTTP Request: GET /fishermen/leaderboard - Status: 304 - Duration: 5ms - IP: ::1","timestamp":"2026-06-16 23:24:57"}
{"level":"info","message":"HTTP Request: GET /fishermen/leaderboard - Status: 304 - Duration: 7ms - IP: ::1","timestamp":"2026-06-16 23:24:57"}
{"level":"info","message":"HTTP Request: GET /?page=1&limit=20 - Status: 200 - Duration: 3ms - IP: ::1","timestamp":"2026-06-16 23:24:58"}
{"level":"info","message":"HTTP Request: GET /?page=1&limit=10 - Status: 200 - Duration: 7ms - IP: ::1","timestamp":"2026-06-16 23:24:59"}
{"level":"info","message":"HTTP Request: GET /?page=1&limit=20 - Status: 304 - Duration: 4ms - IP: ::1","timestamp":"2026-06-16 23:25:00"}
{"level":"info","message":"HTTP Request: GET /?page=1&limit=10 - Status: 304 - Duration: 5ms - IP: ::1","timestamp":"2026-06-16 23:25:02"}
{"level":"info","message":"HTTP Request: GET /?page=1&limit=20 - Status: 304 - Duration: 3ms - IP: ::1","timestamp":"2026-06-16 23:25:02"}
{"level":"info","message":"HTTP Request: GET /?page=1&limit=9 - Status: 200 - Duration: 7ms - IP: ::1","timestamp":"2026-06-16 23:25:04"}
{"level":"info","message":"HTTP Request: GET /?page=1&limit=20 - Status: 304 - Duration: 6ms - IP: ::1","timestamp":"2026-06-16 23:25:04"}
{"level":"info","message":"HTTP Request: GET /?page=1&limit=10 - Status: 304 - Duration: 3ms - IP: ::1","timestamp":"2026-06-16 23:25:17"}
{"level":"info","message":"HTTP Request: GET /?page=1&limit=9 - Status: 304 - Duration: 5ms - IP: ::1","timestamp":"2026-06-16 23:25:17"}
{"level":"info","message":"HTTP Request: GET /?limit=20 - Status: 304 - Duration: 7ms - IP: ::1","timestamp":"2026-06-16 23:25:18"}
{"level":"info","message":"HTTP Request: GET /?limit=17&hasActive=true - Status: 304 - Duration: 6ms - IP: ::1","timestamp":"2026-06-16 23:25:18"}
{"level":"info","message":"HTTP Request: GET /?limit=20 - Status: 304 - Duration: 5ms - IP: ::1","timestamp":"2026-06-16 23:25:18"}
{"level":"info","message":"HTTP Request: GET /fishermen/leaderboard - Status: 304 - Duration: 3ms - IP: ::1","timestamp":"2026-06-16 23:25:18"}
{"level":"info","message":"HTTP Request: GET /fishermen/leaderboard - Status: 304 - Duration: 5ms - IP: ::1","timestamp":"2026-06-16 23:25:18"}
{"level":"info","message":"HTTP Request: GET /?page=1&limit=9 - Status: 304 - Duration: 4ms - IP: ::1","timestamp":"2026-06-16 23:25:18"}
{"level":"info","message":"HTTP Request: GET /?page=1&limit=10 - Status: 304 - Duration: 4ms - IP: ::1","timestamp":"2026-06-16 23:25:19"}
{"level":"info","message":"HTTP Request: GET /?page=1&limit=20 - Status: 304 - Duration: 4ms - IP: ::1","timestamp":"2026-06-16 23:25:19"}
{"level":"info","message":"HTTP Request: GET /?type=Fresh&page=1&limit=20&lat=15.968056967921283&lng=108.26234798201149 - Status: 200 - Duration: 20ms - IP: ::1","timestamp":"2026-06-16 23:25:20"}
