{"level":"info","message":"✅ MongoDB connected successfully via Mongoose","timestamp":"2026-06-19 01:14:37"}
{"level":"info","message":"✅ Redis connected","timestamp":"2026-06-19 01:14:37"}
{"level":"info","message":"Socket.IO Redis Adapter configured successfully","timestamp":"2026-06-19 01:14:37"}
{"level":"info","message":"⏰ Cronjob expire hải sản tươi đã khởi động (mỗi giờ)","timestamp":"2026-06-19 01:14:37"}
{"level":"info","message":"\n🚀 Server is running on http://localhost:5000","timestamp":"2026-06-19 01:14:37"}
{"level":"info","message":"🔒 Helmet + CSRF + Cookie-based JWT Enabled","timestamp":"2026-06-19 01:14:37"}
{"level":"info","message":"📡 Socket.IO server is ready (cookie-based handshake)","timestamp":"2026-06-19 01:14:37"}
{"level":"info","message":"🗄️  Active Database: MongoDB (NoSQL)\n","timestamp":"2026-06-19 01:14:37"}
{"level":"info","message":"HTTP Request: GET /me - Status: 401 - Duration: 19ms - IP: ::1","timestamp":"2026-06-19 01:14:57"}
{"level":"info","message":"HTTP Request: POST /refresh - Status: 401 - Duration: 3ms - IP: ::1","timestamp":"2026-06-19 01:14:57"}
{"level":"info","message":"HTTP Request: GET /?limit=20 - Status: 304 - Duration: 29ms - IP: ::1","timestamp":"2026-06-19 01:14:57"}
{"level":"info","message":"HTTP Request: GET /?limit=17&hasActive=true - Status: 200 - Duration: 20ms - IP: ::1","timestamp":"2026-06-19 01:14:57"}
{"level":"info","message":"HTTP Request: GET /?limit=20 - Status: 304 - Duration: 13ms - IP: ::1","timestamp":"2026-06-19 01:14:57"}
{"level":"info","message":"HTTP Request: GET /fishermen/leaderboard - Status: 200 - Duration: 13ms - IP: ::1","timestamp":"2026-06-19 01:14:58"}
{"level":"info","message":"HTTP Request: GET /fishermen/leaderboard - Status: 304 - Duration: 9ms - IP: ::1","timestamp":"2026-06-19 01:14:58"}
{"level":"info","message":"🔑 [MOCK GOOGLE LOGIN] Email=binh@haisan.vn, Name=Mock User (binh)","timestamp":"2026-06-19 01:15:00"}
{"level":"info","message":"✨ Created new Google User: ID=6a3435a4efb989c2939b656d, Email=binh@haisan.vn","timestamp":"2026-06-19 01:15:00"}
{"level":"info","message":"HTTP Request: POST /google - Status: 200 - Duration: 76ms - IP: ::1","timestamp":"2026-06-19 01:15:00"}
{"level":"info","message":"HTTP Request: GET /?limit=20 - Status: 304 - Duration: 60ms - IP: ::1","timestamp":"2026-06-19 01:15:00"}
{"level":"info","message":"HTTP Request: GET /?limit=17&hasActive=true - Status: 304 - Duration: 51ms - IP: ::1","timestamp":"2026-06-19 01:15:00"}
{"level":"info","message":"HTTP Request: GET /unread-count - Status: 200 - Duration: 110ms - IP: ::1","timestamp":"2026-06-19 01:15:00"}
{"level":"info","message":"HTTP Request: GET /?limit=20 - Status: 304 - Duration: 48ms - IP: ::1","timestamp":"2026-06-19 01:15:00"}
{"level":"info","message":"HTTP Request: GET /fishermen/leaderboard - Status: 304 - Duration: 41ms - IP: ::1","timestamp":"2026-06-19 01:15:00"}
{"level":"info","message":"HTTP Request: GET / - Status: 304 - Duration: 165ms - IP: ::1","timestamp":"2026-06-19 01:15:00"}
{"level":"info","message":"HTTP Request: GET /fishermen/leaderboard - Status: 304 - Duration: 15ms - IP: ::1","timestamp":"2026-06-19 01:15:00"}
{"level":"info","message":"HTTP Request: GET / - Status: 304 - Duration: 14ms - IP: ::1","timestamp":"2026-06-19 01:15:00"}
{"level":"info","message":"HTTP Request: GET /today-count - Status: 200 - Duration: 11ms - IP: ::1","timestamp":"2026-06-19 01:15:01"}
{"level":"info","message":"HTTP Request: GET /today-count - Status: 200 - Duration: 10ms - IP: ::1","timestamp":"2026-06-19 01:15:01"}
{"level":"info","message":"Tokens revoked in Redis on logout for UserID=6a3435a4efb989c2939b656d","timestamp":"2026-06-19 01:15:03"}
{"level":"info","message":"HTTP Request: POST /logout - Status: 200 - Duration: 19ms - IP: ::1","timestamp":"2026-06-19 01:15:03"}
{"level":"info","message":"HTTP Request: GET /?limit=20 - Status: 304 - Duration: 9ms - IP: ::1","timestamp":"2026-06-19 01:15:03"}
{"level":"info","message":"HTTP Request: GET /?limit=17&hasActive=true - Status: 304 - Duration: 9ms - IP: ::1","timestamp":"2026-06-19 01:15:03"}
{"level":"info","message":"HTTP Request: GET /?limit=20 - Status: 304 - Duration: 15ms - IP: ::1","timestamp":"2026-06-19 01:15:03"}
{"level":"info","message":"HTTP Request: GET /fishermen/leaderboard - Status: 304 - Duration: 9ms - IP: ::1","timestamp":"2026-06-19 01:15:03"}
{"level":"info","message":"HTTP Request: GET /fishermen/leaderboard - Status: 304 - Duration: 9ms - IP: ::1","timestamp":"2026-06-19 01:15:03"}
{"level":"info","message":"🔑 [MOCK GOOGLE LOGIN] Email=binh@haisan.vn, Name=Mock User (binh)","timestamp":"2026-06-19 01:15:12"}
{"level":"info","message":"🚪 Existing Google User logged in: ID=6a3435a4efb989c2939b656d, Email=binh@haisan.vn","timestamp":"2026-06-19 01:15:12"}
{"level":"info","message":"HTTP Request: POST /google - Status: 200 - Duration: 11ms - IP: ::1","timestamp":"2026-06-19 01:15:12"}
{"level":"info","message":"HTTP Request: GET /?limit=20 - Status: 304 - Duration: 19ms - IP: ::1","timestamp":"2026-06-19 01:15:12"}
{"level":"info","message":"HTTP Request: GET /unread-count - Status: 304 - Duration: 18ms - IP: ::1","timestamp":"2026-06-19 01:15:12"}
{"level":"info","message":"HTTP Request: GET /?limit=17&hasActive=true - Status: 304 - Duration: 33ms - IP: ::1","timestamp":"2026-06-19 01:15:12"}
{"level":"info","message":"HTTP Request: GET / - Status: 304 - Duration: 54ms - IP: ::1","timestamp":"2026-06-19 01:15:12"}
{"level":"info","message":"HTTP Request: GET /?limit=20 - Status: 304 - Duration: 23ms - IP: ::1","timestamp":"2026-06-19 01:15:12"}
{"level":"info","message":"HTTP Request: GET /fishermen/leaderboard - Status: 304 - Duration: 7ms - IP: ::1","timestamp":"2026-06-19 01:15:12"}
{"level":"info","message":"HTTP Request: GET / - Status: 304 - Duration: 27ms - IP: ::1","timestamp":"2026-06-19 01:15:12"}
{"level":"info","message":"HTTP Request: GET /fishermen/leaderboard - Status: 304 - Duration: 7ms - IP: ::1","timestamp":"2026-06-19 01:15:12"}
{"level":"info","message":"HTTP Request: GET /today-count - Status: 304 - Duration: 6ms - IP: ::1","timestamp":"2026-06-19 01:15:14"}
{"level":"info","message":"HTTP Request: GET /today-count - Status: 304 - Duration: 10ms - IP: ::1","timestamp":"2026-06-19 01:15:14"}
{"level":"info","message":"HTTP Request: GET /unread-count - Status: 304 - Duration: 10ms - IP: ::1","timestamp":"2026-06-19 01:16:13"}
{"level":"info","message":"HTTP Request: GET /unread-count - Status: 304 - Duration: 12ms - IP: ::1","timestamp":"2026-06-19 01:17:14"}
{"level":"info","message":"HTTP Request: GET /unread-count - Status: 304 - Duration: 5ms - IP: ::1","timestamp":"2026-06-19 01:18:15"}
{"level":"info","message":"HTTP Request: GET /unread-count - Status: 304 - Duration: 9ms - IP: ::1","timestamp":"2026-06-19 01:19:17"}
{"level":"info","message":"HTTP Request: GET /unread-count - Status: 304 - Duration: 7ms - IP: ::1","timestamp":"2026-06-19 01:20:18"}
{"level":"info","message":"HTTP Request: GET /unread-count - Status: 304 - Duration: 8ms - IP: ::1","timestamp":"2026-06-19 01:21:19"}
{"level":"info","message":"HTTP Request: GET /unread-count - Status: 304 - Duration: 14ms - IP: ::1","timestamp":"2026-06-19 01:22:21"}
{"level":"info","message":"HTTP Request: GET /unread-count - Status: 304 - Duration: 13ms - IP: ::1","timestamp":"2026-06-19 01:23:22"}
{"level":"info","message":"HTTP Request: GET /unread-count - Status: 304 - Duration: 9ms - IP: ::1","timestamp":"2026-06-19 01:24:23"}
{"level":"info","message":"HTTP Request: GET /unread-count - Status: 304 - Duration: 10ms - IP: ::1","timestamp":"2026-06-19 01:25:24"}
{"level":"info","message":"HTTP Request: GET /unread-count - Status: 304 - Duration: 11ms - IP: ::1","timestamp":"2026-06-19 01:26:26"}
{"level":"info","message":"HTTP Request: GET /unread-count - Status: 304 - Duration: 8ms - IP: ::1","timestamp":"2026-06-19 01:27:27"}
{"level":"info","message":"HTTP Request: GET /unread-count - Status: 304 - Duration: 13ms - IP: ::1","timestamp":"2026-06-19 01:28:29"}
{"level":"info","message":"HTTP Request: GET /me - Status: 200 - Duration: 7ms - IP: ::1","timestamp":"2026-06-19 01:28:47"}
{"level":"info","message":"HTTP Request: GET /unread-count - Status: 304 - Duration: 7ms - IP: ::1","timestamp":"2026-06-19 01:28:47"}
{"level":"info","message":"HTTP Request: GET / - Status: 304 - Duration: 11ms - IP: ::1","timestamp":"2026-06-19 01:28:47"}
{"level":"info","message":"HTTP Request: GET /today-count - Status: 304 - Duration: 6ms - IP: ::1","timestamp":"2026-06-19 01:28:47"}
{"level":"info","message":"HTTP Request: GET /today-count - Status: 304 - Duration: 13ms - IP: ::1","timestamp":"2026-06-19 01:28:47"}
{"level":"info","message":"HTTP Request: GET /unread-count - Status: 304 - Duration: 9ms - IP: ::1","timestamp":"2026-06-19 01:29:47"}
{"level":"info","message":"HTTP Request: GET /unread-count - Status: 401 - Duration: 1ms - IP: ::1","timestamp":"2026-06-19 01:30:48"}
{"level":"info","message":"HTTP Request: POST /refresh - Status: 401 - Duration: 1ms - IP: ::1","timestamp":"2026-06-19 01:30:48"}
{"level":"info","message":"HTTP Request: GET /unread-count - Status: 401 - Duration: 1ms - IP: ::1","timestamp":"2026-06-19 01:31:48"}
{"level":"info","message":"HTTP Request: POST /refresh - Status: 401 - Duration: 0ms - IP: ::1","timestamp":"2026-06-19 01:31:48"}
{"level":"info","message":"HTTP Request: GET /?limit=20 - Status: 304 - Duration: 16ms - IP: ::1","timestamp":"2026-06-19 01:31:54"}
{"level":"info","message":"HTTP Request: GET /?limit=17&hasActive=true - Status: 304 - Duration: 11ms - IP: ::1","timestamp":"2026-06-19 01:31:54"}
{"level":"info","message":"HTTP Request: GET /?limit=20 - Status: 304 - Duration: 9ms - IP: ::1","timestamp":"2026-06-19 01:31:54"}
{"level":"info","message":"HTTP Request: GET /fishermen/leaderboard - Status: 304 - Duration: 5ms - IP: ::1","timestamp":"2026-06-19 01:31:54"}
{"level":"info","message":"HTTP Request: GET /fishermen/leaderboard - Status: 304 - Duration: 6ms - IP: ::1","timestamp":"2026-06-19 01:31:54"}
{"level":"info","message":"HTTP Request: GET /today-count - Status: 401 - Duration: 2ms - IP: ::1","timestamp":"2026-06-19 01:31:55"}
{"level":"info","message":"HTTP Request: GET /today-count - Status: 401 - Duration: 4ms - IP: ::1","timestamp":"2026-06-19 01:31:55"}
{"level":"info","message":"HTTP Request: POST /refresh - Status: 401 - Duration: 1ms - IP: ::1","timestamp":"2026-06-19 01:31:55"}
{"level":"info","message":"HTTP Request: GET /unread-count - Status: 401 - Duration: 1ms - IP: ::1","timestamp":"2026-06-19 01:32:49"}
{"level":"info","message":"HTTP Request: POST /refresh - Status: 401 - Duration: 1ms - IP: ::1","timestamp":"2026-06-19 01:32:49"}
{"level":"info","message":"HTTP Request: GET /unread-count - Status: 401 - Duration: 1ms - IP: ::1","timestamp":"2026-06-19 01:33:49"}
{"level":"info","message":"HTTP Request: POST /refresh - Status: 401 - Duration: 0ms - IP: ::1","timestamp":"2026-06-19 01:33:49"}
{"level":"info","message":"HTTP Request: GET /unread-count - Status: 401 - Duration: 2ms - IP: ::1","timestamp":"2026-06-19 01:34:49"}
{"level":"info","message":"HTTP Request: POST /refresh - Status: 401 - Duration: 2ms - IP: ::1","timestamp":"2026-06-19 01:34:49"}
{"level":"info","message":"HTTP Request: GET /unread-count - Status: 401 - Duration: 1ms - IP: ::1","timestamp":"2026-06-19 01:35:50"}
{"level":"info","message":"HTTP Request: POST /refresh - Status: 401 - Duration: 2ms - IP: ::1","timestamp":"2026-06-19 01:35:50"}
{"level":"info","message":"HTTP Request: GET /unread-count - Status: 401 - Duration: 2ms - IP: ::1","timestamp":"2026-06-19 01:36:50"}
{"level":"info","message":"HTTP Request: POST /refresh - Status: 401 - Duration: 2ms - IP: ::1","timestamp":"2026-06-19 01:36:50"}
{"level":"info","message":"HTTP Request: GET /unread-count - Status: 401 - Duration: 1ms - IP: ::1","timestamp":"2026-06-19 01:37:50"}
{"level":"info","message":"HTTP Request: POST /refresh - Status: 401 - Duration: 1ms - IP: ::1","timestamp":"2026-06-19 01:37:50"}
{"level":"info","message":"HTTP Request: GET /unread-count - Status: 401 - Duration: 1ms - IP: ::1","timestamp":"2026-06-19 01:38:50"}
{"level":"info","message":"HTTP Request: POST /refresh - Status: 401 - Duration: 2ms - IP: ::1","timestamp":"2026-06-19 01:38:50"}
{"level":"info","message":"HTTP Request: GET /unread-count - Status: 401 - Duration: 1ms - IP: ::1","timestamp":"2026-06-19 01:39:50"}
{"level":"info","message":"HTTP Request: POST /refresh - Status: 401 - Duration: 1ms - IP: ::1","timestamp":"2026-06-19 01:39:50"}
{"level":"info","message":"HTTP Request: GET /unread-count - Status: 401 - Duration: 1ms - IP: ::1","timestamp":"2026-06-19 01:40:51"}
{"level":"info","message":"HTTP Request: POST /refresh - Status: 401 - Duration: 1ms - IP: ::1","timestamp":"2026-06-19 01:40:51"}
{"level":"info","message":"HTTP Request: GET /unread-count - Status: 401 - Duration: 0ms - IP: ::1","timestamp":"2026-06-19 01:41:51"}
{"level":"info","message":"HTTP Request: POST /refresh - Status: 401 - Duration: 0ms - IP: ::1","timestamp":"2026-06-19 01:41:51"}
{"level":"info","message":"HTTP Request: GET /unread-count - Status: 401 - Duration: 1ms - IP: ::1","timestamp":"2026-06-19 01:42:51"}
{"level":"info","message":"HTTP Request: POST /refresh - Status: 401 - Duration: 0ms - IP: ::1","timestamp":"2026-06-19 01:42:51"}
{"level":"info","message":"HTTP Request: GET /unread-count - Status: 401 - Duration: 1ms - IP: ::1","timestamp":"2026-06-19 01:43:51"}
{"level":"info","message":"HTTP Request: POST /refresh - Status: 401 - Duration: 0ms - IP: ::1","timestamp":"2026-06-19 01:43:51"}
{"level":"info","message":"HTTP Request: GET /unread-count - Status: 401 - Duration: 3ms - IP: ::1","timestamp":"2026-06-19 01:44:51"}
{"level":"info","message":"HTTP Request: POST /refresh - Status: 401 - Duration: 1ms - IP: ::1","timestamp":"2026-06-19 01:44:51"}
{"level":"info","message":"HTTP Request: GET /unread-count - Status: 401 - Duration: 0ms - IP: ::1","timestamp":"2026-06-19 01:45:51"}
{"level":"info","message":"HTTP Request: POST /refresh - Status: 401 - Duration: 1ms - IP: ::1","timestamp":"2026-06-19 01:45:51"}
{"level":"info","message":"HTTP Request: GET /unread-count - Status: 401 - Duration: 1ms - IP: ::1","timestamp":"2026-06-19 01:46:51"}
{"level":"info","message":"HTTP Request: POST /refresh - Status: 401 - Duration: 1ms - IP: ::1","timestamp":"2026-06-19 01:46:51"}
{"level":"info","message":"HTTP Request: GET /unread-count - Status: 401 - Duration: 1ms - IP: ::1","timestamp":"2026-06-19 01:47:52"}
{"level":"info","message":"HTTP Request: POST /refresh - Status: 401 - Duration: 0ms - IP: ::1","timestamp":"2026-06-19 01:47:52"}
{"level":"info","message":"HTTP Request: GET /unread-count - Status: 401 - Duration: 2ms - IP: ::1","timestamp":"2026-06-19 01:48:52"}
{"level":"info","message":"HTTP Request: POST /refresh - Status: 401 - Duration: 5ms - IP: ::1","timestamp":"2026-06-19 01:48:53"}
{"level":"info","message":"HTTP Request: GET /unread-count - Status: 401 - Duration: 2ms - IP: ::1","timestamp":"2026-06-19 01:49:52"}
{"level":"info","message":"HTTP Request: POST /refresh - Status: 401 - Duration: 1ms - IP: ::1","timestamp":"2026-06-19 01:49:52"}
{"level":"info","message":"HTTP Request: GET /unread-count - Status: 401 - Duration: 0ms - IP: ::1","timestamp":"2026-06-19 01:50:54"}
{"level":"info","message":"HTTP Request: POST /refresh - Status: 401 - Duration: 1ms - IP: ::1","timestamp":"2026-06-19 01:50:54"}
{"level":"info","message":"HTTP Request: GET /unread-count - Status: 401 - Duration: 1ms - IP: ::1","timestamp":"2026-06-19 01:51:54"}
{"level":"info","message":"HTTP Request: POST /refresh - Status: 401 - Duration: 0ms - IP: ::1","timestamp":"2026-06-19 01:51:54"}
{"level":"info","message":"HTTP Request: GET /following - Status: 401 - Duration: 2ms - IP: ::1","timestamp":"2026-06-19 01:52:24"}
{"level":"info","message":"HTTP Request: GET /followers - Status: 401 - Duration: 3ms - IP: ::1","timestamp":"2026-06-19 01:52:24"}
{"level":"info","message":"HTTP Request: GET /following - Status: 401 - Duration: 2ms - IP: ::1","timestamp":"2026-06-19 01:52:24"}
{"level":"info","message":"HTTP Request: GET /followers - Status: 401 - Duration: 9ms - IP: ::1","timestamp":"2026-06-19 01:52:24"}
{"level":"info","message":"HTTP Request: POST /refresh - Status: 401 - Duration: 1ms - IP: ::1","timestamp":"2026-06-19 01:52:24"}
{"level":"info","message":"HTTP Request: GET /me - Status: 401 - Duration: 1ms - IP: ::1","timestamp":"2026-06-19 01:52:27"}
{"level":"info","message":"HTTP Request: POST /refresh - Status: 401 - Duration: 2ms - IP: ::1","timestamp":"2026-06-19 01:52:27"}
{"level":"info","message":"HTTP Request: GET /me - Status: 401 - Duration: 2ms - IP: ::1","timestamp":"2026-06-19 01:52:30"}
{"level":"info","message":"HTTP Request: POST /refresh - Status: 401 - Duration: 1ms - IP: ::1","timestamp":"2026-06-19 01:52:30"}
{"level":"info","message":"HTTP Request: GET /?page=1&limit=10 - Status: 304 - Duration: 17ms - IP: ::1","timestamp":"2026-06-19 01:52:32"}
{"level":"info","message":"HTTP Request: GET /?page=1&limit=9 - Status: 304 - Duration: 16ms - IP: ::1","timestamp":"2026-06-19 01:52:33"}
{"level":"info","message":"HTTP Request: GET /ids - Status: 401 - Duration: 1ms - IP: ::1","timestamp":"2026-06-19 01:52:33"}
{"level":"info","message":"HTTP Request: GET /ids - Status: 401 - Duration: 1ms - IP: ::1","timestamp":"2026-06-19 01:52:33"}
{"level":"info","message":"HTTP Request: POST /refresh - Status: 401 - Duration: 1ms - IP: ::1","timestamp":"2026-06-19 01:52:33"}
{"level":"info","message":"HTTP Request: GET /?limit=20 - Status: 304 - Duration: 16ms - IP: ::1","timestamp":"2026-06-19 01:52:33"}
{"level":"info","message":"HTTP Request: GET /?limit=17&hasActive=true - Status: 304 - Duration: 15ms - IP: ::1","timestamp":"2026-06-19 01:52:33"}
{"level":"info","message":"HTTP Request: GET /?limit=20 - Status: 304 - Duration: 14ms - IP: ::1","timestamp":"2026-06-19 01:52:33"}
{"level":"info","message":"HTTP Request: GET /fishermen/leaderboard - Status: 304 - Duration: 7ms - IP: ::1","timestamp":"2026-06-19 01:52:33"}
{"level":"info","message":"HTTP Request: GET /fishermen/leaderboard - Status: 304 - Duration: 3ms - IP: ::1","timestamp":"2026-06-19 01:52:33"}
{"level":"info","message":"HTTP Request: GET /today-count - Status: 401 - Duration: 11ms - IP: ::1","timestamp":"2026-06-19 01:52:35"}
{"level":"info","message":"HTTP Request: GET /today-count - Status: 401 - Duration: 2ms - IP: ::1","timestamp":"2026-06-19 01:52:35"}
{"level":"info","message":"HTTP Request: POST /refresh - Status: 401 - Duration: 11ms - IP: ::1","timestamp":"2026-06-19 01:52:35"}
{"level":"info","message":"HTTP Request: GET /unread-count - Status: 401 - Duration: 1ms - IP: ::1","timestamp":"2026-06-19 01:52:54"}
{"level":"info","message":"HTTP Request: POST /refresh - Status: 401 - Duration: 0ms - IP: ::1","timestamp":"2026-06-19 01:52:54"}
{"level":"info","message":"HTTP Request: GET /?page=1&limit=20 - Status: 200 - Duration: 7ms - IP: ::1","timestamp":"2026-06-19 01:53:16"}
{"level":"info","message":"HTTP Request: GET /?page=1&limit=10 - Status: 304 - Duration: 10ms - IP: ::1","timestamp":"2026-06-19 01:53:17"}
{"level":"info","message":"HTTP Request: GET /ids - Status: 401 - Duration: 1ms - IP: ::1","timestamp":"2026-06-19 01:53:18"}
{"level":"info","message":"HTTP Request: GET /ids - Status: 401 - Duration: 1ms - IP: ::1","timestamp":"2026-06-19 01:53:18"}
{"level":"info","message":"HTTP Request: POST /refresh - Status: 401 - Duration: 1ms - IP: ::1","timestamp":"2026-06-19 01:53:18"}
{"level":"info","message":"HTTP Request: GET /?type=Fresh&page=1&limit=20&lat=15.968056967921283&lng=108.26234798201149 - Status: 200 - Duration: 70ms - IP: ::1","timestamp":"2026-06-19 01:53:19"}
{"level":"info","message":"HTTP Request: GET /following - Status: 401 - Duration: 0ms - IP: ::1","timestamp":"2026-06-19 01:53:21"}
{"level":"info","message":"HTTP Request: GET /followers - Status: 401 - Duration: 0ms - IP: ::1","timestamp":"2026-06-19 01:53:21"}
{"level":"info","message":"HTTP Request: GET /following - Status: 401 - Duration: 1ms - IP: ::1","timestamp":"2026-06-19 01:53:21"}
{"level":"info","message":"HTTP Request: GET /followers - Status: 401 - Duration: 1ms - IP: ::1","timestamp":"2026-06-19 01:53:21"}
{"level":"info","message":"HTTP Request: POST /refresh - Status: 401 - Duration: 1ms - IP: ::1","timestamp":"2026-06-19 01:53:21"}
{"level":"info","message":"HTTP Request: GET /me - Status: 401 - Duration: 1ms - IP: ::1","timestamp":"2026-06-19 01:53:24"}
{"level":"info","message":"HTTP Request: POST /refresh - Status: 401 - Duration: 1ms - IP: ::1","timestamp":"2026-06-19 01:53:24"}
{"level":"info","message":"HTTP Request: GET /me - Status: 401 - Duration: 1ms - IP: ::1","timestamp":"2026-06-19 01:53:27"}
{"level":"info","message":"HTTP Request: POST /refresh - Status: 401 - Duration: 1ms - IP: ::1","timestamp":"2026-06-19 01:53:27"}
{"level":"info","message":"HTTP Request: GET /me - Status: 401 - Duration: 1ms - IP: ::1","timestamp":"2026-06-19 01:53:30"}
{"level":"info","message":"HTTP Request: POST /refresh - Status: 401 - Duration: 1ms - IP: ::1","timestamp":"2026-06-19 01:53:30"}
{"level":"info","message":"HTTP Request: GET /me - Status: 401 - Duration: 1ms - IP: ::1","timestamp":"2026-06-19 01:53:33"}
{"level":"info","message":"HTTP Request: POST /refresh - Status: 401 - Duration: 1ms - IP: ::1","timestamp":"2026-06-19 01:53:33"}
{"level":"info","message":"HTTP Request: GET /me - Status: 401 - Duration: 1ms - IP: ::1","timestamp":"2026-06-19 01:53:36"}
{"level":"info","message":"HTTP Request: POST /refresh - Status: 401 - Duration: 1ms - IP: ::1","timestamp":"2026-06-19 01:53:36"}
{"level":"info","message":"HTTP Request: GET /me - Status: 401 - Duration: 0ms - IP: ::1","timestamp":"2026-06-19 01:53:39"}
{"level":"info","message":"HTTP Request: POST /refresh - Status: 401 - Duration: 1ms - IP: ::1","timestamp":"2026-06-19 01:53:39"}
{"level":"info","message":"HTTP Request: GET /me - Status: 401 - Duration: 2ms - IP: ::1","timestamp":"2026-06-19 01:53:42"}
{"level":"info","message":"HTTP Request: POST /refresh - Status: 401 - Duration: 1ms - IP: ::1","timestamp":"2026-06-19 01:53:43"}
{"level":"info","message":"HTTP Request: GET /me - Status: 401 - Duration: 1ms - IP: ::1","timestamp":"2026-06-19 01:53:45"}
{"level":"info","message":"HTTP Request: POST /refresh - Status: 401 - Duration: 1ms - IP: ::1","timestamp":"2026-06-19 01:53:45"}
{"level":"info","message":"HTTP Request: GET /me - Status: 401 - Duration: 0ms - IP: ::1","timestamp":"2026-06-19 01:53:49"}
{"level":"info","message":"HTTP Request: POST /refresh - Status: 401 - Duration: 1ms - IP: ::1","timestamp":"2026-06-19 01:53:49"}
{"level":"info","message":"HTTP Request: GET /me - Status: 401 - Duration: 1ms - IP: ::1","timestamp":"2026-06-19 01:53:52"}
{"level":"info","message":"HTTP Request: POST /refresh - Status: 401 - Duration: 1ms - IP: ::1","timestamp":"2026-06-19 01:53:52"}
{"level":"info","message":"HTTP Request: GET /unread-count - Status: 401 - Duration: 1ms - IP: ::1","timestamp":"2026-06-19 01:53:54"}
{"level":"info","message":"HTTP Request: POST /refresh - Status: 401 - Duration: 1ms - IP: ::1","timestamp":"2026-06-19 01:53:55"}
{"level":"info","message":"HTTP Request: GET /me - Status: 401 - Duration: 1ms - IP: ::1","timestamp":"2026-06-19 01:53:55"}
{"level":"info","message":"HTTP Request: POST /refresh - Status: 401 - Duration: 1ms - IP: ::1","timestamp":"2026-06-19 01:53:55"}
{"level":"info","message":"HTTP Request: GET /me - Status: 401 - Duration: 2ms - IP: ::1","timestamp":"2026-06-19 01:53:58"}
{"level":"info","message":"HTTP Request: POST /refresh - Status: 401 - Duration: 1ms - IP: ::1","timestamp":"2026-06-19 01:53:58"}
{"level":"info","message":"HTTP Request: GET /me - Status: 401 - Duration: 1ms - IP: ::1","timestamp":"2026-06-19 01:54:02"}
{"level":"info","message":"HTTP Request: POST /refresh - Status: 401 - Duration: 1ms - IP: ::1","timestamp":"2026-06-19 01:54:02"}
{"level":"info","message":"HTTP Request: GET /me - Status: 401 - Duration: 1ms - IP: ::1","timestamp":"2026-06-19 01:54:05"}
{"level":"info","message":"HTTP Request: POST /refresh - Status: 401 - Duration: 0ms - IP: ::1","timestamp":"2026-06-19 01:54:05"}
{"level":"info","message":"HTTP Request: GET /me - Status: 401 - Duration: 0ms - IP: ::1","timestamp":"2026-06-19 01:54:08"}
{"level":"info","message":"HTTP Request: POST /refresh - Status: 401 - Duration: 1ms - IP: ::1","timestamp":"2026-06-19 01:54:08"}
{"level":"info","message":"HTTP Request: GET /me - Status: 401 - Duration: 1ms - IP: ::1","timestamp":"2026-06-19 01:54:11"}
{"level":"info","message":"HTTP Request: POST /refresh - Status: 401 - Duration: 1ms - IP: ::1","timestamp":"2026-06-19 01:54:11"}
{"level":"info","message":"HTTP Request: GET /me - Status: 401 - Duration: 1ms - IP: ::1","timestamp":"2026-06-19 01:54:14"}
{"level":"info","message":"HTTP Request: POST /refresh - Status: 401 - Duration: 1ms - IP: ::1","timestamp":"2026-06-19 01:54:14"}
{"level":"info","message":"HTTP Request: GET /me - Status: 401 - Duration: 1ms - IP: ::1","timestamp":"2026-06-19 01:54:17"}
{"level":"info","message":"HTTP Request: POST /refresh - Status: 401 - Duration: 1ms - IP: ::1","timestamp":"2026-06-19 01:54:17"}
{"level":"info","message":"HTTP Request: GET /me - Status: 401 - Duration: 1ms - IP: ::1","timestamp":"2026-06-19 01:54:20"}
{"level":"info","message":"HTTP Request: POST /refresh - Status: 401 - Duration: 0ms - IP: ::1","timestamp":"2026-06-19 01:54:20"}
{"level":"info","message":"HTTP Request: GET /me - Status: 401 - Duration: 1ms - IP: ::1","timestamp":"2026-06-19 01:54:23"}
{"level":"info","message":"HTTP Request: POST /refresh - Status: 401 - Duration: 1ms - IP: ::1","timestamp":"2026-06-19 01:54:24"}
{"level":"info","message":"HTTP Request: GET /me - Status: 401 - Duration: 8ms - IP: ::1","timestamp":"2026-06-19 01:54:26"}
{"level":"info","message":"HTTP Request: POST /refresh - Status: 401 - Duration: 0ms - IP: ::1","timestamp":"2026-06-19 01:54:27"}
{"level":"info","message":"HTTP Request: GET /me - Status: 401 - Duration: 1ms - IP: ::1","timestamp":"2026-06-19 01:54:30"}
{"level":"info","message":"HTTP Request: POST /refresh - Status: 401 - Duration: 1ms - IP: ::1","timestamp":"2026-06-19 01:54:30"}
{"level":"info","message":"HTTP Request: GET /me - Status: 401 - Duration: 1ms - IP: ::1","timestamp":"2026-06-19 01:54:34"}
{"level":"info","message":"HTTP Request: POST /refresh - Status: 401 - Duration: 0ms - IP: ::1","timestamp":"2026-06-19 01:54:34"}
{"level":"info","message":"HTTP Request: GET /me - Status: 401 - Duration: 1ms - IP: ::1","timestamp":"2026-06-19 01:54:37"}
{"level":"info","message":"HTTP Request: POST /refresh - Status: 401 - Duration: 1ms - IP: ::1","timestamp":"2026-06-19 01:54:37"}
{"level":"info","message":"HTTP Request: GET /me - Status: 401 - Duration: 1ms - IP: ::1","timestamp":"2026-06-19 01:54:40"}
{"level":"info","message":"HTTP Request: POST /refresh - Status: 401 - Duration: 2ms - IP: ::1","timestamp":"2026-06-19 01:54:40"}
{"level":"info","message":"HTTP Request: GET /me - Status: 401 - Duration: 2ms - IP: ::1","timestamp":"2026-06-19 01:54:43"}
{"level":"info","message":"HTTP Request: POST /refresh - Status: 401 - Duration: 1ms - IP: ::1","timestamp":"2026-06-19 01:54:43"}
{"level":"info","message":"HTTP Request: GET /me - Status: 401 - Duration: 2ms - IP: ::1","timestamp":"2026-06-19 01:54:46"}
{"level":"info","message":"HTTP Request: POST /refresh - Status: 401 - Duration: 2ms - IP: ::1","timestamp":"2026-06-19 01:54:46"}
{"level":"info","message":"HTTP Request: GET /me - Status: 401 - Duration: 1ms - IP: ::1","timestamp":"2026-06-19 01:54:49"}
{"level":"info","message":"HTTP Request: POST /refresh - Status: 401 - Duration: 1ms - IP: ::1","timestamp":"2026-06-19 01:54:49"}
{"level":"info","message":"HTTP Request: GET /me - Status: 401 - Duration: 0ms - IP: ::1","timestamp":"2026-06-19 01:54:52"}
{"level":"info","message":"HTTP Request: POST /refresh - Status: 401 - Duration: 0ms - IP: ::1","timestamp":"2026-06-19 01:54:52"}
{"level":"info","message":"HTTP Request: GET /unread-count - Status: 401 - Duration: 0ms - IP: ::1","timestamp":"2026-06-19 01:54:54"}
{"level":"info","message":"HTTP Request: POST /refresh - Status: 401 - Duration: 1ms - IP: ::1","timestamp":"2026-06-19 01:54:54"}
{"level":"info","message":"HTTP Request: GET /me - Status: 401 - Duration: 1ms - IP: ::1","timestamp":"2026-06-19 01:54:55"}
{"level":"info","message":"HTTP Request: POST /refresh - Status: 401 - Duration: 1ms - IP: ::1","timestamp":"2026-06-19 01:54:55"}
{"level":"info","message":"HTTP Request: GET /me - Status: 401 - Duration: 0ms - IP: ::1","timestamp":"2026-06-19 01:54:58"}
{"level":"info","message":"HTTP Request: POST /refresh - Status: 401 - Duration: 1ms - IP: ::1","timestamp":"2026-06-19 01:54:58"}
{"level":"info","message":"HTTP Request: GET /me - Status: 401 - Duration: 2ms - IP: ::1","timestamp":"2026-06-19 01:55:01"}
{"level":"info","message":"HTTP Request: POST /refresh - Status: 401 - Duration: 2ms - IP: ::1","timestamp":"2026-06-19 01:55:01"}
{"level":"info","message":"HTTP Request: GET /me - Status: 401 - Duration: 0ms - IP: ::1","timestamp":"2026-06-19 01:55:04"}
{"level":"info","message":"HTTP Request: POST /refresh - Status: 401 - Duration: 0ms - IP: ::1","timestamp":"2026-06-19 01:55:04"}
{"level":"info","message":"HTTP Request: GET /me - Status: 401 - Duration: 1ms - IP: ::1","timestamp":"2026-06-19 01:55:07"}
{"level":"info","message":"HTTP Request: POST /refresh - Status: 401 - Duration: 1ms - IP: ::1","timestamp":"2026-06-19 01:55:07"}
{"level":"info","message":"HTTP Request: GET /me - Status: 401 - Duration: 1ms - IP: ::1","timestamp":"2026-06-19 01:55:11"}
{"level":"info","message":"HTTP Request: POST /refresh - Status: 401 - Duration: 1ms - IP: ::1","timestamp":"2026-06-19 01:55:11"}
{"level":"info","message":"HTTP Request: GET /me - Status: 401 - Duration: 1ms - IP: ::1","timestamp":"2026-06-19 01:55:14"}
{"level":"info","message":"HTTP Request: POST /refresh - Status: 401 - Duration: 1ms - IP: ::1","timestamp":"2026-06-19 01:55:14"}
{"level":"info","message":"HTTP Request: GET /me - Status: 401 - Duration: 1ms - IP: ::1","timestamp":"2026-06-19 01:55:17"}
{"level":"info","message":"HTTP Request: POST /refresh - Status: 401 - Duration: 1ms - IP: ::1","timestamp":"2026-06-19 01:55:17"}
{"level":"info","message":"HTTP Request: GET /me - Status: 401 - Duration: 1ms - IP: ::1","timestamp":"2026-06-19 01:55:20"}
{"level":"info","message":"HTTP Request: POST /refresh - Status: 401 - Duration: 1ms - IP: ::1","timestamp":"2026-06-19 01:55:20"}
{"level":"info","message":"HTTP Request: GET /me - Status: 401 - Duration: 0ms - IP: ::1","timestamp":"2026-06-19 01:55:23"}
{"level":"info","message":"HTTP Request: POST /refresh - Status: 401 - Duration: 0ms - IP: ::1","timestamp":"2026-06-19 01:55:23"}
{"level":"info","message":"HTTP Request: GET /me - Status: 401 - Duration: 1ms - IP: ::1","timestamp":"2026-06-19 01:55:26"}
{"level":"info","message":"HTTP Request: POST /refresh - Status: 401 - Duration: 1ms - IP: ::1","timestamp":"2026-06-19 01:55:26"}
{"level":"info","message":"HTTP Request: GET /me - Status: 401 - Duration: 1ms - IP: ::1","timestamp":"2026-06-19 01:55:29"}
{"level":"info","message":"HTTP Request: POST /refresh - Status: 401 - Duration: 1ms - IP: ::1","timestamp":"2026-06-19 01:55:29"}
{"level":"info","message":"HTTP Request: GET /me - Status: 401 - Duration: 1ms - IP: ::1","timestamp":"2026-06-19 01:55:32"}
{"level":"info","message":"HTTP Request: POST /refresh - Status: 401 - Duration: 0ms - IP: ::1","timestamp":"2026-06-19 01:55:32"}
{"level":"info","message":"HTTP Request: PUT /profile - Status: 401 - Duration: 2ms - IP: ::1","timestamp":"2026-06-19 01:55:37"}
{"level":"info","message":"HTTP Request: POST /refresh - Status: 401 - Duration: 0ms - IP: ::1","timestamp":"2026-06-19 01:55:37"}
{"level":"info","message":"HTTP Request: GET /me - Status: 401 - Duration: 1ms - IP: ::1","timestamp":"2026-06-19 01:55:40"}
{"level":"info","message":"HTTP Request: POST /refresh - Status: 401 - Duration: 1ms - IP: ::1","timestamp":"2026-06-19 01:55:40"}
{"level":"info","message":"HTTP Request: POST /logout - Status: 200 - Duration: 2ms - IP: ::1","timestamp":"2026-06-19 01:55:40"}
{"level":"info","message":"HTTP Request: GET /?limit=17&hasActive=true - Status: 304 - Duration: 9ms - IP: ::1","timestamp":"2026-06-19 01:55:40"}
{"level":"info","message":"HTTP Request: GET /?limit=20 - Status: 304 - Duration: 12ms - IP: ::1","timestamp":"2026-06-19 01:55:40"}
{"level":"info","message":"HTTP Request: GET /?limit=20 - Status: 304 - Duration: 12ms - IP: ::1","timestamp":"2026-06-19 01:55:40"}
{"level":"info","message":"HTTP Request: GET /fishermen/leaderboard - Status: 304 - Duration: 6ms - IP: ::1","timestamp":"2026-06-19 01:55:41"}
{"level":"info","message":"HTTP Request: GET /fishermen/leaderboard - Status: 304 - Duration: 4ms - IP: ::1","timestamp":"2026-06-19 01:55:41"}
{"level":"info","message":"🔑 [MOCK GOOGLE LOGIN] Email=binh@haisan.vn, Name=Mock User (binh)","timestamp":"2026-06-19 01:55:42"}
{"level":"info","message":"🚪 Existing Google User logged in: ID=6a3435a4efb989c2939b656d, Email=binh@haisan.vn","timestamp":"2026-06-19 01:55:42"}
{"level":"info","message":"HTTP Request: POST /google - Status: 200 - Duration: 14ms - IP: ::1","timestamp":"2026-06-19 01:55:42"}
{"level":"info","message":"HTTP Request: GET /?limit=20 - Status: 304 - Duration: 22ms - IP: ::1","timestamp":"2026-06-19 01:55:42"}
{"level":"info","message":"HTTP Request: GET /unread-count - Status: 200 - Duration: 24ms - IP: ::1","timestamp":"2026-06-19 01:55:42"}
{"level":"info","message":"HTTP Request: GET /?limit=17&hasActive=true - Status: 304 - Duration: 23ms - IP: ::1","timestamp":"2026-06-19 01:55:42"}
{"level":"info","message":"HTTP Request: GET / - Status: 304 - Duration: 48ms - IP: ::1","timestamp":"2026-06-19 01:55:42"}
{"level":"info","message":"HTTP Request: GET /?limit=20 - Status: 304 - Duration: 15ms - IP: ::1","timestamp":"2026-06-19 01:55:42"}
{"level":"info","message":"HTTP Request: GET /fishermen/leaderboard - Status: 304 - Duration: 10ms - IP: ::1","timestamp":"2026-06-19 01:55:43"}
{"level":"info","message":"HTTP Request: GET / - Status: 304 - Duration: 26ms - IP: ::1","timestamp":"2026-06-19 01:55:43"}
{"level":"info","message":"HTTP Request: GET /fishermen/leaderboard - Status: 304 - Duration: 5ms - IP: ::1","timestamp":"2026-06-19 01:55:43"}
{"level":"info","message":"HTTP Request: GET /followers - Status: 200 - Duration: 15ms - IP: ::1","timestamp":"2026-06-19 01:55:44"}
{"level":"info","message":"HTTP Request: GET /followers - Status: 200 - Duration: 17ms - IP: ::1","timestamp":"2026-06-19 01:55:44"}
{"level":"info","message":"HTTP Request: GET /following - Status: 200 - Duration: 34ms - IP: ::1","timestamp":"2026-06-19 01:55:44"}
{"level":"info","message":"HTTP Request: GET /following - Status: 200 - Duration: 31ms - IP: ::1","timestamp":"2026-06-19 01:55:44"}
{"level":"info","message":"Profile updated for UserID=6a3435a4efb989c2939b656d","timestamp":"2026-06-19 01:55:49"}
{"level":"info","message":"HTTP Request: PUT /profile - Status: 200 - Duration: 177ms - IP: ::1","timestamp":"2026-06-19 01:55:49"}
{"level":"info","message":"HTTP Request: GET / - Status: 304 - Duration: 25ms - IP: ::1","timestamp":"2026-06-19 01:55:49"}
{"level":"info","message":"HTTP Request: GET /followers - Status: 304 - Duration: 26ms - IP: ::1","timestamp":"2026-06-19 01:55:49"}
{"level":"info","message":"HTTP Request: GET /unread-count - Status: 304 - Duration: 29ms - IP: ::1","timestamp":"2026-06-19 01:55:50"}
{"level":"info","message":"HTTP Request: GET /following - Status: 304 - Duration: 47ms - IP: ::1","timestamp":"2026-06-19 01:55:50"}
{"level":"info","message":"HTTP Request: GET /?limit=20 - Status: 304 - Duration: 18ms - IP: ::1","timestamp":"2026-06-19 01:55:52"}
{"level":"info","message":"HTTP Request: GET /?limit=17&hasActive=true - Status: 304 - Duration: 21ms - IP: ::1","timestamp":"2026-06-19 01:55:52"}
{"level":"info","message":"HTTP Request: GET /?limit=20 - Status: 304 - Duration: 25ms - IP: ::1","timestamp":"2026-06-19 01:55:53"}
{"level":"info","message":"HTTP Request: GET /fishermen/leaderboard - Status: 304 - Duration: 20ms - IP: ::1","timestamp":"2026-06-19 01:55:53"}
{"level":"info","message":"HTTP Request: GET /fishermen/leaderboard - Status: 304 - Duration: 19ms - IP: ::1","timestamp":"2026-06-19 01:55:53"}
{"level":"info","message":"HTTP Request: GET /me - Status: 200 - Duration: 11ms - IP: ::1","timestamp":"2026-06-19 01:55:54"}
{"level":"info","message":"HTTP Request: GET /unread-count - Status: 304 - Duration: 14ms - IP: ::1","timestamp":"2026-06-19 01:55:54"}
{"level":"info","message":"HTTP Request: GET / - Status: 304 - Duration: 27ms - IP: ::1","timestamp":"2026-06-19 01:55:54"}
{"level":"info","message":"HTTP Request: GET /?limit=20 - Status: 304 - Duration: 12ms - IP: ::1","timestamp":"2026-06-19 01:55:54"}
{"level":"info","message":"HTTP Request: GET /?limit=17&hasActive=true - Status: 304 - Duration: 9ms - IP: ::1","timestamp":"2026-06-19 01:55:54"}
{"level":"info","message":"HTTP Request: GET /?limit=20 - Status: 304 - Duration: 6ms - IP: ::1","timestamp":"2026-06-19 01:55:54"}
{"level":"info","message":"HTTP Request: GET /fishermen/leaderboard - Status: 304 - Duration: 8ms - IP: ::1","timestamp":"2026-06-19 01:55:54"}
{"level":"info","message":"HTTP Request: GET /fishermen/leaderboard - Status: 304 - Duration: 9ms - IP: ::1","timestamp":"2026-06-19 01:55:54"}
{"level":"info","message":"HTTP Request: GET /followers - Status: 304 - Duration: 9ms - IP: ::1","timestamp":"2026-06-19 01:55:56"}
{"level":"info","message":"HTTP Request: GET /following - Status: 304 - Duration: 16ms - IP: ::1","timestamp":"2026-06-19 01:55:56"}
{"level":"info","message":"HTTP Request: GET /followers - Status: 304 - Duration: 11ms - IP: ::1","timestamp":"2026-06-19 01:55:56"}
{"level":"info","message":"HTTP Request: GET /following - Status: 304 - Duration: 23ms - IP: ::1","timestamp":"2026-06-19 01:55:56"}
{"level":"info","message":"HTTP Request: GET /me - Status: 304 - Duration: 8ms - IP: ::1","timestamp":"2026-06-19 01:55:59"}
{"level":"info","message":"HTTP Request: GET /me - Status: 304 - Duration: 10ms - IP: ::1","timestamp":"2026-06-19 01:56:02"}
{"level":"info","message":"HTTP Request: GET /me - Status: 304 - Duration: 7ms - IP: ::1","timestamp":"2026-06-19 01:56:05"}
{"level":"info","message":"HTTP Request: GET /me - Status: 304 - Duration: 4ms - IP: ::1","timestamp":"2026-06-19 01:56:08"}
{"level":"info","message":"HTTP Request: GET /me - Status: 304 - Duration: 8ms - IP: ::1","timestamp":"2026-06-19 01:56:11"}
{"level":"info","message":"HTTP Request: GET /me - Status: 304 - Duration: 6ms - IP: ::1","timestamp":"2026-06-19 01:56:14"}
{"level":"info","message":"HTTP Request: GET /me - Status: 304 - Duration: 6ms - IP: ::1","timestamp":"2026-06-19 01:56:17"}
{"level":"info","message":"HTTP Request: GET /me - Status: 304 - Duration: 7ms - IP: ::1","timestamp":"2026-06-19 01:56:20"}
{"level":"info","message":"HTTP Request: GET /me - Status: 304 - Duration: 8ms - IP: ::1","timestamp":"2026-06-19 01:56:23"}
{"level":"info","message":"HTTP Request: GET /me - Status: 304 - Duration: 4ms - IP: ::1","timestamp":"2026-06-19 01:56:26"}
{"level":"info","message":"HTTP Request: GET /followers - Status: 304 - Duration: 4ms - IP: ::1","timestamp":"2026-06-19 01:56:28"}
{"level":"info","message":"HTTP Request: GET /following - Status: 304 - Duration: 9ms - IP: ::1","timestamp":"2026-06-19 01:56:28"}
{"level":"info","message":"HTTP Request: GET /followers - Status: 304 - Duration: 7ms - IP: ::1","timestamp":"2026-06-19 01:56:29"}
{"level":"info","message":"HTTP Request: GET /following - Status: 304 - Duration: 9ms - IP: ::1","timestamp":"2026-06-19 01:56:29"}
{"level":"info","message":"HTTP Request: GET /me - Status: 304 - Duration: 5ms - IP: ::1","timestamp":"2026-06-19 01:56:31"}
{"level":"info","message":"HTTP Request: GET /me - Status: 304 - Duration: 7ms - IP: ::1","timestamp":"2026-06-19 01:56:35"}
{"level":"info","message":"HTTP Request: GET /me - Status: 304 - Duration: 6ms - IP: ::1","timestamp":"2026-06-19 01:56:38"}
{"level":"info","message":"HTTP Request: GET /me - Status: 304 - Duration: 7ms - IP: ::1","timestamp":"2026-06-19 01:56:41"}
{"level":"info","message":"HTTP Request: GET /me - Status: 304 - Duration: 5ms - IP: ::1","timestamp":"2026-06-19 01:56:44"}
{"level":"info","message":"HTTP Request: GET /me - Status: 304 - Duration: 5ms - IP: ::1","timestamp":"2026-06-19 01:56:47"}
{"level":"info","message":"HTTP Request: GET /me - Status: 304 - Duration: 7ms - IP: ::1","timestamp":"2026-06-19 01:56:50"}
{"level":"info","message":"HTTP Request: GET /me - Status: 304 - Duration: 8ms - IP: ::1","timestamp":"2026-06-19 01:56:53"}
{"level":"info","message":"HTTP Request: GET /unread-count - Status: 304 - Duration: 7ms - IP: ::1","timestamp":"2026-06-19 01:56:54"}
{"level":"info","message":"HTTP Request: GET /me - Status: 304 - Duration: 12ms - IP: ::1","timestamp":"2026-06-19 01:56:56"}
{"level":"info","message":"HTTP Request: GET /me - Status: 304 - Duration: 9ms - IP: ::1","timestamp":"2026-06-19 01:56:59"}
{"level":"info","message":"HTTP Request: GET /me - Status: 304 - Duration: 7ms - IP: ::1","timestamp":"2026-06-19 01:57:02"}
{"level":"info","message":"HTTP Request: GET /me - Status: 304 - Duration: 4ms - IP: ::1","timestamp":"2026-06-19 01:57:05"}
{"level":"info","message":"HTTP Request: GET /me - Status: 304 - Duration: 4ms - IP: ::1","timestamp":"2026-06-19 01:57:11"}
{"level":"info","message":"HTTP Request: GET /me - Status: 304 - Duration: 6ms - IP: ::1","timestamp":"2026-06-19 01:57:14"}
{"level":"info","message":"HTTP Request: GET /me - Status: 304 - Duration: 7ms - IP: ::1","timestamp":"2026-06-19 01:57:17"}
{"level":"info","message":"HTTP Request: GET /me - Status: 304 - Duration: 12ms - IP: ::1","timestamp":"2026-06-19 01:57:24"}
{"level":"info","message":"HTTP Request: GET /?page=1&limit=20 - Status: 304 - Duration: 6ms - IP: ::1","timestamp":"2026-06-19 01:57:26"}
{"level":"info","message":"HTTP Request: GET /?page=1&limit=10 - Status: 304 - Duration: 8ms - IP: ::1","timestamp":"2026-06-19 01:57:27"}
{"level":"info","message":"HTTP Request: GET /?page=1&limit=9 - Status: 304 - Duration: 9ms - IP: ::1","timestamp":"2026-06-19 01:57:27"}
{"level":"warn","message":"Received SIGINT. Starting Graceful Shutdown...","timestamp":"2026-06-19 01:57:49"}
{"level":"info","message":"✅ MongoDB connected successfully via Mongoose","timestamp":"2026-06-19 02:01:18"}
{"level":"info","message":"✅ Redis connected","timestamp":"2026-06-19 02:01:18"}
{"level":"info","message":"Socket.IO Redis Adapter configured successfully","timestamp":"2026-06-19 02:01:18"}
{"level":"info","message":"✅ MongoDB connected successfully via Mongoose","timestamp":"2026-06-19 02:01:51"}
{"level":"info","message":"✅ Redis connected","timestamp":"2026-06-19 02:01:51"}
{"level":"info","message":"Socket.IO Redis Adapter configured successfully","timestamp":"2026-06-19 02:01:51"}
{"level":"info","message":"⏰ Cronjob expire hải sản tươi đã khởi động (mỗi giờ)","timestamp":"2026-06-19 02:01:51"}
{"level":"info","message":"\n🚀 Server is running on http://localhost:5000","timestamp":"2026-06-19 02:01:51"}
{"level":"info","message":"🔒 Helmet + CSRF + Cookie-based JWT Enabled","timestamp":"2026-06-19 02:01:51"}
{"level":"info","message":"📡 Socket.IO server is ready (cookie-based handshake)","timestamp":"2026-06-19 02:01:51"}
{"level":"info","message":"🗄️  Active Database: MongoDB (NoSQL)\n","timestamp":"2026-06-19 02:01:51"}
{"level":"info","message":"HTTP Request: GET /unread-count - Status: 304 - Duration: 65ms - IP: ::1","timestamp":"2026-06-19 02:02:02"}
{"level":"info","message":"HTTP Request: GET /me - Status: 304 - Duration: 42ms - IP: ::1","timestamp":"2026-06-19 02:02:04"}
{"level":"info","message":"HTTP Request: GET /unread-count - Status: 304 - Duration: 21ms - IP: ::1","timestamp":"2026-06-19 02:02:04"}
{"level":"info","message":"HTTP Request: GET /?page=1&limit=9 - Status: 304 - Duration: 22ms - IP: ::1","timestamp":"2026-06-19 02:02:04"}
{"level":"info","message":"HTTP Request: GET / - Status: 304 - Duration: 61ms - IP: ::1","timestamp":"2026-06-19 02:02:04"}
{"level":"info","message":"HTTP Request: GET /ids - Status: 200 - Duration: 16ms - IP: ::1","timestamp":"2026-06-19 02:02:05"}
{"level":"info","message":"HTTP Request: GET /ids - Status: 200 - Duration: 17ms - IP: ::1","timestamp":"2026-06-19 02:02:05"}
{"level":"info","message":"HTTP Request: GET /?type=Fresh&page=1&limit=20&lat=15.968056967921283&lng=108.26234798201149 - Status: 304 - Duration: 10ms - IP: ::1","timestamp":"2026-06-19 02:02:05"}
{"level":"info","message":"HTTP Request: GET /?limit=20 - Status: 304 - Duration: 13ms - IP: ::1","timestamp":"2026-06-19 02:02:06"}
{"level":"info","message":"HTTP Request: GET /?limit=17&hasActive=true - Status: 304 - Duration: 11ms - IP: ::1","timestamp":"2026-06-19 02:02:06"}
{"level":"info","message":"HTTP Request: GET /?limit=20 - Status: 304 - Duration: 6ms - IP: ::1","timestamp":"2026-06-19 02:02:06"}
{"level":"info","message":"HTTP Request: GET /fishermen/leaderboard - Status: 304 - Duration: 5ms - IP: ::1","timestamp":"2026-06-19 02:02:06"}
{"level":"info","message":"HTTP Request: GET /fishermen/leaderboard - Status: 304 - Duration: 5ms - IP: ::1","timestamp":"2026-06-19 02:02:06"}
{"level":"info","message":"HTTP Request: GET /ids - Status: 304 - Duration: 7ms - IP: ::1","timestamp":"2026-06-19 02:02:07"}
{"level":"info","message":"HTTP Request: GET /ids - Status: 304 - Duration: 5ms - IP: ::1","timestamp":"2026-06-19 02:02:07"}
{"level":"info","message":"HTTP Request: GET /?type=Fresh&page=1&limit=20&lat=15.968056967921283&lng=108.26234798201149 - Status: 304 - Duration: 8ms - IP: ::1","timestamp":"2026-06-19 02:02:07"}
{"level":"info","message":"HTTP Request: GET /?type=Dried&page=1&limit=20 - Status: 304 - Duration: 21ms - IP: ::1","timestamp":"2026-06-19 02:02:08"}
{"level":"info","message":"HTTP Request: GET /?type=Fresh&page=1&limit=20&lat=15.968056967921283&lng=108.26234798201149 - Status: 304 - Duration: 4ms - IP: ::1","timestamp":"2026-06-19 02:02:09"}
{"level":"info","message":"HTTP Request: GET /?page=1&limit=9 - Status: 304 - Duration: 16ms - IP: ::1","timestamp":"2026-06-19 02:02:09"}
{"level":"info","message":"HTTP Request: GET /?page=1&limit=10 - Status: 304 - Duration: 8ms - IP: ::1","timestamp":"2026-06-19 02:02:24"}
{"level":"info","message":"HTTP Request: GET /?page=1&limit=20 - Status: 304 - Duration: 5ms - IP: ::1","timestamp":"2026-06-19 02:02:27"}
{"level":"info","message":"HTTP Request: GET /ids - Status: 304 - Duration: 11ms - IP: ::1","timestamp":"2026-06-19 02:02:31"}
{"level":"info","message":"HTTP Request: GET /ids - Status: 304 - Duration: 17ms - IP: ::1","timestamp":"2026-06-19 02:02:31"}
{"level":"info","message":"HTTP Request: GET /?type=Fresh&page=1&limit=20&lat=15.968056967921283&lng=108.26234798201149 - Status: 304 - Duration: 20ms - IP: ::1","timestamp":"2026-06-19 02:02:31"}
{"level":"info","message":"HTTP Request: GET /?page=1&limit=20 - Status: 304 - Duration: 9ms - IP: ::1","timestamp":"2026-06-19 02:02:32"}
{"level":"info","message":"HTTP Request: GET /unread-count - Status: 304 - Duration: 31ms - IP: ::1","timestamp":"2026-06-19 02:02:33"}
{"level":"info","message":"HTTP Request: GET /my?page=1&limit=5 - Status: 200 - Duration: 46ms - IP: ::1","timestamp":"2026-06-19 02:02:33"}
{"level":"info","message":"HTTP Request: GET /my?page=1&limit=5 - Status: 200 - Duration: 44ms - IP: ::1","timestamp":"2026-06-19 02:02:33"}
{"level":"info","message":"HTTP Request: GET /unread-count - Status: 304 - Duration: 22ms - IP: ::1","timestamp":"2026-06-19 02:02:33"}
{"level":"info","message":"HTTP Request: GET / - Status: 200 - Duration: 32ms - IP: ::1","timestamp":"2026-06-19 02:02:33"}
{"level":"info","message":"HTTP Request: GET / - Status: 200 - Duration: 11ms - IP: ::1","timestamp":"2026-06-19 02:02:33"}
{"level":"info","message":"HTTP Request: GET /?page=1&limit=20 - Status: 304 - Duration: 11ms - IP: ::1","timestamp":"2026-06-19 02:02:38"}
{"level":"info","message":"HTTP Request: GET /conversations - Status: 200 - Duration: 27ms - IP: ::1","timestamp":"2026-06-19 02:02:41"}
{"level":"info","message":"HTTP Request: GET /conversations - Status: 200 - Duration: 36ms - IP: ::1","timestamp":"2026-06-19 02:02:41"}
{"level":"info","message":"HTTP Request: GET /?page=1&limit=9 - Status: 304 - Duration: 11ms - IP: ::1","timestamp":"2026-06-19 02:02:42"}
{"level":"info","message":"HTTP Request: GET /unread-count - Status: 304 - Duration: 6ms - IP: ::1","timestamp":"2026-06-19 02:03:04"}
{"level":"info","message":"HTTP Request: GET /?page=1&limit=9&search=c%C3%A1 - Status: 200 - Duration: 16ms - IP: ::1","timestamp":"2026-06-19 02:03:55"}
{"level":"info","message":"HTTP Request: GET /unread-count - Status: 304 - Duration: 7ms - IP: ::1","timestamp":"2026-06-19 02:04:04"}
{"level":"info","message":"Tokens revoked in Redis on logout for UserID=6a3435a4efb989c2939b656d","timestamp":"2026-06-19 02:04:44"}
{"level":"info","message":"HTTP Request: POST /logout - Status: 200 - Duration: 11ms - IP: ::1","timestamp":"2026-06-19 02:04:44"}
{"level":"info","message":"HTTP Request: GET /?limit=20 - Status: 304 - Duration: 32ms - IP: ::1","timestamp":"2026-06-19 02:04:45"}
{"level":"info","message":"HTTP Request: GET /?limit=17&hasActive=true - Status: 304 - Duration: 25ms - IP: ::1","timestamp":"2026-06-19 02:04:45"}
{"level":"info","message":"HTTP Request: GET /?limit=20 - Status: 304 - Duration: 14ms - IP: ::1","timestamp":"2026-06-19 02:04:45"}
{"level":"info","message":"HTTP Request: GET /fishermen/leaderboard - Status: 304 - Duration: 4ms - IP: ::1","timestamp":"2026-06-19 02:04:45"}
{"level":"info","message":"HTTP Request: GET /fishermen/leaderboard - Status: 304 - Duration: 6ms - IP: ::1","timestamp":"2026-06-19 02:04:45"}
{"level":"info","message":"🔑 [MOCK GOOGLE LOGIN] Email=lan@haisan.vn, Name=Mock User (lan)","timestamp":"2026-06-19 02:04:47"}
{"level":"info","message":"✨ Created new Google User: ID=6a34414fb92649c6f69df07d, Email=lan@haisan.vn","timestamp":"2026-06-19 02:04:47"}
{"level":"info","message":"HTTP Request: POST /google - Status: 200 - Duration: 81ms - IP: ::1","timestamp":"2026-06-19 02:04:47"}
{"level":"info","message":"HTTP Request: GET /?limit=20 - Status: 304 - Duration: 32ms - IP: ::1","timestamp":"2026-06-19 02:04:47"}
{"level":"info","message":"HTTP Request: GET /?limit=17&hasActive=true - Status: 304 - Duration: 31ms - IP: ::1","timestamp":"2026-06-19 02:04:47"}
{"level":"info","message":"HTTP Request: GET /unread-count - Status: 304 - Duration: 24ms - IP: ::1","timestamp":"2026-06-19 02:04:47"}
{"level":"info","message":"HTTP Request: GET / - Status: 304 - Duration: 46ms - IP: ::1","timestamp":"2026-06-19 02:04:47"}
{"level":"info","message":"HTTP Request: GET /?limit=20 - Status: 304 - Duration: 15ms - IP: ::1","timestamp":"2026-06-19 02:04:47"}
{"level":"info","message":"HTTP Request: GET / - Status: 304 - Duration: 23ms - IP: ::1","timestamp":"2026-06-19 02:04:47"}
{"level":"info","message":"HTTP Request: GET /fishermen/leaderboard - Status: 304 - Duration: 9ms - IP: ::1","timestamp":"2026-06-19 02:04:47"}
{"level":"info","message":"HTTP Request: GET /fishermen/leaderboard - Status: 304 - Duration: 4ms - IP: ::1","timestamp":"2026-06-19 02:04:47"}
{"level":"info","message":"HTTP Request: GET /?page=1&limit=10 - Status: 304 - Duration: 10ms - IP: ::1","timestamp":"2026-06-19 02:04:48"}
{"level":"info","message":"HTTP Request: GET /?page=1&limit=9 - Status: 304 - Duration: 13ms - IP: ::1","timestamp":"2026-06-19 02:04:49"}
{"level":"info","message":"HTTP Request: GET /unread-count - Status: 304 - Duration: 7ms - IP: ::1","timestamp":"2026-06-19 02:05:47"}
{"level":"info","message":"HTTP Request: GET /unread-count - Status: 304 - Duration: 7ms - IP: ::1","timestamp":"2026-06-19 02:06:48"}
{"level":"info","message":"HTTP Request: GET /unread-count - Status: 304 - Duration: 11ms - IP: ::1","timestamp":"2026-06-19 02:07:48"}
{"level":"info","message":"HTTP Request: GET /unread-count - Status: 304 - Duration: 5ms - IP: ::1","timestamp":"2026-06-19 02:08:52"}
{"level":"info","message":"HTTP Request: GET /unread-count - Status: 304 - Duration: 8ms - IP: ::1","timestamp":"2026-06-19 02:09:55"}
{"level":"info","message":"HTTP Request: GET /unread-count - Status: 304 - Duration: 7ms - IP: ::1","timestamp":"2026-06-19 02:11:00"}
{"level":"info","message":"HTTP Request: GET /unread-count - Status: 304 - Duration: 7ms - IP: ::1","timestamp":"2026-06-19 02:12:05"}
{"level":"info","message":"HTTP Request: GET /unread-count - Status: 304 - Duration: 8ms - IP: ::1","timestamp":"2026-06-19 02:13:10"}
{"level":"info","message":"HTTP Request: GET /unread-count - Status: 304 - Duration: 21ms - IP: ::1","timestamp":"2026-06-19 02:14:12"}
{"level":"info","message":"HTTP Request: GET /unread-count - Status: 304 - Duration: 9ms - IP: ::1","timestamp":"2026-06-19 02:15:17"}
{"level":"info","message":"HTTP Request: GET /unread-count - Status: 304 - Duration: 10ms - IP: ::1","timestamp":"2026-06-19 02:16:22"}
{"level":"info","message":"HTTP Request: GET /unread-count - Status: 304 - Duration: 6ms - IP: ::1","timestamp":"2026-06-19 02:17:23"}
{"level":"info","message":"HTTP Request: GET /unread-count - Status: 304 - Duration: 11ms - IP: ::1","timestamp":"2026-06-19 02:18:28"}
{"level":"info","message":"HTTP Request: GET /unread-count - Status: 304 - Duration: 7ms - IP: ::1","timestamp":"2026-06-19 02:19:33"}
{"level":"info","message":"HTTP Request: GET /unread-count - Status: 401 - Duration: 3ms - IP: ::1","timestamp":"2026-06-19 02:20:38"}
{"level":"info","message":"HTTP Request: POST /refresh - Status: 401 - Duration: 2ms - IP: ::1","timestamp":"2026-06-19 02:20:38"}
{"level":"info","message":"HTTP Request: GET /unread-count - Status: 401 - Duration: 2ms - IP: ::1","timestamp":"2026-06-19 02:21:41"}
{"level":"info","message":"HTTP Request: POST /refresh - Status: 401 - Duration: 2ms - IP: ::1","timestamp":"2026-06-19 02:21:41"}
{"level":"info","message":"HTTP Request: GET /unread-count - Status: 401 - Duration: 1ms - IP: ::1","timestamp":"2026-06-19 02:22:45"}
{"level":"info","message":"HTTP Request: POST /refresh - Status: 401 - Duration: 1ms - IP: ::1","timestamp":"2026-06-19 02:22:45"}
{"level":"info","message":"HTTP Request: GET /unread-count - Status: 401 - Duration: 2ms - IP: ::1","timestamp":"2026-06-19 02:23:54"}
{"level":"info","message":"HTTP Request: POST /refresh - Status: 401 - Duration: 2ms - IP: ::1","timestamp":"2026-06-19 02:23:54"}
{"level":"info","message":"HTTP Request: GET /unread-count - Status: 401 - Duration: 1ms - IP: ::1","timestamp":"2026-06-19 02:24:53"}
{"level":"info","message":"HTTP Request: POST /refresh - Status: 401 - Duration: 1ms - IP: ::1","timestamp":"2026-06-19 02:24:53"}
{"level":"info","message":"HTTP Request: GET /unread-count - Status: 401 - Duration: 1ms - IP: ::1","timestamp":"2026-06-19 02:25:54"}
{"level":"info","message":"HTTP Request: POST /refresh - Status: 401 - Duration: 2ms - IP: ::1","timestamp":"2026-06-19 02:25:54"}
{"level":"info","message":"HTTP Request: GET /unread-count - Status: 401 - Duration: 2ms - IP: ::1","timestamp":"2026-06-19 02:26:59"}
{"level":"info","message":"HTTP Request: POST /refresh - Status: 401 - Duration: 1ms - IP: ::1","timestamp":"2026-06-19 02:26:59"}
{"level":"info","message":"HTTP Request: GET /unread-count - Status: 401 - Duration: 2ms - IP: ::1","timestamp":"2026-06-19 02:28:00"}
{"level":"info","message":"HTTP Request: POST /refresh - Status: 401 - Duration: 1ms - IP: ::1","timestamp":"2026-06-19 02:28:00"}
{"level":"info","message":"HTTP Request: GET /unread-count - Status: 401 - Duration: 2ms - IP: ::1","timestamp":"2026-06-19 02:29:05"}
{"level":"info","message":"HTTP Request: POST /refresh - Status: 401 - Duration: 1ms - IP: ::1","timestamp":"2026-06-19 02:29:05"}
{"level":"info","message":"HTTP Request: GET /unread-count - Status: 401 - Duration: 1ms - IP: ::1","timestamp":"2026-06-19 02:30:05"}
{"level":"info","message":"HTTP Request: POST /refresh - Status: 401 - Duration: 1ms - IP: ::1","timestamp":"2026-06-19 02:30:05"}
{"level":"info","message":"HTTP Request: GET /?page=1&limit=10 - Status: 304 - Duration: 8ms - IP: ::1","timestamp":"2026-06-19 02:30:17"}
{"level":"info","message":"HTTP Request: GET /?page=1&limit=9 - Status: 304 - Duration: 12ms - IP: ::1","timestamp":"2026-06-19 02:30:22"}
{"level":"info","message":"HTTP Request: GET /unread-count - Status: 401 - Duration: 2ms - IP: ::1","timestamp":"2026-06-19 02:31:05"}
{"level":"info","message":"HTTP Request: POST /refresh - Status: 401 - Duration: 1ms - IP: ::1","timestamp":"2026-06-19 02:31:05"}
{"level":"info","message":"HTTP Request: GET /images/signature - Status: 401 - Duration: 1ms - IP: ::1","timestamp":"2026-06-19 02:31:37"}
{"level":"info","message":"HTTP Request: POST /refresh - Status: 401 - Duration: 1ms - IP: ::1","timestamp":"2026-06-19 02:31:37"}
{"level":"info","message":"HTTP Request: POST /logout - Status: 200 - Duration: 1ms - IP: ::1","timestamp":"2026-06-19 02:31:41"}
{"level":"info","message":"HTTP Request: GET /?limit=20 - Status: 304 - Duration: 7ms - IP: ::1","timestamp":"2026-06-19 02:31:41"}
{"level":"info","message":"HTTP Request: GET /?limit=17&hasActive=true - Status: 304 - Duration: 6ms - IP: ::1","timestamp":"2026-06-19 02:31:41"}
{"level":"info","message":"HTTP Request: GET /?limit=20 - Status: 304 - Duration: 5ms - IP: ::1","timestamp":"2026-06-19 02:31:41"}
{"level":"info","message":"HTTP Request: GET /fishermen/leaderboard - Status: 304 - Duration: 4ms - IP: ::1","timestamp":"2026-06-19 02:31:41"}
{"level":"info","message":"HTTP Request: GET /fishermen/leaderboard - Status: 304 - Duration: 4ms - IP: ::1","timestamp":"2026-06-19 02:31:41"}
{"level":"info","message":"🔑 [MOCK GOOGLE LOGIN] Email=binh@haisan.vn, Name=Mock User (binh)","timestamp":"2026-06-19 02:31:43"}
{"level":"info","message":"🚪 Existing Google User logged in: ID=6a3435a4efb989c2939b656d, Email=binh@haisan.vn","timestamp":"2026-06-19 02:31:43"}
{"level":"info","message":"HTTP Request: POST /google - Status: 200 - Duration: 15ms - IP: ::1","timestamp":"2026-06-19 02:31:43"}
{"level":"info","message":"HTTP Request: GET /?limit=20 - Status: 304 - Duration: 30ms - IP: ::1","timestamp":"2026-06-19 02:31:44"}
{"level":"info","message":"HTTP Request: GET /?limit=17&hasActive=true - Status: 304 - Duration: 28ms - IP: ::1","timestamp":"2026-06-19 02:31:44"}
{"level":"info","message":"HTTP Request: GET /unread-count - Status: 200 - Duration: 32ms - IP: ::1","timestamp":"2026-06-19 02:31:44"}
{"level":"info","message":"HTTP Request: GET / - Status: 304 - Duration: 44ms - IP: ::1","timestamp":"2026-06-19 02:31:44"}
{"level":"info","message":"HTTP Request: GET /?limit=20 - Status: 304 - Duration: 19ms - IP: ::1","timestamp":"2026-06-19 02:31:44"}
{"level":"info","message":"HTTP Request: GET / - Status: 304 - Duration: 20ms - IP: ::1","timestamp":"2026-06-19 02:31:44"}
{"level":"info","message":"HTTP Request: GET /fishermen/leaderboard - Status: 304 - Duration: 10ms - IP: ::1","timestamp":"2026-06-19 02:31:44"}
{"level":"info","message":"HTTP Request: GET /fishermen/leaderboard - Status: 304 - Duration: 9ms - IP: ::1","timestamp":"2026-06-19 02:31:44"}
{"level":"info","message":"HTTP Request: GET /?page=1&limit=9 - Status: 304 - Duration: 10ms - IP: ::1","timestamp":"2026-06-19 02:31:46"}
{"level":"info","message":"Tokens revoked in Redis on logout for UserID=6a3435a4efb989c2939b656d","timestamp":"2026-06-19 02:31:48"}
{"level":"info","message":"HTTP Request: POST /logout - Status: 200 - Duration: 4ms - IP: ::1","timestamp":"2026-06-19 02:31:48"}
{"level":"info","message":"HTTP Request: GET /?limit=20 - Status: 304 - Duration: 12ms - IP: ::1","timestamp":"2026-06-19 02:31:48"}
{"level":"info","message":"HTTP Request: GET /?limit=17&hasActive=true - Status: 304 - Duration: 10ms - IP: ::1","timestamp":"2026-06-19 02:31:48"}
{"level":"info","message":"HTTP Request: GET /?limit=20 - Status: 304 - Duration: 12ms - IP: ::1","timestamp":"2026-06-19 02:31:48"}
{"level":"info","message":"HTTP Request: GET /fishermen/leaderboard - Status: 304 - Duration: 11ms - IP: ::1","timestamp":"2026-06-19 02:31:48"}
{"level":"info","message":"HTTP Request: GET /fishermen/leaderboard - Status: 304 - Duration: 8ms - IP: ::1","timestamp":"2026-06-19 02:31:48"}
{"level":"info","message":"🔑 [MOCK GOOGLE LOGIN] Email=lan@haisan.vn, Name=Mock User (lan)","timestamp":"2026-06-19 02:31:50"}
{"level":"info","message":"🚪 Existing Google User logged in: ID=6a34414fb92649c6f69df07d, Email=lan@haisan.vn","timestamp":"2026-06-19 02:31:50"}
{"level":"info","message":"HTTP Request: POST /google - Status: 200 - Duration: 36ms - IP: ::1","timestamp":"2026-06-19 02:31:50"}
{"level":"info","message":"HTTP Request: GET /?limit=20 - Status: 304 - Duration: 22ms - IP: ::1","timestamp":"2026-06-19 02:31:50"}
{"level":"info","message":"HTTP Request: GET /unread-count - Status: 304 - Duration: 28ms - IP: ::1","timestamp":"2026-06-19 02:31:50"}
{"level":"info","message":"HTTP Request: GET /?limit=17&hasActive=true - Status: 304 - Duration: 26ms - IP: ::1","timestamp":"2026-06-19 02:31:50"}
{"level":"info","message":"HTTP Request: GET / - Status: 304 - Duration: 48ms - IP: ::1","timestamp":"2026-06-19 02:31:50"}
{"level":"info","message":"HTTP Request: GET /?limit=20 - Status: 304 - Duration: 14ms - IP: ::1","timestamp":"2026-06-19 02:31:50"}
{"level":"info","message":"HTTP Request: GET / - Status: 304 - Duration: 22ms - IP: ::1","timestamp":"2026-06-19 02:31:50"}
{"level":"info","message":"HTTP Request: GET /fishermen/leaderboard - Status: 304 - Duration: 6ms - IP: ::1","timestamp":"2026-06-19 02:31:50"}
{"level":"info","message":"HTTP Request: GET /fishermen/leaderboard - Status: 304 - Duration: 16ms - IP: ::1","timestamp":"2026-06-19 02:31:50"}
{"level":"info","message":"HTTP Request: GET /ids - Status: 304 - Duration: 13ms - IP: ::1","timestamp":"2026-06-19 02:31:51"}
{"level":"info","message":"HTTP Request: GET /ids - Status: 304 - Duration: 13ms - IP: ::1","timestamp":"2026-06-19 02:31:51"}
{"level":"info","message":"HTTP Request: GET /?type=Fresh&page=1&limit=20&lat=15.968056967921283&lng=108.26234798201149 - Status: 304 - Duration: 34ms - IP: ::1","timestamp":"2026-06-19 02:31:51"}
{"level":"info","message":"HTTP Request: GET /?page=1&limit=9 - Status: 304 - Duration: 7ms - IP: ::1","timestamp":"2026-06-19 02:31:52"}
{"level":"info","message":"HTTP Request: GET /images/signature - Status: 200 - Duration: 39ms - IP: ::1","timestamp":"2026-06-19 02:32:12"}
{"level":"info","message":"HTTP Request: POST / - Status: 201 - Duration: 22ms - IP: ::1","timestamp":"2026-06-19 02:32:14"}
{"level":"info","message":"HTTP Request: GET /?page=1&limit=9 - Status: 200 - Duration: 19ms - IP: ::1","timestamp":"2026-06-19 02:32:14"}
{"level":"info","message":"HTTP Request: GET /6a3447beb92649c6f69df07e - Status: 200 - Duration: 38ms - IP: ::1","timestamp":"2026-06-19 02:32:27"}
{"level":"info","message":"HTTP Request: GET /6a3447beb92649c6f69df07e - Status: 200 - Duration: 14ms - IP: ::1","timestamp":"2026-06-19 02:32:27"}
{"level":"info","message":"HTTP Request: GET /unread-count - Status: 304 - Duration: 6ms - IP: ::1","timestamp":"2026-06-19 02:32:50"}
{"level":"info","message":"HTTP Request: GET /unread-count - Status: 304 - Duration: 8ms - IP: ::1","timestamp":"2026-06-19 02:33:50"}
{"level":"info","message":"HTTP Request: POST /6a3447beb92649c6f69df07e/like - Status: 200 - Duration: 28ms - IP: ::1","timestamp":"2026-06-19 02:34:32"}
{"level":"info","message":"HTTP Request: GET /unread-count - Status: 304 - Duration: 8ms - IP: ::1","timestamp":"2026-06-19 02:34:50"}
{"level":"info","message":"HTTP Request: GET /unread-count - Status: 304 - Duration: 7ms - IP: ::1","timestamp":"2026-06-19 02:35:50"}
{"level":"info","message":"HTTP Request: GET /?page=1&limit=9 - Status: 200 - Duration: 19ms - IP: ::1","timestamp":"2026-06-19 02:36:46"}
{"level":"info","message":"HTTP Request: GET /unread-count - Status: 304 - Duration: 5ms - IP: ::1","timestamp":"2026-06-19 02:36:50"}
{"level":"info","message":"HTTP Request: GET /?page=1&limit=10 - Status: 304 - Duration: 10ms - IP: ::1","timestamp":"2026-06-19 02:36:52"}
{"level":"info","message":"HTTP Request: GET /images/signature - Status: 200 - Duration: 2ms - IP: ::1","timestamp":"2026-06-19 02:37:00"}
{"level":"info","message":"HTTP Request: POST / - Status: 201 - Duration: 27ms - IP: ::1","timestamp":"2026-06-19 02:37:02"}
{"level":"info","message":"HTTP Request: GET /?page=1&limit=10 - Status: 200 - Duration: 11ms - IP: ::1","timestamp":"2026-06-19 02:37:02"}
{"level":"info","message":"HTTP Request: GET /unread-count - Status: 304 - Duration: 7ms - IP: ::1","timestamp":"2026-06-19 02:37:51"}
{"level":"info","message":"HTTP Request: GET /unread-count - Status: 304 - Duration: 5ms - IP: ::1","timestamp":"2026-06-19 02:38:51"}
{"level":"info","message":"HTTP Request: GET /unread-count - Status: 304 - Duration: 6ms - IP: ::1","timestamp":"2026-06-19 02:39:51"}
{"level":"info","message":"HTTP Request: GET /unread-count - Status: 304 - Duration: 6ms - IP: ::1","timestamp":"2026-06-19 02:40:52"}
{"level":"info","message":"HTTP Request: GET /unread-count - Status: 304 - Duration: 8ms - IP: ::1","timestamp":"2026-06-19 02:41:52"}
{"level":"info","message":"HTTP Request: GET /?page=1&limit=10 - Status: 304 - Duration: 12ms - IP: ::1","timestamp":"2026-06-19 02:43:01"}
{"level":"info","message":"HTTP Request: GET /me - Status: 200 - Duration: 14ms - IP: ::1","timestamp":"2026-06-19 02:43:01"}
{"level":"info","message":"HTTP Request: GET /unread-count - Status: 304 - Duration: 14ms - IP: ::1","timestamp":"2026-06-19 02:43:01"}
{"level":"info","message":"HTTP Request: GET / - Status: 304 - Duration: 22ms - IP: ::1","timestamp":"2026-06-19 02:43:01"}
{"level":"error","message":"Exception on POST /api/posts/6a3448deb92649c6f69df07f/comments: input must be a 24 character hex string, 12 byte Uint8Array, or an integer","stack":"BSONError: input must be a 24 character hex string, 12 byte Uint8Array, or an integer\n    at new ObjectId (C:\\Users\\PC\\OneDrive\\Desktop\\sea_shop\\sea_shop\\swp391-su26-ai-audit-project-swp391_se20a04_group-06\\backend\\node_modules\\bson\\src\\objectid.ts:113:15)\n    at C:\\Users\\PC\\OneDrive\\Desktop\\sea_shop\\sea_shop\\swp391-su26-ai-audit-project-swp391_se20a04_group-06\\backend\\src\\modules\\post\\infrastructure\\persistence\\mongoose\\mappers\\PostMapper.ts:98:21\n    at Array.map (<anonymous>)\n    at PostMapper.toPersistence (C:\\Users\\PC\\OneDrive\\Desktop\\sea_shop\\sea_shop\\swp391-su26-ai-audit-project-swp391_se20a04_group-06\\backend\\src\\modules\\post\\infrastructure\\persistence\\mongoose\\mappers\\PostMapper.ts:96:32)\n    at MongoosePostRepository.save (C:\\Users\\PC\\OneDrive\\Desktop\\sea_shop\\sea_shop\\swp391-su26-ai-audit-project-swp391_se20a04_group-06\\backend\\src\\modules\\post\\infrastructure\\persistence\\mongoose\\MongoosePostRepository.ts:37:40)\n    at AddCommentUseCase.execute (C:\\Users\\PC\\OneDrive\\Desktop\\sea_shop\\sea_shop\\swp391-su26-ai-audit-project-swp391_se20a04_group-06\\backend\\src\\modules\\post\\application\\use-cases\\AddCommentUseCase.ts:43:31)\n    at processTicksAndRejections (node:internal/process/task_queues:104:5)\n    at addComment (C:\\Users\\PC\\OneDrive\\Desktop\\sea_shop\\sea_shop\\swp391-su26-ai-audit-project-swp391_se20a04_group-06\\backend\\src\\modules\\post\\presentation\\http\\PostController.ts:132:22)","timestamp":"2026-06-19 02:43:36"}
{"level":"info","message":"HTTP Request: POST /api/posts/6a3448deb92649c6f69df07f/comments - Status: 500 - Duration: 121ms - IP: ::1","timestamp":"2026-06-19 02:43:36"}
{"level":"error","message":"Exception on POST /api/posts/6a3448deb92649c6f69df07f/comments: input must be a 24 character hex string, 12 byte Uint8Array, or an integer","stack":"BSONError: input must be a 24 character hex string, 12 byte Uint8Array, or an integer\n    at new ObjectId (C:\\Users\\PC\\OneDrive\\Desktop\\sea_shop\\sea_shop\\swp391-su26-ai-audit-project-swp391_se20a04_group-06\\backend\\node_modules\\bson\\src\\objectid.ts:113:15)\n    at C:\\Users\\PC\\OneDrive\\Desktop\\sea_shop\\sea_shop\\swp391-su26-ai-audit-project-swp391_se20a04_group-06\\backend\\src\\modules\\post\\infrastructure\\persistence\\mongoose\\mappers\\PostMapper.ts:98:21\n    at Array.map (<anonymous>)\n    at PostMapper.toPersistence (C:\\Users\\PC\\OneDrive\\Desktop\\sea_shop\\sea_shop\\swp391-su26-ai-audit-project-swp391_se20a04_group-06\\backend\\src\\modules\\post\\infrastructure\\persistence\\mongoose\\mappers\\PostMapper.ts:96:32)\n    at MongoosePostRepository.save (C:\\Users\\PC\\OneDrive\\Desktop\\sea_shop\\sea_shop\\swp391-su26-ai-audit-project-swp391_se20a04_group-06\\backend\\src\\modules\\post\\infrastructure\\persistence\\mongoose\\MongoosePostRepository.ts:37:40)\n    at AddCommentUseCase.execute (C:\\Users\\PC\\OneDrive\\Desktop\\sea_shop\\sea_shop\\swp391-su26-ai-audit-project-swp391_se20a04_group-06\\backend\\src\\modules\\post\\application\\use-cases\\AddCommentUseCase.ts:43:31)\n    at processTicksAndRejections (node:internal/process/task_queues:104:5)\n    at addComment (C:\\Users\\PC\\OneDrive\\Desktop\\sea_shop\\sea_shop\\swp391-su26-ai-audit-project-swp391_se20a04_group-06\\backend\\src\\modules\\post\\presentation\\http\\PostController.ts:132:22)","timestamp":"2026-06-19 02:43:38"}
{"level":"info","message":"HTTP Request: POST /api/posts/6a3448deb92649c6f69df07f/comments - Status: 500 - Duration: 18ms - IP: ::1","timestamp":"2026-06-19 02:43:38"}
{"level":"info","message":"Tokens revoked in Redis on logout for UserID=6a34414fb92649c6f69df07d","timestamp":"2026-06-19 02:43:44"}
{"level":"info","message":"HTTP Request: POST /logout - Status: 200 - Duration: 6ms - IP: ::1","timestamp":"2026-06-19 02:43:44"}
{"level":"info","message":"HTTP Request: GET /?limit=17&hasActive=true - Status: 304 - Duration: 11ms - IP: ::1","timestamp":"2026-06-19 02:43:44"}
{"level":"info","message":"HTTP Request: GET /?limit=20 - Status: 304 - Duration: 16ms - IP: ::1","timestamp":"2026-06-19 02:43:44"}
{"level":"info","message":"HTTP Request: GET /?limit=20 - Status: 304 - Duration: 14ms - IP: ::1","timestamp":"2026-06-19 02:43:44"}
{"level":"info","message":"HTTP Request: GET /fishermen/leaderboard - Status: 304 - Duration: 6ms - IP: ::1","timestamp":"2026-06-19 02:43:44"}
{"level":"info","message":"HTTP Request: GET /fishermen/leaderboard - Status: 304 - Duration: 10ms - IP: ::1","timestamp":"2026-06-19 02:43:44"}
{"level":"info","message":"🔑 [MOCK GOOGLE LOGIN] Email=binh@haisan.vn, Name=Mock User (binh)","timestamp":"2026-06-19 02:43:46"}
{"level":"info","message":"🚪 Existing Google User logged in: ID=6a3435a4efb989c2939b656d, Email=binh@haisan.vn","timestamp":"2026-06-19 02:43:46"}
{"level":"info","message":"HTTP Request: POST /google - Status: 200 - Duration: 13ms - IP: ::1","timestamp":"2026-06-19 02:43:46"}
{"level":"info","message":"HTTP Request: GET /?limit=20 - Status: 304 - Duration: 25ms - IP: ::1","timestamp":"2026-06-19 02:43:46"}
{"level":"info","message":"HTTP Request: GET /unread-count - Status: 304 - Duration: 22ms - IP: ::1","timestamp":"2026-06-19 02:43:46"}
{"level":"info","message":"HTTP Request: GET /?limit=17&hasActive=true - Status: 304 - Duration: 21ms - IP: ::1","timestamp":"2026-06-19 02:43:46"}
{"level":"info","message":"HTTP Request: GET / - Status: 304 - Duration: 45ms - IP: ::1","timestamp":"2026-06-19 02:43:46"}
{"level":"info","message":"HTTP Request: GET /?limit=20 - Status: 304 - Duration: 12ms - IP: ::1","timestamp":"2026-06-19 02:43:46"}
{"level":"info","message":"HTTP Request: GET / - Status: 304 - Duration: 21ms - IP: ::1","timestamp":"2026-06-19 02:43:46"}
{"level":"info","message":"HTTP Request: GET /fishermen/leaderboard - Status: 304 - Duration: 8ms - IP: ::1","timestamp":"2026-06-19 02:43:46"}
{"level":"info","message":"HTTP Request: GET /fishermen/leaderboard - Status: 304 - Duration: 7ms - IP: ::1","timestamp":"2026-06-19 02:43:46"}
{"level":"info","message":"HTTP Request: GET /?page=1&limit=20 - Status: 304 - Duration: 6ms - IP: ::1","timestamp":"2026-06-19 02:43:48"}
{"level":"info","message":"HTTP Request: GET /?page=1&limit=10 - Status: 304 - Duration: 12ms - IP: ::1","timestamp":"2026-06-19 02:43:49"}
{"level":"error","message":"Exception on POST /api/posts/6a3448deb92649c6f69df07f/comments: input must be a 24 character hex string, 12 byte Uint8Array, or an integer","stack":"BSONError: input must be a 24 character hex string, 12 byte Uint8Array, or an integer\n    at new ObjectId (C:\\Users\\PC\\OneDrive\\Desktop\\sea_shop\\sea_shop\\swp391-su26-ai-audit-project-swp391_se20a04_group-06\\backend\\node_modules\\bson\\src\\objectid.ts:113:15)\n    at C:\\Users\\PC\\OneDrive\\Desktop\\sea_shop\\sea_shop\\swp391-su26-ai-audit-project-swp391_se20a04_group-06\\backend\\src\\modules\\post\\infrastructure\\persistence\\mongoose\\mappers\\PostMapper.ts:98:21\n    at Array.map (<anonymous>)\n    at PostMapper.toPersistence (C:\\Users\\PC\\OneDrive\\Desktop\\sea_shop\\sea_shop\\swp391-su26-ai-audit-project-swp391_se20a04_group-06\\backend\\src\\modules\\post\\infrastructure\\persistence\\mongoose\\mappers\\PostMapper.ts:96:32)\n    at MongoosePostRepository.save (C:\\Users\\PC\\OneDrive\\Desktop\\sea_shop\\sea_shop\\swp391-su26-ai-audit-project-swp391_se20a04_group-06\\backend\\src\\modules\\post\\infrastructure\\persistence\\mongoose\\MongoosePostRepository.ts:37:40)\n    at AddCommentUseCase.execute (C:\\Users\\PC\\OneDrive\\Desktop\\sea_shop\\sea_shop\\swp391-su26-ai-audit-project-swp391_se20a04_group-06\\backend\\src\\modules\\post\\application\\use-cases\\AddCommentUseCase.ts:43:31)\n    at processTicksAndRejections (node:internal/process/task_queues:104:5)\n    at addComment (C:\\Users\\PC\\OneDrive\\Desktop\\sea_shop\\sea_shop\\swp391-su26-ai-audit-project-swp391_se20a04_group-06\\backend\\src\\modules\\post\\presentation\\http\\PostController.ts:132:22)","timestamp":"2026-06-19 02:43:51"}
{"level":"info","message":"HTTP Request: POST /api/posts/6a3448deb92649c6f69df07f/comments - Status: 500 - Duration: 12ms - IP: ::1","timestamp":"2026-06-19 02:43:51"}
{"level":"info","message":"HTTP Request: GET /me - Status: 401 - Duration: 1ms - IP: ::1","timestamp":"2026-06-19 02:44:08"}
{"level":"info","message":"HTTP Request: GET /me - Status: 401 - Duration: 1ms - IP: ::1","timestamp":"2026-06-19 02:44:08"}
{"level":"info","message":"HTTP Request: POST /refresh - Status: 401 - Duration: 1ms - IP: ::1","timestamp":"2026-06-19 02:44:08"}
{"level":"info","message":"HTTP Request: GET /?limit=17&hasActive=true - Status: 200 - Duration: 21ms - IP: ::1","timestamp":"2026-06-19 02:44:08"}
{"level":"info","message":"HTTP Request: GET /?limit=20 - Status: 304 - Duration: 24ms - IP: ::1","timestamp":"2026-06-19 02:44:08"}
{"level":"info","message":"HTTP Request: GET /?limit=17&hasActive=true - Status: 304 - Duration: 10ms - IP: ::1","timestamp":"2026-06-19 02:44:08"}
{"level":"info","message":"HTTP Request: GET /?limit=20 - Status: 304 - Duration: 7ms - IP: ::1","timestamp":"2026-06-19 02:44:08"}
{"level":"info","message":"HTTP Request: GET /fishermen/leaderboard - Status: 200 - Duration: 6ms - IP: ::1","timestamp":"2026-06-19 02:44:08"}
{"level":"info","message":"HTTP Request: GET /fishermen/leaderboard - Status: 304 - Duration: 8ms - IP: ::1","timestamp":"2026-06-19 02:44:08"}
{"level":"info","message":"HTTP Request: GET /?page=1&limit=9 - Status: 200 - Duration: 18ms - IP: ::1","timestamp":"2026-06-19 02:44:09"}
{"level":"info","message":"HTTP Request: GET /?page=1&limit=10 - Status: 200 - Duration: 14ms - IP: ::1","timestamp":"2026-06-19 02:44:12"}
{"level":"info","message":"🔑 [MOCK GOOGLE LOGIN] Email=admin@haisan.vn, Name=Mock User (admin)","timestamp":"2026-06-19 02:44:20"}
{"level":"info","message":"✨ Created new Google User: ID=6a344a94b92649c6f69df080, Email=admin@haisan.vn","timestamp":"2026-06-19 02:44:20"}
{"level":"info","message":"HTTP Request: POST /google - Status: 200 - Duration: 44ms - IP: ::1","timestamp":"2026-06-19 02:44:20"}
{"level":"info","message":"HTTP Request: GET / - Status: 200 - Duration: 20ms - IP: ::1","timestamp":"2026-06-19 02:44:20"}
{"level":"info","message":"HTTP Request: GET /?limit=20 - Status: 304 - Duration: 51ms - IP: ::1","timestamp":"2026-06-19 02:44:20"}
{"level":"info","message":"HTTP Request: GET /unread-count - Status: 200 - Duration: 50ms - IP: ::1","timestamp":"2026-06-19 02:44:20"}
{"level":"info","message":"HTTP Request: GET /?limit=17&hasActive=true - Status: 200 - Duration: 54ms - IP: ::1","timestamp":"2026-06-19 02:44:20"}
{"level":"info","message":"HTTP Request: GET / - Status: 304 - Duration: 50ms - IP: ::1","timestamp":"2026-06-19 02:44:20"}
{"level":"info","message":"HTTP Request: GET /?limit=20 - Status: 304 - Duration: 9ms - IP: ::1","timestamp":"2026-06-19 02:44:20"}
{"level":"info","message":"HTTP Request: GET /fishermen/leaderboard - Status: 304 - Duration: 17ms - IP: ::1","timestamp":"2026-06-19 02:44:21"}
{"level":"info","message":"HTTP Request: GET /fishermen/leaderboard - Status: 304 - Duration: 5ms - IP: ::1","timestamp":"2026-06-19 02:44:21"}
{"level":"info","message":"HTTP Request: GET /?page=1&limit=10 - Status: 200 - Duration: 11ms - IP: ::1","timestamp":"2026-06-19 02:44:21"}
{"level":"error","message":"Exception on POST /api/posts/6a3448deb92649c6f69df07f/comments: input must be a 24 character hex string, 12 byte Uint8Array, or an integer","stack":"BSONError: input must be a 24 character hex string, 12 byte Uint8Array, or an integer\n    at new ObjectId (C:\\Users\\PC\\OneDrive\\Desktop\\sea_shop\\sea_shop\\swp391-su26-ai-audit-project-swp391_se20a04_group-06\\backend\\node_modules\\bson\\src\\objectid.ts:113:15)\n    at C:\\Users\\PC\\OneDrive\\Desktop\\sea_shop\\sea_shop\\swp391-su26-ai-audit-project-swp391_se20a04_group-06\\backend\\src\\modules\\post\\infrastructure\\persistence\\mongoose\\mappers\\PostMapper.ts:98:21\n    at Array.map (<anonymous>)\n    at PostMapper.toPersistence (C:\\Users\\PC\\OneDrive\\Desktop\\sea_shop\\sea_shop\\swp391-su26-ai-audit-project-swp391_se20a04_group-06\\backend\\src\\modules\\post\\infrastructure\\persistence\\mongoose\\mappers\\PostMapper.ts:96:32)\n    at MongoosePostRepository.save (C:\\Users\\PC\\OneDrive\\Desktop\\sea_shop\\sea_shop\\swp391-su26-ai-audit-project-swp391_se20a04_group-06\\backend\\src\\modules\\post\\infrastructure\\persistence\\mongoose\\MongoosePostRepository.ts:37:40)\n    at AddCommentUseCase.execute (C:\\Users\\PC\\OneDrive\\Desktop\\sea_shop\\sea_shop\\swp391-su26-ai-audit-project-swp391_se20a04_group-06\\backend\\src\\modules\\post\\application\\use-cases\\AddCommentUseCase.ts:43:31)\n    at processTicksAndRejections (node:internal/process/task_queues:104:5)\n    at addComment (C:\\Users\\PC\\OneDrive\\Desktop\\sea_shop\\sea_shop\\swp391-su26-ai-audit-project-swp391_se20a04_group-06\\backend\\src\\modules\\post\\presentation\\http\\PostController.ts:132:22)","timestamp":"2026-06-19 02:44:24"}
{"level":"info","message":"HTTP Request: POST /api/posts/6a3448deb92649c6f69df07f/comments - Status: 500 - Duration: 23ms - IP: ::1","timestamp":"2026-06-19 02:44:24"}
{"level":"error","message":"Exception on POST /api/posts/6a3448deb92649c6f69df07f/comments: input must be a 24 character hex string, 12 byte Uint8Array, or an integer","stack":"BSONError: input must be a 24 character hex string, 12 byte Uint8Array, or an integer\n    at new ObjectId (C:\\Users\\PC\\OneDrive\\Desktop\\sea_shop\\sea_shop\\swp391-su26-ai-audit-project-swp391_se20a04_group-06\\backend\\node_modules\\bson\\src\\objectid.ts:113:15)\n    at C:\\Users\\PC\\OneDrive\\Desktop\\sea_shop\\sea_shop\\swp391-su26-ai-audit-project-swp391_se20a04_group-06\\backend\\src\\modules\\post\\infrastructure\\persistence\\mongoose\\mappers\\PostMapper.ts:98:21\n    at Array.map (<anonymous>)\n    at PostMapper.toPersistence (C:\\Users\\PC\\OneDrive\\Desktop\\sea_shop\\sea_shop\\swp391-su26-ai-audit-project-swp391_se20a04_group-06\\backend\\src\\modules\\post\\infrastructure\\persistence\\mongoose\\mappers\\PostMapper.ts:96:32)\n    at MongoosePostRepository.save (C:\\Users\\PC\\OneDrive\\Desktop\\sea_shop\\sea_shop\\swp391-su26-ai-audit-project-swp391_se20a04_group-06\\backend\\src\\modules\\post\\infrastructure\\persistence\\mongoose\\MongoosePostRepository.ts:37:40)\n    at AddCommentUseCase.execute (C:\\Users\\PC\\OneDrive\\Desktop\\sea_shop\\sea_shop\\swp391-su26-ai-audit-project-swp391_se20a04_group-06\\backend\\src\\modules\\post\\application\\use-cases\\AddCommentUseCase.ts:43:31)\n    at processTicksAndRejections (node:internal/process/task_queues:104:5)\n    at addComment (C:\\Users\\PC\\OneDrive\\Desktop\\sea_shop\\sea_shop\\swp391-su26-ai-audit-project-swp391_se20a04_group-06\\backend\\src\\modules\\post\\presentation\\http\\PostController.ts:132:22)","timestamp":"2026-06-19 02:44:36"}
{"level":"info","message":"HTTP Request: POST /api/posts/6a3448deb92649c6f69df07f/comments - Status: 500 - Duration: 11ms - IP: ::1","timestamp":"2026-06-19 02:44:36"}
{"level":"info","message":"HTTP Request: GET /unread-count - Status: 304 - Duration: 6ms - IP: ::1","timestamp":"2026-06-19 02:44:46"}
{"level":"info","message":"HTTP Request: GET /unread-count - Status: 200 - Duration: 9ms - IP: ::1","timestamp":"2026-06-19 02:45:20"}
{"level":"error","message":"Exception on POST /api/posts/6a3448deb92649c6f69df07f/comments: input must be a 24 character hex string, 12 byte Uint8Array, or an integer","stack":"BSONError: input must be a 24 character hex string, 12 byte Uint8Array, or an integer\n    at new ObjectId (C:\\Users\\PC\\OneDrive\\Desktop\\sea_shop\\sea_shop\\swp391-su26-ai-audit-project-swp391_se20a04_group-06\\backend\\node_modules\\bson\\src\\objectid.ts:113:15)\n    at C:\\Users\\PC\\OneDrive\\Desktop\\sea_shop\\sea_shop\\swp391-su26-ai-audit-project-swp391_se20a04_group-06\\backend\\src\\modules\\post\\infrastructure\\persistence\\mongoose\\mappers\\PostMapper.ts:98:21\n    at Array.map (<anonymous>)\n    at PostMapper.toPersistence (C:\\Users\\PC\\OneDrive\\Desktop\\sea_shop\\sea_shop\\swp391-su26-ai-audit-project-swp391_se20a04_group-06\\backend\\src\\modules\\post\\infrastructure\\persistence\\mongoose\\mappers\\PostMapper.ts:96:32)\n    at MongoosePostRepository.save (C:\\Users\\PC\\OneDrive\\Desktop\\sea_shop\\sea_shop\\swp391-su26-ai-audit-project-swp391_se20a04_group-06\\backend\\src\\modules\\post\\infrastructure\\persistence\\mongoose\\MongoosePostRepository.ts:37:40)\n    at AddCommentUseCase.execute (C:\\Users\\PC\\OneDrive\\Desktop\\sea_shop\\sea_shop\\swp391-su26-ai-audit-project-swp391_se20a04_group-06\\backend\\src\\modules\\post\\application\\use-cases\\AddCommentUseCase.ts:43:31)\n    at processTicksAndRejections (node:internal/process/task_queues:104:5)\n    at addComment (C:\\Users\\PC\\OneDrive\\Desktop\\sea_shop\\sea_shop\\swp391-su26-ai-audit-project-swp391_se20a04_group-06\\backend\\src\\modules\\post\\presentation\\http\\PostController.ts:132:22)","timestamp":"2026-06-19 02:45:39"}
{"level":"info","message":"HTTP Request: POST /api/posts/6a3448deb92649c6f69df07f/comments - Status: 500 - Duration: 12ms - IP: ::1","timestamp":"2026-06-19 02:45:39"}
{"level":"error","message":"Exception on POST /api/posts/6a3448deb92649c6f69df07f/comments: input must be a 24 character hex string, 12 byte Uint8Array, or an integer","stack":"BSONError: input must be a 24 character hex string, 12 byte Uint8Array, or an integer\n    at new ObjectId (C:\\Users\\PC\\OneDrive\\Desktop\\sea_shop\\sea_shop\\swp391-su26-ai-audit-project-swp391_se20a04_group-06\\backend\\node_modules\\bson\\src\\objectid.ts:113:15)\n    at C:\\Users\\PC\\OneDrive\\Desktop\\sea_shop\\sea_shop\\swp391-su26-ai-audit-project-swp391_se20a04_group-06\\backend\\src\\modules\\post\\infrastructure\\persistence\\mongoose\\mappers\\PostMapper.ts:98:21\n    at Array.map (<anonymous>)\n    at PostMapper.toPersistence (C:\\Users\\PC\\OneDrive\\Desktop\\sea_shop\\sea_shop\\swp391-su26-ai-audit-project-swp391_se20a04_group-06\\backend\\src\\modules\\post\\infrastructure\\persistence\\mongoose\\mappers\\PostMapper.ts:96:32)\n    at MongoosePostRepository.save (C:\\Users\\PC\\OneDrive\\Desktop\\sea_shop\\sea_shop\\swp391-su26-ai-audit-project-swp391_se20a04_group-06\\backend\\src\\modules\\post\\infrastructure\\persistence\\mongoose\\MongoosePostRepository.ts:37:40)\n    at AddCommentUseCase.execute (C:\\Users\\PC\\OneDrive\\Desktop\\sea_shop\\sea_shop\\swp391-su26-ai-audit-project-swp391_se20a04_group-06\\backend\\src\\modules\\post\\application\\use-cases\\AddCommentUseCase.ts:43:31)\n    at processTicksAndRejections (node:internal/process/task_queues:104:5)\n    at addComment (C:\\Users\\PC\\OneDrive\\Desktop\\sea_shop\\sea_shop\\swp391-su26-ai-audit-project-swp391_se20a04_group-06\\backend\\src\\modules\\post\\presentation\\http\\PostController.ts:132:22)","timestamp":"2026-06-19 02:45:41"}
{"level":"info","message":"HTTP Request: POST /api/posts/6a3448deb92649c6f69df07f/comments - Status: 500 - Duration: 15ms - IP: ::1","timestamp":"2026-06-19 02:45:41"}
{"level":"error","message":"Exception on POST /api/posts/6a3448deb92649c6f69df07f/comments: input must be a 24 character hex string, 12 byte Uint8Array, or an integer","stack":"BSONError: input must be a 24 character hex string, 12 byte Uint8Array, or an integer\n    at new ObjectId (C:\\Users\\PC\\OneDrive\\Desktop\\sea_shop\\sea_shop\\swp391-su26-ai-audit-project-swp391_se20a04_group-06\\backend\\node_modules\\bson\\src\\objectid.ts:113:15)\n    at C:\\Users\\PC\\OneDrive\\Desktop\\sea_shop\\sea_shop\\swp391-su26-ai-audit-project-swp391_se20a04_group-06\\backend\\src\\modules\\post\\infrastructure\\persistence\\mongoose\\mappers\\PostMapper.ts:98:21\n    at Array.map (<anonymous>)\n    at PostMapper.toPersistence (C:\\Users\\PC\\OneDrive\\Desktop\\sea_shop\\sea_shop\\swp391-su26-ai-audit-project-swp391_se20a04_group-06\\backend\\src\\modules\\post\\infrastructure\\persistence\\mongoose\\mappers\\PostMapper.ts:96:32)\n    at MongoosePostRepository.save (C:\\Users\\PC\\OneDrive\\Desktop\\sea_shop\\sea_shop\\swp391-su26-ai-audit-project-swp391_se20a04_group-06\\backend\\src\\modules\\post\\infrastructure\\persistence\\mongoose\\MongoosePostRepository.ts:37:40)\n    at AddCommentUseCase.execute (C:\\Users\\PC\\OneDrive\\Desktop\\sea_shop\\sea_shop\\swp391-su26-ai-audit-project-swp391_se20a04_group-06\\backend\\src\\modules\\post\\application\\use-cases\\AddCommentUseCase.ts:43:31)\n    at processTicksAndRejections (node:internal/process/task_queues:104:5)\n    at addComment (C:\\Users\\PC\\OneDrive\\Desktop\\sea_shop\\sea_shop\\swp391-su26-ai-audit-project-swp391_se20a04_group-06\\backend\\src\\modules\\post\\presentation\\http\\PostController.ts:132:22)","timestamp":"2026-06-19 02:45:44"}
{"level":"info","message":"HTTP Request: POST /api/posts/6a3448deb92649c6f69df07f/comments - Status: 500 - Duration: 12ms - IP: ::1","timestamp":"2026-06-19 02:45:44"}
{"level":"error","message":"Exception on POST /api/posts/6a3448deb92649c6f69df07f/comments: input must be a 24 character hex string, 12 byte Uint8Array, or an integer","stack":"BSONError: input must be a 24 character hex string, 12 byte Uint8Array, or an integer\n    at new ObjectId (C:\\Users\\PC\\OneDrive\\Desktop\\sea_shop\\sea_shop\\swp391-su26-ai-audit-project-swp391_se20a04_group-06\\backend\\node_modules\\bson\\src\\objectid.ts:113:15)\n    at C:\\Users\\PC\\OneDrive\\Desktop\\sea_shop\\sea_shop\\swp391-su26-ai-audit-project-swp391_se20a04_group-06\\backend\\src\\modules\\post\\infrastructure\\persistence\\mongoose\\mappers\\PostMapper.ts:98:21\n    at Array.map (<anonymous>)\n    at PostMapper.toPersistence (C:\\Users\\PC\\OneDrive\\Desktop\\sea_shop\\sea_shop\\swp391-su26-ai-audit-project-swp391_se20a04_group-06\\backend\\src\\modules\\post\\infrastructure\\persistence\\mongoose\\mappers\\PostMapper.ts:96:32)\n    at MongoosePostRepository.save (C:\\Users\\PC\\OneDrive\\Desktop\\sea_shop\\sea_shop\\swp391-su26-ai-audit-project-swp391_se20a04_group-06\\backend\\src\\modules\\post\\infrastructure\\persistence\\mongoose\\MongoosePostRepository.ts:37:40)\n    at AddCommentUseCase.execute (C:\\Users\\PC\\OneDrive\\Desktop\\sea_shop\\sea_shop\\swp391-su26-ai-audit-project-swp391_se20a04_group-06\\backend\\src\\modules\\post\\application\\use-cases\\AddCommentUseCase.ts:43:31)\n    at processTicksAndRejections (node:internal/process/task_queues:104:5)\n    at addComment (C:\\Users\\PC\\OneDrive\\Desktop\\sea_shop\\sea_shop\\swp391-su26-ai-audit-project-swp391_se20a04_group-06\\backend\\src\\modules\\post\\presentation\\http\\PostController.ts:132:22)","timestamp":"2026-06-19 02:45:46"}
{"level":"info","message":"HTTP Request: POST /api/posts/6a3448deb92649c6f69df07f/comments - Status: 500 - Duration: 10ms - IP: ::1","timestamp":"2026-06-19 02:45:46"}
{"level":"info","message":"HTTP Request: GET /unread-count - Status: 304 - Duration: 6ms - IP: ::1","timestamp":"2026-06-19 02:45:46"}
{"level":"error","message":"Exception on POST /api/posts/6a3448deb92649c6f69df07f/comments: input must be a 24 character hex string, 12 byte Uint8Array, or an integer","stack":"BSONError: input must be a 24 character hex string, 12 byte Uint8Array, or an integer\n    at new ObjectId (C:\\Users\\PC\\OneDrive\\Desktop\\sea_shop\\sea_shop\\swp391-su26-ai-audit-project-swp391_se20a04_group-06\\backend\\node_modules\\bson\\src\\objectid.ts:113:15)\n    at C:\\Users\\PC\\OneDrive\\Desktop\\sea_shop\\sea_shop\\swp391-su26-ai-audit-project-swp391_se20a04_group-06\\backend\\src\\modules\\post\\infrastructure\\persistence\\mongoose\\mappers\\PostMapper.ts:98:21\n    at Array.map (<anonymous>)\n    at PostMapper.toPersistence (C:\\Users\\PC\\OneDrive\\Desktop\\sea_shop\\sea_shop\\swp391-su26-ai-audit-project-swp391_se20a04_group-06\\backend\\src\\modules\\post\\infrastructure\\persistence\\mongoose\\mappers\\PostMapper.ts:96:32)\n    at MongoosePostRepository.save (C:\\Users\\PC\\OneDrive\\Desktop\\sea_shop\\sea_shop\\swp391-su26-ai-audit-project-swp391_se20a04_group-06\\backend\\src\\modules\\post\\infrastructure\\persistence\\mongoose\\MongoosePostRepository.ts:37:40)\n    at AddCommentUseCase.execute (C:\\Users\\PC\\OneDrive\\Desktop\\sea_shop\\sea_shop\\swp391-su26-ai-audit-project-swp391_se20a04_group-06\\backend\\src\\modules\\post\\application\\use-cases\\AddCommentUseCase.ts:43:31)\n    at processTicksAndRejections (node:internal/process/task_queues:104:5)\n    at addComment (C:\\Users\\PC\\OneDrive\\Desktop\\sea_shop\\sea_shop\\swp391-su26-ai-audit-project-swp391_se20a04_group-06\\backend\\src\\modules\\post\\presentation\\http\\PostController.ts:132:22)","timestamp":"2026-06-19 02:45:49"}
{"level":"info","message":"HTTP Request: POST /api/posts/6a3448deb92649c6f69df07f/comments - Status: 500 - Duration: 15ms - IP: ::1","timestamp":"2026-06-19 02:45:49"}
{"level":"info","message":"HTTP Request: GET /unread-count - Status: 200 - Duration: 5ms - IP: ::1","timestamp":"2026-06-19 02:46:21"}
{"level":"info","message":"HTTP Request: GET /unread-count - Status: 304 - Duration: 7ms - IP: ::1","timestamp":"2026-06-19 02:46:46"}
{"level":"info","message":"HTTP Request: GET /unread-count - Status: 200 - Duration: 5ms - IP: ::1","timestamp":"2026-06-19 02:47:20"}
{"level":"info","message":"HTTP Request: GET /unread-count - Status: 304 - Duration: 9ms - IP: ::1","timestamp":"2026-06-19 02:47:47"}
{"level":"info","message":"HTTP Request: POST /6a3448deb92649c6f69df07f/like - Status: 200 - Duration: 16ms - IP: ::1","timestamp":"2026-06-19 02:47:55"}
{"level":"info","message":"HTTP Request: GET /?page=1&limit=10 - Status: 200 - Duration: 9ms - IP: ::1","timestamp":"2026-06-19 02:47:55"}
{"level":"info","message":"HTTP Request: POST /6a3448deb92649c6f69df07f/like - Status: 200 - Duration: 10ms - IP: ::1","timestamp":"2026-06-19 02:47:57"}
{"level":"info","message":"HTTP Request: GET /?page=1&limit=10 - Status: 200 - Duration: 8ms - IP: ::1","timestamp":"2026-06-19 02:47:57"}
{"level":"info","message":"HTTP Request: POST /6a3448deb92649c6f69df07f/like - Status: 200 - Duration: 12ms - IP: ::1","timestamp":"2026-06-19 02:47:58"}
{"level":"info","message":"HTTP Request: GET /?page=1&limit=10 - Status: 200 - Duration: 8ms - IP: ::1","timestamp":"2026-06-19 02:47:58"}
{"level":"error","message":"Exception on POST /api/posts/6a3448deb92649c6f69df07f/comments: input must be a 24 character hex string, 12 byte Uint8Array, or an integer","stack":"BSONError: input must be a 24 character hex string, 12 byte Uint8Array, or an integer\n    at new ObjectId (C:\\Users\\PC\\OneDrive\\Desktop\\sea_shop\\sea_shop\\swp391-su26-ai-audit-project-swp391_se20a04_group-06\\backend\\node_modules\\bson\\src\\objectid.ts:113:15)\n    at C:\\Users\\PC\\OneDrive\\Desktop\\sea_shop\\sea_shop\\swp391-su26-ai-audit-project-swp391_se20a04_group-06\\backend\\src\\modules\\post\\infrastructure\\persistence\\mongoose\\mappers\\PostMapper.ts:98:21\n    at Array.map (<anonymous>)\n    at PostMapper.toPersistence (C:\\Users\\PC\\OneDrive\\Desktop\\sea_shop\\sea_shop\\swp391-su26-ai-audit-project-swp391_se20a04_group-06\\backend\\src\\modules\\post\\infrastructure\\persistence\\mongoose\\mappers\\PostMapper.ts:96:32)\n    at MongoosePostRepository.save (C:\\Users\\PC\\OneDrive\\Desktop\\sea_shop\\sea_shop\\swp391-su26-ai-audit-project-swp391_se20a04_group-06\\backend\\src\\modules\\post\\infrastructure\\persistence\\mongoose\\MongoosePostRepository.ts:37:40)\n    at AddCommentUseCase.execute (C:\\Users\\PC\\OneDrive\\Desktop\\sea_shop\\sea_shop\\swp391-su26-ai-audit-project-swp391_se20a04_group-06\\backend\\src\\modules\\post\\application\\use-cases\\AddCommentUseCase.ts:43:31)\n    at processTicksAndRejections (node:internal/process/task_queues:104:5)\n    at addComment (C:\\Users\\PC\\OneDrive\\Desktop\\sea_shop\\sea_shop\\swp391-su26-ai-audit-project-swp391_se20a04_group-06\\backend\\src\\modules\\post\\presentation\\http\\PostController.ts:132:22)","timestamp":"2026-06-19 02:48:01"}
{"level":"info","message":"HTTP Request: POST /api/posts/6a3448deb92649c6f69df07f/comments - Status: 500 - Duration: 12ms - IP: ::1","timestamp":"2026-06-19 02:48:01"}
{"level":"info","message":"HTTP Request: GET /unread-count - Status: 200 - Duration: 6ms - IP: ::1","timestamp":"2026-06-19 02:48:21"}
{"level":"info","message":"HTTP Request: GET /unread-count - Status: 304 - Duration: 9ms - IP: ::1","timestamp":"2026-06-19 02:48:47"}
{"level":"info","message":"HTTP Request: GET /unread-count - Status: 200 - Duration: 13ms - IP: ::1","timestamp":"2026-06-19 02:49:20"}
{"level":"info","message":"HTTP Request: GET /unread-count - Status: 304 - Duration: 15ms - IP: ::1","timestamp":"2026-06-19 02:49:47"}
{"level":"info","message":"HTTP Request: GET /unread-count - Status: 200 - Duration: 5ms - IP: ::1","timestamp":"2026-06-19 02:50:21"}
{"level":"info","message":"HTTP Request: GET /unread-count - Status: 304 - Duration: 11ms - IP: ::1","timestamp":"2026-06-19 02:50:47"}
{"level":"info","message":"✅ MongoDB connected successfully via Mongoose","timestamp":"2026-06-19 02:51:19"}
{"level":"info","message":"✅ Redis connected","timestamp":"2026-06-19 02:51:20"}
{"level":"info","message":"Socket.IO Redis Adapter configured successfully","timestamp":"2026-06-19 02:51:20"}
{"level":"info","message":"⏰ Cronjob expire hải sản tươi đã khởi động (mỗi giờ)","timestamp":"2026-06-19 02:51:20"}
{"level":"info","message":"\n🚀 Server is running on http://localhost:5000","timestamp":"2026-06-19 02:51:20"}
{"level":"info","message":"🔒 Helmet + CSRF + Cookie-based JWT Enabled","timestamp":"2026-06-19 02:51:20"}
{"level":"info","message":"📡 Socket.IO server is ready (cookie-based handshake)","timestamp":"2026-06-19 02:51:20"}
{"level":"info","message":"🗄️  Active Database: MongoDB (NoSQL)\n","timestamp":"2026-06-19 02:51:20"}
{"level":"warn","message":"Received SIGINT. Starting Graceful Shutdown...","timestamp":"2026-06-19 02:51:37"}
{"level":"info","message":"✅ MongoDB connected successfully via Mongoose","timestamp":"2026-06-19 02:51:47"}
{"level":"info","message":"✅ Redis connected","timestamp":"2026-06-19 02:51:47"}
{"level":"info","message":"Socket.IO Redis Adapter configured successfully","timestamp":"2026-06-19 02:51:47"}
{"level":"info","message":"⏰ Cronjob expire hải sản tươi đã khởi động (mỗi giờ)","timestamp":"2026-06-19 02:51:47"}
{"level":"info","message":"\n🚀 Server is running on http://localhost:5000","timestamp":"2026-06-19 02:51:47"}
{"level":"info","message":"🔒 Helmet + CSRF + Cookie-based JWT Enabled","timestamp":"2026-06-19 02:51:47"}
{"level":"info","message":"📡 Socket.IO server is ready (cookie-based handshake)","timestamp":"2026-06-19 02:51:47"}
{"level":"info","message":"🗄️  Active Database: MongoDB (NoSQL)\n","timestamp":"2026-06-19 02:51:47"}
{"level":"info","message":"HTTP Request: GET /me - Status: 200 - Duration: 31ms - IP: ::1","timestamp":"2026-06-19 02:52:11"}
{"level":"info","message":"HTTP Request: GET /unread-count - Status: 304 - Duration: 32ms - IP: ::1","timestamp":"2026-06-19 02:52:11"}
{"level":"info","message":"HTTP Request: GET /?page=1&limit=10 - Status: 304 - Duration: 43ms - IP: ::1","timestamp":"2026-06-19 02:52:11"}
{"level":"info","message":"HTTP Request: GET / - Status: 304 - Duration: 74ms - IP: ::1","timestamp":"2026-06-19 02:52:11"}
{"level":"info","message":"HTTP Request: POST /6a3448deb92649c6f69df07f/comments - Status: 200 - Duration: 44ms - IP: ::1","timestamp":"2026-06-19 02:52:14"}
{"level":"info","message":"HTTP Request: GET /?page=1&limit=10 - Status: 200 - Duration: 12ms - IP: ::1","timestamp":"2026-06-19 02:52:14"}
{"level":"info","message":"HTTP Request: POST /6a3448deb92649c6f69df07f/comments - Status: 200 - Duration: 20ms - IP: ::1","timestamp":"2026-06-19 02:52:21"}
{"level":"info","message":"HTTP Request: GET /?page=1&limit=10 - Status: 200 - Duration: 11ms - IP: ::1","timestamp":"2026-06-19 02:52:21"}
{"level":"info","message":"HTTP Request: DELETE /6a3448deb92649c6f69df07f/comments/6a344c6ee124fea1fddb18df - Status: 200 - Duration: 15ms - IP: ::1","timestamp":"2026-06-19 02:52:28"}
{"level":"info","message":"HTTP Request: GET /?page=1&limit=10 - Status: 200 - Duration: 15ms - IP: ::1","timestamp":"2026-06-19 02:52:28"}
{"level":"info","message":"HTTP Request: GET /?page=1&limit=20 - Status: 304 - Duration: 12ms - IP: ::1","timestamp":"2026-06-19 02:52:40"}
{"level":"info","message":"HTTP Request: GET /ids - Status: 304 - Duration: 12ms - IP: ::1","timestamp":"2026-06-19 02:52:43"}
{"level":"info","message":"HTTP Request: GET /ids - Status: 304 - Duration: 15ms - IP: ::1","timestamp":"2026-06-19 02:52:43"}
{"level":"info","message":"HTTP Request: GET /?type=Fresh&page=1&limit=20&lat=15.968056967921283&lng=108.26234798201149 - Status: 304 - Duration: 51ms - IP: ::1","timestamp":"2026-06-19 02:52:43"}
{"level":"info","message":"HTTP Request: GET /unread-count - Status: 200 - Duration: 7ms - IP: ::1","timestamp":"2026-06-19 02:52:44"}
{"level":"info","message":"HTTP Request: GET /today-count - Status: 200 - Duration: 14ms - IP: ::1","timestamp":"2026-06-19 02:52:44"}
{"level":"info","message":"HTTP Request: GET /today-count - Status: 200 - Duration: 14ms - IP: ::1","timestamp":"2026-06-19 02:52:44"}
{"level":"info","message":"HTTP Request: GET /images/signature - Status: 200 - Duration: 31ms - IP: ::1","timestamp":"2026-06-19 02:52:59"}
{"level":"info","message":"HTTP Request: POST / - Status: 201 - Duration: 55ms - IP: ::1","timestamp":"2026-06-19 02:53:01"}
{"level":"info","message":"HTTP Request: GET /?limit=20 - Status: 304 - Duration: 21ms - IP: ::1","timestamp":"2026-06-19 02:53:04"}
{"level":"info","message":"HTTP Request: GET /?limit=17&hasActive=true - Status: 200 - Duration: 66ms - IP: ::1","timestamp":"2026-06-19 02:53:04"}
{"level":"info","message":"HTTP Request: GET /?limit=20 - Status: 304 - Duration: 19ms - IP: ::1","timestamp":"2026-06-19 02:53:04"}
{"level":"info","message":"HTTP Request: GET /fishermen/leaderboard - Status: 200 - Duration: 33ms - IP: ::1","timestamp":"2026-06-19 02:53:04"}
{"level":"info","message":"HTTP Request: GET /fishermen/leaderboard - Status: 304 - Duration: 26ms - IP: ::1","timestamp":"2026-06-19 02:53:04"}
{"level":"info","message":"HTTP Request: GET /ids - Status: 304 - Duration: 12ms - IP: ::1","timestamp":"2026-06-19 02:53:04"}
{"level":"info","message":"HTTP Request: GET /ids - Status: 304 - Duration: 11ms - IP: ::1","timestamp":"2026-06-19 02:53:04"}
{"level":"info","message":"HTTP Request: GET /?type=Fresh&page=1&limit=20&lat=15.968056967921283&lng=108.26234798201149 - Status: 200 - Duration: 33ms - IP: ::1","timestamp":"2026-06-19 02:53:05"}
{"level":"info","message":"HTTP Request: GET /unread-count - Status: 304 - Duration: 8ms - IP: ::1","timestamp":"2026-06-19 02:53:07"}
{"level":"info","message":"HTTP Request: GET /my?page=1&limit=5 - Status: 200 - Duration: 28ms - IP: ::1","timestamp":"2026-06-19 02:53:07"}
{"level":"info","message":"HTTP Request: GET /unread-count - Status: 304 - Duration: 13ms - IP: ::1","timestamp":"2026-06-19 02:53:07"}
{"level":"info","message":"HTTP Request: GET / - Status: 304 - Duration: 30ms - IP: ::1","timestamp":"2026-06-19 02:53:07"}
{"level":"info","message":"HTTP Request: GET /my?page=1&limit=5 - Status: 304 - Duration: 34ms - IP: ::1","timestamp":"2026-06-19 02:53:07"}
{"level":"info","message":"HTTP Request: GET / - Status: 304 - Duration: 15ms - IP: ::1","timestamp":"2026-06-19 02:53:07"}
{"level":"info","message":"HTTP Request: GET /?page=1&limit=20 - Status: 200 - Duration: 28ms - IP: ::1","timestamp":"2026-06-19 02:53:07"}
{"level":"info","message":"HTTP Request: GET /?limit=20 - Status: 304 - Duration: 11ms - IP: ::1","timestamp":"2026-06-19 02:53:09"}
{"level":"info","message":"HTTP Request: GET /?limit=17&hasActive=true - Status: 304 - Duration: 43ms - IP: ::1","timestamp":"2026-06-19 02:53:09"}
{"level":"info","message":"HTTP Request: GET /?limit=20 - Status: 304 - Duration: 12ms - IP: ::1","timestamp":"2026-06-19 02:53:09"}
{"level":"info","message":"HTTP Request: GET /fishermen/leaderboard - Status: 304 - Duration: 32ms - IP: ::1","timestamp":"2026-06-19 02:53:09"}
{"level":"info","message":"HTTP Request: GET /fishermen/leaderboard - Status: 304 - Duration: 36ms - IP: ::1","timestamp":"2026-06-19 02:53:09"}
{"level":"info","message":"HTTP Request: GET /unread-count - Status: 304 - Duration: 9ms - IP: ::1","timestamp":"2026-06-19 02:53:11"}
{"level":"info","message":"HTTP Request: GET /6a3435a4efb989c2939b656d - Status: 200 - Duration: 21ms - IP: ::1","timestamp":"2026-06-19 02:53:11"}
{"level":"info","message":"HTTP Request: GET /6a3435a4efb989c2939b656d/profile - Status: 200 - Duration: 58ms - IP: ::1","timestamp":"2026-06-19 02:53:11"}
{"level":"info","message":"HTTP Request: GET /6a3435a4efb989c2939b656d - Status: 304 - Duration: 41ms - IP: ::1","timestamp":"2026-06-19 02:53:11"}
{"level":"info","message":"HTTP Request: GET /?sellerId=6a3435a4efb989c2939b656d&limit=100 - Status: 200 - Duration: 80ms - IP: ::1","timestamp":"2026-06-19 02:53:11"}
{"level":"info","message":"HTTP Request: GET /?sellerId=6a3435a4efb989c2939b656d&limit=100 - Status: 304 - Duration: 5ms - IP: ::1","timestamp":"2026-06-19 02:53:11"}
{"level":"info","message":"HTTP Request: GET /unread-count - Status: 200 - Duration: 10ms - IP: ::1","timestamp":"2026-06-19 02:53:45"}
{"level":"info","message":"HTTP Request: GET /?sellerId=6a3435a4efb989c2939b656d&limit=100 - Status: 304 - Duration: 5ms - IP: ::1","timestamp":"2026-06-19 02:54:04"}
{"level":"info","message":"HTTP Request: GET /6a3435a4efb989c2939b656d/recipes?limit=9 - Status: 200 - Duration: 10ms - IP: ::1","timestamp":"2026-06-19 02:54:11"}
{"level":"info","message":"HTTP Request: GET /unread-count - Status: 304 - Duration: 8ms - IP: ::1","timestamp":"2026-06-19 02:54:11"}
{"level":"info","message":"HTTP Request: GET /6a3435a4efb989c2939b656d/posts?limit=10 - Status: 200 - Duration: 9ms - IP: ::1","timestamp":"2026-06-19 02:54:11"}
{"level":"info","message":"HTTP Request: GET /6a3435a4efb989c2939b656d/boat-logs?limit=10 - Status: 200 - Duration: 12ms - IP: ::1","timestamp":"2026-06-19 02:54:12"}
{"level":"info","message":"HTTP Request: GET /seller/6a3435a4efb989c2939b656d - Status: 200 - Duration: 9ms - IP: ::1","timestamp":"2026-06-19 02:54:12"}
{"level":"info","message":"HTTP Request: GET /seller/6a3435a4efb989c2939b656d - Status: 304 - Duration: 11ms - IP: ::1","timestamp":"2026-06-19 02:54:12"}
{"level":"info","message":"HTTP Request: GET /?page=1&limit=20 - Status: 304 - Duration: 38ms - IP: ::1","timestamp":"2026-06-19 02:54:14"}
{"level":"info","message":"HTTP Request: GET /followers - Status: 304 - Duration: 9ms - IP: ::1","timestamp":"2026-06-19 02:54:18"}
{"level":"info","message":"HTTP Request: GET /following - Status: 304 - Duration: 14ms - IP: ::1","timestamp":"2026-06-19 02:54:18"}
{"level":"info","message":"HTTP Request: GET /followers - Status: 304 - Duration: 6ms - IP: ::1","timestamp":"2026-06-19 02:54:18"}
{"level":"info","message":"HTTP Request: GET /following - Status: 304 - Duration: 16ms - IP: ::1","timestamp":"2026-06-19 02:54:18"}
{"level":"info","message":"HTTP Request: GET /me - Status: 304 - Duration: 11ms - IP: ::1","timestamp":"2026-06-19 02:54:21"}
{"level":"info","message":"HTTP Request: GET /?page=1&limit=20 - Status: 304 - Duration: 47ms - IP: ::1","timestamp":"2026-06-19 02:54:24"}
{"level":"info","message":"HTTP Request: GET /6a3435a4efb989c2939b656d - Status: 304 - Duration: 20ms - IP: ::1","timestamp":"2026-06-19 02:54:27"}
{"level":"info","message":"HTTP Request: GET /?sellerId=6a3435a4efb989c2939b656d&limit=100 - Status: 304 - Duration: 28ms - IP: ::1","timestamp":"2026-06-19 02:54:27"}
{"level":"info","message":"HTTP Request: GET /6a3435a4efb989c2939b656d/profile - Status: 304 - Duration: 37ms - IP: ::1","timestamp":"2026-06-19 02:54:27"}
{"level":"info","message":"HTTP Request: GET /?sellerId=6a3435a4efb989c2939b656d&limit=100 - Status: 304 - Duration: 10ms - IP: ::1","timestamp":"2026-06-19 02:54:27"}
{"level":"info","message":"HTTP Request: GET /seller/6a3435a4efb989c2939b656d - Status: 304 - Duration: 6ms - IP: ::1","timestamp":"2026-06-19 02:54:29"}
{"level":"info","message":"HTTP Request: GET /seller/6a3435a4efb989c2939b656d - Status: 304 - Duration: 9ms - IP: ::1","timestamp":"2026-06-19 02:54:29"}
{"level":"info","message":"HTTP Request: GET /6a3435a4efb989c2939b656d/boat-logs?limit=10 - Status: 304 - Duration: 8ms - IP: ::1","timestamp":"2026-06-19 02:54:29"}
{"level":"info","message":"HTTP Request: GET /?page=1&limit=20 - Status: 304 - Duration: 25ms - IP: ::1","timestamp":"2026-06-19 02:54:34"}
{"level":"info","message":"HTTP Request: GET /?page=1&limit=10 - Status: 304 - Duration: 13ms - IP: ::1","timestamp":"2026-06-19 02:54:34"}
{"level":"info","message":"HTTP Request: GET /?page=1&limit=9 - Status: 304 - Duration: 31ms - IP: ::1","timestamp":"2026-06-19 02:54:35"}
{"level":"info","message":"HTTP Request: GET /ids - Status: 304 - Duration: 8ms - IP: ::1","timestamp":"2026-06-19 02:54:35"}
{"level":"info","message":"HTTP Request: GET /ids - Status: 304 - Duration: 7ms - IP: ::1","timestamp":"2026-06-19 02:54:35"}
{"level":"info","message":"HTTP Request: GET /?type=Fresh&page=1&limit=20&lat=15.968056967921283&lng=108.26234798201149 - Status: 304 - Duration: 5ms - IP: ::1","timestamp":"2026-06-19 02:54:35"}
{"level":"info","message":"HTTP Request: GET /?limit=20 - Status: 304 - Duration: 5ms - IP: ::1","timestamp":"2026-06-19 02:54:36"}
{"level":"info","message":"HTTP Request: GET /?limit=17&hasActive=true - Status: 304 - Duration: 24ms - IP: ::1","timestamp":"2026-06-19 02:54:36"}
{"level":"info","message":"HTTP Request: GET /?limit=20 - Status: 304 - Duration: 7ms - IP: ::1","timestamp":"2026-06-19 02:54:36"}
{"level":"info","message":"HTTP Request: GET /fishermen/leaderboard - Status: 304 - Duration: 17ms - IP: ::1","timestamp":"2026-06-19 02:54:36"}
{"level":"info","message":"HTTP Request: GET /fishermen/leaderboard - Status: 304 - Duration: 16ms - IP: ::1","timestamp":"2026-06-19 02:54:36"}
{"level":"info","message":"HTTP Request: GET /ids - Status: 304 - Duration: 11ms - IP: ::1","timestamp":"2026-06-19 02:54:36"}
{"level":"info","message":"HTTP Request: GET /ids - Status: 304 - Duration: 11ms - IP: ::1","timestamp":"2026-06-19 02:54:36"}
{"level":"info","message":"HTTP Request: GET /?type=Fresh&page=1&limit=20&lat=15.968056967921283&lng=108.26234798201149 - Status: 304 - Duration: 5ms - IP: ::1","timestamp":"2026-06-19 02:54:36"}
{"level":"info","message":"HTTP Request: GET /?page=1&limit=9 - Status: 304 - Duration: 26ms - IP: ::1","timestamp":"2026-06-19 02:54:36"}
{"level":"info","message":"HTTP Request: GET /?page=1&limit=10 - Status: 304 - Duration: 11ms - IP: ::1","timestamp":"2026-06-19 02:54:37"}
{"level":"info","message":"HTTP Request: GET /?page=1&limit=20 - Status: 304 - Duration: 33ms - IP: ::1","timestamp":"2026-06-19 02:54:37"}
{"level":"info","message":"HTTP Request: GET /unread-count - Status: 304 - Duration: 12ms - IP: ::1","timestamp":"2026-06-19 02:54:38"}
{"level":"info","message":"HTTP Request: GET /my?page=1&limit=5 - Status: 304 - Duration: 23ms - IP: ::1","timestamp":"2026-06-19 02:54:38"}
{"level":"info","message":"HTTP Request: GET /unread-count - Status: 304 - Duration: 12ms - IP: ::1","timestamp":"2026-06-19 02:54:38"}
{"level":"info","message":"HTTP Request: GET /my?page=1&limit=5 - Status: 304 - Duration: 17ms - IP: ::1","timestamp":"2026-06-19 02:54:38"}
{"level":"info","message":"HTTP Request: GET / - Status: 304 - Duration: 12ms - IP: ::1","timestamp":"2026-06-19 02:54:38"}
{"level":"info","message":"HTTP Request: GET / - Status: 304 - Duration: 9ms - IP: ::1","timestamp":"2026-06-19 02:54:38"}
{"level":"info","message":"HTTP Request: GET /conversations - Status: 304 - Duration: 16ms - IP: ::1","timestamp":"2026-06-19 02:54:39"}
{"level":"info","message":"HTTP Request: GET /conversations - Status: 304 - Duration: 11ms - IP: ::1","timestamp":"2026-06-19 02:54:39"}
{"level":"info","message":"HTTP Request: GET /my?page=1&limit=5 - Status: 304 - Duration: 15ms - IP: ::1","timestamp":"2026-06-19 02:54:39"}
{"level":"info","message":"HTTP Request: GET /unread-count - Status: 200 - Duration: 7ms - IP: ::1","timestamp":"2026-06-19 02:54:46"}
{"level":"info","message":"HTTP Request: GET /unread-count - Status: 304 - Duration: 10ms - IP: ::1","timestamp":"2026-06-19 02:55:13"}
{"level":"info","message":"HTTP Request: GET /unread-count - Status: 200 - Duration: 11ms - IP: ::1","timestamp":"2026-06-19 02:55:47"}
{"level":"info","message":"HTTP Request: GET /?page=1&limit=9 - Status: 304 - Duration: 15ms - IP: ::1","timestamp":"2026-06-19 02:56:09"}
{"level":"info","message":"HTTP Request: GET /unread-count - Status: 304 - Duration: 4ms - IP: ::1","timestamp":"2026-06-19 02:56:13"}
{"level":"info","message":"HTTP Request: GET /?page=1&limit=10 - Status: 304 - Duration: 13ms - IP: ::1","timestamp":"2026-06-19 02:56:48"}
{"level":"info","message":"HTTP Request: GET /unread-count - Status: 200 - Duration: 7ms - IP: ::1","timestamp":"2026-06-19 02:56:48"}
{"level":"info","message":"HTTP Request: GET /unread-count - Status: 304 - Duration: 7ms - IP: ::1","timestamp":"2026-06-19 02:57:13"}
{"level":"info","message":"HTTP Request: GET /?page=1&limit=20 - Status: 304 - Duration: 19ms - IP: ::1","timestamp":"2026-06-19 02:57:13"}
{"level":"info","message":"HTTP Request: GET /?page=1&limit=9 - Status: 304 - Duration: 19ms - IP: ::1","timestamp":"2026-06-19 02:57:30"}
{"level":"info","message":"HTTP Request: GET /?page=1&limit=10 - Status: 304 - Duration: 9ms - IP: ::1","timestamp":"2026-06-19 02:57:34"}
{"level":"info","message":"HTTP Request: GET /?page=1&limit=20 - Status: 304 - Duration: 36ms - IP: ::1","timestamp":"2026-06-19 02:57:34"}
{"level":"info","message":"HTTP Request: GET /unread-count - Status: 304 - Duration: 17ms - IP: ::1","timestamp":"2026-06-19 02:57:35"}
{"level":"info","message":"HTTP Request: GET /my?page=1&limit=5 - Status: 304 - Duration: 26ms - IP: ::1","timestamp":"2026-06-19 02:57:35"}
{"level":"info","message":"HTTP Request: GET /unread-count - Status: 304 - Duration: 13ms - IP: ::1","timestamp":"2026-06-19 02:57:35"}
{"level":"info","message":"HTTP Request: GET /my?page=1&limit=5 - Status: 304 - Duration: 20ms - IP: ::1","timestamp":"2026-06-19 02:57:35"}
{"level":"info","message":"HTTP Request: GET / - Status: 304 - Duration: 12ms - IP: ::1","timestamp":"2026-06-19 02:57:35"}
{"level":"info","message":"HTTP Request: GET / - Status: 304 - Duration: 11ms - IP: ::1","timestamp":"2026-06-19 02:57:35"}
{"level":"info","message":"HTTP Request: GET /?page=1&limit=10 - Status: 304 - Duration: 9ms - IP: ::1","timestamp":"2026-06-19 02:57:40"}
{"level":"info","message":"HTTP Request: GET /?page=1&limit=9 - Status: 304 - Duration: 13ms - IP: ::1","timestamp":"2026-06-19 02:57:41"}
{"level":"info","message":"HTTP Request: GET /?page=1&limit=10 - Status: 304 - Duration: 12ms - IP: ::1","timestamp":"2026-06-19 02:57:42"}
{"level":"info","message":"HTTP Request: GET /unread-count - Status: 200 - Duration: 4ms - IP: ::1","timestamp":"2026-06-19 02:57:49"}
{"level":"info","message":"HTTP Request: GET /unread-count - Status: 304 - Duration: 6ms - IP: ::1","timestamp":"2026-06-19 02:58:13"}
{"level":"info","message":"HTTP Request: GET /unread-count - Status: 200 - Duration: 11ms - IP: ::1","timestamp":"2026-06-19 02:58:50"}
{"level":"info","message":"HTTP Request: GET /?page=1&limit=20 - Status: 304 - Duration: 38ms - IP: ::1","timestamp":"2026-06-19 02:59:02"}
{"level":"info","message":"HTTP Request: GET /unread-count - Status: 401 - Duration: 1ms - IP: ::1","timestamp":"2026-06-19 02:59:13"}
{"level":"info","message":"HTTP Request: POST /refresh - Status: 401 - Duration: 3ms - IP: ::1","timestamp":"2026-06-19 02:59:13"}
{"level":"info","message":"HTTP Request: GET /6a3435a4efb989c2939b656d - Status: 304 - Duration: 14ms - IP: ::1","timestamp":"2026-06-19 02:59:31"}
{"level":"info","message":"HTTP Request: GET /?sellerId=6a3435a4efb989c2939b656d&limit=100 - Status: 304 - Duration: 9ms - IP: ::1","timestamp":"2026-06-19 02:59:31"}
{"level":"info","message":"HTTP Request: GET /6a3435a4efb989c2939b656d/profile - Status: 304 - Duration: 38ms - IP: ::1","timestamp":"2026-06-19 02:59:31"}
{"level":"info","message":"HTTP Request: GET /?sellerId=6a3435a4efb989c2939b656d&limit=100 - Status: 304 - Duration: 7ms - IP: ::1","timestamp":"2026-06-19 02:59:31"}
{"level":"info","message":"HTTP Request: GET /unread-count - Status: 401 - Duration: 2ms - IP: ::1","timestamp":"2026-06-19 02:59:51"}
{"level":"info","message":"HTTP Request: POST /refresh - Status: 401 - Duration: 1ms - IP: ::1","timestamp":"2026-06-19 02:59:51"}
{"level":"info","message":"[CRON] Khóa phân tán được thiết lập thành công. Tiến hành hết hạn hải sản tươi...","timestamp":"2026-06-19 03:00:00"}
{"level":"info","message":"HTTP Request: GET /following - Status: 401 - Duration: 1ms - IP: ::1","timestamp":"2026-06-19 03:00:06"}
{"level":"info","message":"HTTP Request: GET /followers - Status: 401 - Duration: 1ms - IP: ::1","timestamp":"2026-06-19 03:00:06"}
{"level":"info","message":"HTTP Request: GET /followers - Status: 401 - Duration: 0ms - IP: ::1","timestamp":"2026-06-19 03:00:06"}
{"level":"info","message":"HTTP Request: GET /following - Status: 401 - Duration: 1ms - IP: ::1","timestamp":"2026-06-19 03:00:06"}
{"level":"info","message":"HTTP Request: POST /refresh - Status: 401 - Duration: 1ms - IP: ::1","timestamp":"2026-06-19 03:00:06"}
{"level":"info","message":"HTTP Request: GET /me - Status: 401 - Duration: 2ms - IP: ::1","timestamp":"2026-06-19 03:00:09"}
{"level":"info","message":"HTTP Request: POST /refresh - Status: 401 - Duration: 1ms - IP: ::1","timestamp":"2026-06-19 03:00:09"}
{"level":"info","message":"HTTP Request: GET /me - Status: 401 - Duration: 1ms - IP: ::1","timestamp":"2026-06-19 03:00:13"}
{"level":"info","message":"HTTP Request: POST /refresh - Status: 401 - Duration: 1ms - IP: ::1","timestamp":"2026-06-19 03:00:13"}
{"level":"info","message":"HTTP Request: GET /unread-count - Status: 401 - Duration: 1ms - IP: ::1","timestamp":"2026-06-19 03:00:13"}
{"level":"info","message":"HTTP Request: POST /refresh - Status: 401 - Duration: 1ms - IP: ::1","timestamp":"2026-06-19 03:00:13"}
{"level":"info","message":"HTTP Request: GET /?page=1&limit=20 - Status: 304 - Duration: 33ms - IP: ::1","timestamp":"2026-06-19 03:00:15"}
{"level":"info","message":"HTTP Request: GET /unread-count - Status: 401 - Duration: 1ms - IP: ::1","timestamp":"2026-06-19 03:00:52"}
{"level":"info","message":"HTTP Request: POST /refresh - Status: 401 - Duration: 1ms - IP: ::1","timestamp":"2026-06-19 03:00:52"}
{"level":"info","message":"HTTP Request: GET /6a3435a4efb989c2939b656d - Status: 304 - Duration: 31ms - IP: ::1","timestamp":"2026-06-19 03:00:52"}
{"level":"info","message":"HTTP Request: GET /?sellerId=6a3435a4efb989c2939b656d&limit=100 - Status: 304 - Duration: 16ms - IP: ::1","timestamp":"2026-06-19 03:00:52"}
{"level":"info","message":"HTTP Request: GET /6a3435a4efb989c2939b656d/profile - Status: 304 - Duration: 25ms - IP: ::1","timestamp":"2026-06-19 03:00:52"}
{"level":"info","message":"HTTP Request: GET /?sellerId=6a3435a4efb989c2939b656d&limit=100 - Status: 304 - Duration: 9ms - IP: ::1","timestamp":"2026-06-19 03:00:52"}
{"level":"info","message":"HTTP Request: GET /unread-count - Status: 401 - Duration: 0ms - IP: ::1","timestamp":"2026-06-19 03:01:13"}
{"level":"info","message":"HTTP Request: POST /refresh - Status: 401 - Duration: 0ms - IP: ::1","timestamp":"2026-06-19 03:01:13"}
{"level":"info","message":"HTTP Request: GET /following - Status: 401 - Duration: 1ms - IP: ::1","timestamp":"2026-06-19 03:01:41"}
{"level":"info","message":"HTTP Request: GET /followers - Status: 401 - Duration: 3ms - IP: ::1","timestamp":"2026-06-19 03:01:41"}
{"level":"info","message":"HTTP Request: GET /following - Status: 401 - Duration: 3ms - IP: ::1","timestamp":"2026-06-19 03:01:41"}
{"level":"info","message":"HTTP Request: GET /followers - Status: 401 - Duration: 2ms - IP: ::1","timestamp":"2026-06-19 03:01:41"}
{"level":"info","message":"HTTP Request: POST /refresh - Status: 401 - Duration: 1ms - IP: ::1","timestamp":"2026-06-19 03:01:41"}
{"level":"info","message":"HTTP Request: GET /me - Status: 401 - Duration: 1ms - IP: ::1","timestamp":"2026-06-19 03:01:44"}
{"level":"info","message":"HTTP Request: POST /refresh - Status: 401 - Duration: 1ms - IP: ::1","timestamp":"2026-06-19 03:01:44"}
{"level":"info","message":"HTTP Request: GET /me - Status: 401 - Duration: 1ms - IP: ::1","timestamp":"2026-06-19 03:01:47"}
{"level":"info","message":"HTTP Request: POST /refresh - Status: 401 - Duration: 1ms - IP: ::1","timestamp":"2026-06-19 03:01:47"}
{"level":"info","message":"HTTP Request: GET /?page=1&limit=20 - Status: 304 - Duration: 28ms - IP: ::1","timestamp":"2026-06-19 03:01:49"}
{"level":"info","message":"HTTP Request: GET /6a3435a4efb989c2939b656d - Status: 304 - Duration: 14ms - IP: ::1","timestamp":"2026-06-19 03:01:50"}
{"level":"info","message":"HTTP Request: GET /?sellerId=6a3435a4efb989c2939b656d&limit=100 - Status: 304 - Duration: 19ms - IP: ::1","timestamp":"2026-06-19 03:01:50"}
{"level":"info","message":"HTTP Request: GET /6a3435a4efb989c2939b656d/profile - Status: 304 - Duration: 26ms - IP: ::1","timestamp":"2026-06-19 03:01:50"}
{"level":"info","message":"HTTP Request: GET /?sellerId=6a3435a4efb989c2939b656d&limit=100 - Status: 304 - Duration: 5ms - IP: ::1","timestamp":"2026-06-19 03:01:50"}
{"level":"info","message":"HTTP Request: GET /unread-count - Status: 401 - Duration: 1ms - IP: ::1","timestamp":"2026-06-19 03:01:53"}
{"level":"info","message":"HTTP Request: POST /refresh - Status: 401 - Duration: 1ms - IP: ::1","timestamp":"2026-06-19 03:01:53"}
{"level":"info","message":"HTTP Request: POST /logout - Status: 200 - Duration: 3ms - IP: ::1","timestamp":"2026-06-19 03:01:57"}
{"level":"info","message":"HTTP Request: GET /?limit=20 - Status: 304 - Duration: 26ms - IP: ::1","timestamp":"2026-06-19 03:01:57"}
{"level":"info","message":"HTTP Request: GET /?limit=20 - Status: 304 - Duration: 18ms - IP: ::1","timestamp":"2026-06-19 03:01:57"}
{"level":"info","message":"HTTP Request: GET /?limit=17&hasActive=true - Status: 304 - Duration: 67ms - IP: ::1","timestamp":"2026-06-19 03:01:57"}
{"level":"info","message":"HTTP Request: GET /fishermen/leaderboard - Status: 304 - Duration: 48ms - IP: ::1","timestamp":"2026-06-19 03:01:57"}
{"level":"info","message":"HTTP Request: GET /fishermen/leaderboard - Status: 304 - Duration: 31ms - IP: ::1","timestamp":"2026-06-19 03:01:57"}
{"level":"info","message":"🔑 [MOCK GOOGLE LOGIN] Email=lan@haisan.vn, Name=Mock User (lan)","timestamp":"2026-06-19 03:01:59"}
{"level":"info","message":"🚪 Existing Google User logged in: ID=6a34414fb92649c6f69df07d, Email=lan@haisan.vn","timestamp":"2026-06-19 03:01:59"}
{"level":"info","message":"HTTP Request: POST /google - Status: 200 - Duration: 17ms - IP: ::1","timestamp":"2026-06-19 03:01:59"}
{"level":"info","message":"HTTP Request: GET /?limit=20 - Status: 304 - Duration: 24ms - IP: ::1","timestamp":"2026-06-19 03:01:59"}
{"level":"info","message":"HTTP Request: GET /unread-count - Status: 200 - Duration: 28ms - IP: ::1","timestamp":"2026-06-19 03:01:59"}
{"level":"info","message":"HTTP Request: GET / - Status: 304 - Duration: 38ms - IP: ::1","timestamp":"2026-06-19 03:01:59"}
{"level":"info","message":"HTTP Request: GET /?limit=17&hasActive=true - Status: 304 - Duration: 60ms - IP: ::1","timestamp":"2026-06-19 03:01:59"}
{"level":"info","message":"HTTP Request: GET /?limit=20 - Status: 304 - Duration: 11ms - IP: ::1","timestamp":"2026-06-19 03:01:59"}
{"level":"info","message":"HTTP Request: GET / - Status: 304 - Duration: 13ms - IP: ::1","timestamp":"2026-06-19 03:01:59"}
{"level":"info","message":"HTTP Request: GET /fishermen/leaderboard - Status: 304 - Duration: 24ms - IP: ::1","timestamp":"2026-06-19 03:01:59"}
{"level":"info","message":"HTTP Request: GET /fishermen/leaderboard - Status: 304 - Duration: 16ms - IP: ::1","timestamp":"2026-06-19 03:01:59"}
{"level":"info","message":"HTTP Request: GET /?page=1&limit=20 - Status: 304 - Duration: 21ms - IP: ::1","timestamp":"2026-06-19 03:02:00"}
{"level":"info","message":"HTTP Request: GET /6a3435a4efb989c2939b656d - Status: 304 - Duration: 38ms - IP: ::1","timestamp":"2026-06-19 03:02:01"}
{"level":"info","message":"HTTP Request: GET /?sellerId=6a3435a4efb989c2939b656d&limit=100 - Status: 304 - Duration: 13ms - IP: ::1","timestamp":"2026-06-19 03:02:01"}
{"level":"info","message":"HTTP Request: GET /6a3435a4efb989c2939b656d/profile - Status: 304 - Duration: 21ms - IP: ::1","timestamp":"2026-06-19 03:02:01"}
{"level":"info","message":"HTTP Request: GET /?sellerId=6a3435a4efb989c2939b656d&limit=100 - Status: 304 - Duration: 3ms - IP: ::1","timestamp":"2026-06-19 03:02:01"}
{"level":"info","message":"HTTP Request: POST /6a3435a4efb989c2939b656d/toggle - Status: 200 - Duration: 27ms - IP: ::1","timestamp":"2026-06-19 03:02:02"}
{"level":"info","message":"HTTP Request: GET /followers - Status: 200 - Duration: 20ms - IP: ::1","timestamp":"2026-06-19 03:02:08"}
{"level":"info","message":"HTTP Request: GET /followers - Status: 200 - Duration: 16ms - IP: ::1","timestamp":"2026-06-19 03:02:08"}
{"level":"info","message":"HTTP Request: GET /following - Status: 200 - Duration: 39ms - IP: ::1","timestamp":"2026-06-19 03:02:08"}
{"level":"info","message":"HTTP Request: GET /following - Status: 200 - Duration: 32ms - IP: ::1","timestamp":"2026-06-19 03:02:08"}
{"level":"info","message":"HTTP Request: GET /me - Status: 200 - Duration: 7ms - IP: ::1","timestamp":"2026-06-19 03:02:11"}
{"level":"info","message":"HTTP Request: GET /6a3435a4efb989c2939b656d - Status: 304 - Duration: 14ms - IP: ::1","timestamp":"2026-06-19 03:02:12"}
{"level":"info","message":"HTTP Request: GET /?sellerId=6a3435a4efb989c2939b656d&limit=100 - Status: 304 - Duration: 20ms - IP: ::1","timestamp":"2026-06-19 03:02:12"}
{"level":"info","message":"HTTP Request: GET /6a3435a4efb989c2939b656d/profile - Status: 200 - Duration: 33ms - IP: ::1","timestamp":"2026-06-19 03:02:12"}
{"level":"info","message":"HTTP Request: GET /?sellerId=6a3435a4efb989c2939b656d&limit=100 - Status: 304 - Duration: 11ms - IP: ::1","timestamp":"2026-06-19 03:02:12"}
{"level":"info","message":"Tokens revoked in Redis on logout for UserID=6a34414fb92649c6f69df07d","timestamp":"2026-06-19 03:02:14"}
{"level":"info","message":"HTTP Request: POST /logout - Status: 200 - Duration: 6ms - IP: ::1","timestamp":"2026-06-19 03:02:14"}
{"level":"info","message":"HTTP Request: GET /?limit=20 - Status: 304 - Duration: 16ms - IP: ::1","timestamp":"2026-06-19 03:02:14"}
{"level":"info","message":"HTTP Request: GET /?limit=17&hasActive=true - Status: 304 - Duration: 57ms - IP: ::1","timestamp":"2026-06-19 03:02:14"}
{"level":"info","message":"HTTP Request: GET /?limit=20 - Status: 304 - Duration: 18ms - IP: ::1","timestamp":"2026-06-19 03:02:14"}
{"level":"info","message":"HTTP Request: GET /fishermen/leaderboard - Status: 304 - Duration: 43ms - IP: ::1","timestamp":"2026-06-19 03:02:14"}
{"level":"info","message":"HTTP Request: GET /fishermen/leaderboard - Status: 304 - Duration: 38ms - IP: ::1","timestamp":"2026-06-19 03:02:14"}
{"level":"info","message":"🔑 [MOCK GOOGLE LOGIN] Email=binh@haisan.vn, Name=Mock User (binh)","timestamp":"2026-06-19 03:02:16"}
{"level":"info","message":"🚪 Existing Google User logged in: ID=6a3435a4efb989c2939b656d, Email=binh@haisan.vn","timestamp":"2026-06-19 03:02:16"}
{"level":"info","message":"HTTP Request: POST /google - Status: 200 - Duration: 9ms - IP: ::1","timestamp":"2026-06-19 03:02:16"}
{"level":"info","message":"HTTP Request: GET /unread-count - Status: 304 - Duration: 28ms - IP: ::1","timestamp":"2026-06-19 03:02:16"}
{"level":"info","message":"HTTP Request: GET /?limit=20 - Status: 304 - Duration: 27ms - IP: ::1","timestamp":"2026-06-19 03:02:16"}
{"level":"info","message":"HTTP Request: GET / - Status: 304 - Duration: 49ms - IP: ::1","timestamp":"2026-06-19 03:02:16"}
{"level":"info","message":"HTTP Request: GET /?limit=17&hasActive=true - Status: 304 - Duration: 63ms - IP: ::1","timestamp":"2026-06-19 03:02:16"}
{"level":"info","message":"HTTP Request: GET /?limit=20 - Status: 304 - Duration: 13ms - IP: ::1","timestamp":"2026-06-19 03:02:16"}
{"level":"info","message":"HTTP Request: GET / - Status: 304 - Duration: 16ms - IP: ::1","timestamp":"2026-06-19 03:02:16"}
{"level":"info","message":"HTTP Request: GET /fishermen/leaderboard - Status: 304 - Duration: 18ms - IP: ::1","timestamp":"2026-06-19 03:02:16"}
{"level":"info","message":"HTTP Request: GET /fishermen/leaderboard - Status: 304 - Duration: 21ms - IP: ::1","timestamp":"2026-06-19 03:02:16"}
{"level":"info","message":"HTTP Request: GET /following - Status: 200 - Duration: 23ms - IP: ::1","timestamp":"2026-06-19 03:02:19"}
{"level":"info","message":"HTTP Request: GET /followers - Status: 200 - Duration: 13ms - IP: ::1","timestamp":"2026-06-19 03:02:19"}
{"level":"info","message":"HTTP Request: GET /followers - Status: 304 - Duration: 12ms - IP: ::1","timestamp":"2026-06-19 03:02:19"}
{"level":"info","message":"HTTP Request: GET /following - Status: 304 - Duration: 25ms - IP: ::1","timestamp":"2026-06-19 03:02:19"}
{"level":"info","message":"HTTP Request: GET /me - Status: 200 - Duration: 5ms - IP: ::1","timestamp":"2026-06-19 03:02:21"}
{"level":"info","message":"HTTP Request: GET /6a34414fb92649c6f69df07d - Status: 200 - Duration: 12ms - IP: ::1","timestamp":"2026-06-19 03:02:24"}
{"level":"info","message":"HTTP Request: GET /6a34414fb92649c6f69df07d/profile - Status: 200 - Duration: 37ms - IP: ::1","timestamp":"2026-06-19 03:02:24"}
{"level":"info","message":"HTTP Request: GET /?sellerId=6a34414fb92649c6f69df07d&limit=100 - Status: 200 - Duration: 58ms - IP: ::1","timestamp":"2026-06-19 03:02:24"}
{"level":"info","message":"HTTP Request: GET /?sellerId=6a34414fb92649c6f69df07d&limit=100 - Status: 304 - Duration: 10ms - IP: ::1","timestamp":"2026-06-19 03:02:24"}
{"level":"info","message":"HTTP Request: GET /unread-count - Status: 401 - Duration: 0ms - IP: ::1","timestamp":"2026-06-19 03:02:54"}
{"level":"info","message":"HTTP Request: POST /refresh - Status: 401 - Duration: 0ms - IP: ::1","timestamp":"2026-06-19 03:02:54"}
{"level":"info","message":"HTTP Request: GET /unread-count - Status: 304 - Duration: 10ms - IP: ::1","timestamp":"2026-06-19 03:03:16"}
{"level":"info","message":"HTTP Request: GET /?sellerId=6a34414fb92649c6f69df07d&limit=100 - Status: 304 - Duration: 4ms - IP: ::1","timestamp":"2026-06-19 03:03:32"}
{"level":"info","message":"HTTP Request: GET /unread-count - Status: 401 - Duration: 1ms - IP: ::1","timestamp":"2026-06-19 03:03:55"}
{"level":"info","message":"HTTP Request: POST /refresh - Status: 401 - Duration: 0ms - IP: ::1","timestamp":"2026-06-19 03:03:55"}
{"level":"info","message":"HTTP Request: GET /unread-count - Status: 304 - Duration: 19ms - IP: ::1","timestamp":"2026-06-19 03:04:16"}
{"level":"info","message":"HTTP Request: GET /unread-count - Status: 401 - Duration: 3ms - IP: ::1","timestamp":"2026-06-19 03:04:56"}
{"level":"info","message":"HTTP Request: POST /refresh - Status: 401 - Duration: 1ms - IP: ::1","timestamp":"2026-06-19 03:04:56"}
{"level":"info","message":"HTTP Request: GET /unread-count - Status: 304 - Duration: 35ms - IP: ::1","timestamp":"2026-06-19 03:05:16"}
{"level":"info","message":"HTTP Request: GET /unread-count - Status: 304 - Duration: 14ms - IP: ::1","timestamp":"2026-06-19 03:06:16"}
{"level":"info","message":"HTTP Request: GET /followers - Status: 304 - Duration: 13ms - IP: ::1","timestamp":"2026-06-19 03:06:18"}
{"level":"info","message":"HTTP Request: GET /following - Status: 304 - Duration: 21ms - IP: ::1","timestamp":"2026-06-19 03:06:18"}
{"level":"info","message":"HTTP Request: GET /followers - Status: 304 - Duration: 12ms - IP: ::1","timestamp":"2026-06-19 03:06:18"}
{"level":"info","message":"HTTP Request: GET /following - Status: 304 - Duration: 19ms - IP: ::1","timestamp":"2026-06-19 03:06:18"}
{"level":"info","message":"HTTP Request: GET /me - Status: 304 - Duration: 8ms - IP: ::1","timestamp":"2026-06-19 03:06:21"}
{"level":"info","message":"HTTP Request: GET /unread-count - Status: 304 - Duration: 12ms - IP: ::1","timestamp":"2026-06-19 03:06:21"}
{"level":"info","message":"HTTP Request: GET /my?page=1&limit=5 - Status: 304 - Duration: 25ms - IP: ::1","timestamp":"2026-06-19 03:06:21"}
{"level":"info","message":"HTTP Request: GET /unread-count - Status: 304 - Duration: 9ms - IP: ::1","timestamp":"2026-06-19 03:06:21"}
{"level":"info","message":"HTTP Request: GET / - Status: 304 - Duration: 10ms - IP: ::1","timestamp":"2026-06-19 03:06:21"}
{"level":"info","message":"HTTP Request: GET /my?page=1&limit=5 - Status: 304 - Duration: 20ms - IP: ::1","timestamp":"2026-06-19 03:06:21"}
{"level":"info","message":"HTTP Request: GET / - Status: 304 - Duration: 10ms - IP: ::1","timestamp":"2026-06-19 03:06:21"}
{"level":"info","message":"HTTP Request: GET /conversations - Status: 304 - Duration: 15ms - IP: ::1","timestamp":"2026-06-19 03:06:25"}
{"level":"info","message":"HTTP Request: GET /conversations - Status: 304 - Duration: 17ms - IP: ::1","timestamp":"2026-06-19 03:06:25"}
{"level":"info","message":"HTTP Request: GET /my?page=1&limit=5 - Status: 304 - Duration: 24ms - IP: ::1","timestamp":"2026-06-19 03:06:26"}
{"level":"info","message":"HTTP Request: GET /?page=1&limit=20 - Status: 304 - Duration: 17ms - IP: ::1","timestamp":"2026-06-19 03:06:28"}
{"level":"info","message":"HTTP Request: GET /my?page=1&limit=5 - Status: 304 - Duration: 26ms - IP: ::1","timestamp":"2026-06-19 03:06:29"}
{"level":"info","message":"HTTP Request: GET /unread-count - Status: 304 - Duration: 7ms - IP: ::1","timestamp":"2026-06-19 03:06:29"}
{"level":"info","message":"HTTP Request: GET /unread-count - Status: 304 - Duration: 8ms - IP: ::1","timestamp":"2026-06-19 03:06:29"}
{"level":"info","message":"HTTP Request: GET /my?page=1&limit=5 - Status: 304 - Duration: 15ms - IP: ::1","timestamp":"2026-06-19 03:06:29"}
{"level":"info","message":"HTTP Request: GET / - Status: 304 - Duration: 11ms - IP: ::1","timestamp":"2026-06-19 03:06:29"}
{"level":"info","message":"HTTP Request: GET / - Status: 304 - Duration: 10ms - IP: ::1","timestamp":"2026-06-19 03:06:29"}
{"level":"info","message":"HTTP Request: GET /followers - Status: 304 - Duration: 7ms - IP: ::1","timestamp":"2026-06-19 03:07:05"}
{"level":"info","message":"HTTP Request: GET /following - Status: 304 - Duration: 12ms - IP: ::1","timestamp":"2026-06-19 03:07:05"}
{"level":"info","message":"HTTP Request: GET /followers - Status: 304 - Duration: 10ms - IP: ::1","timestamp":"2026-06-19 03:07:05"}
{"level":"info","message":"HTTP Request: GET /following - Status: 304 - Duration: 18ms - IP: ::1","timestamp":"2026-06-19 03:07:05"}
{"level":"info","message":"HTTP Request: GET /me - Status: 304 - Duration: 8ms - IP: ::1","timestamp":"2026-06-19 03:07:08"}
{"level":"info","message":"HTTP Request: GET /me - Status: 304 - Duration: 4ms - IP: ::1","timestamp":"2026-06-19 03:07:11"}
{"level":"info","message":"HTTP Request: GET /me - Status: 304 - Duration: 6ms - IP: ::1","timestamp":"2026-06-19 03:07:14"}
{"level":"info","message":"HTTP Request: GET /unread-count - Status: 304 - Duration: 9ms - IP: ::1","timestamp":"2026-06-19 03:07:16"}
{"level":"info","message":"HTTP Request: GET /me - Status: 304 - Duration: 8ms - IP: ::1","timestamp":"2026-06-19 03:07:17"}
{"level":"info","message":"HTTP Request: GET /me - Status: 304 - Duration: 6ms - IP: ::1","timestamp":"2026-06-19 03:07:20"}
{"level":"info","message":"HTTP Request: GET /me - Status: 304 - Duration: 8ms - IP: ::1","timestamp":"2026-06-19 03:07:23"}
{"level":"info","message":"HTTP Request: GET /me - Status: 304 - Duration: 11ms - IP: ::1","timestamp":"2026-06-19 03:07:26"}
{"level":"info","message":"HTTP Request: GET /me - Status: 304 - Duration: 12ms - IP: ::1","timestamp":"2026-06-19 03:07:30"}
{"level":"info","message":"HTTP Request: GET /me - Status: 304 - Duration: 7ms - IP: ::1","timestamp":"2026-06-19 03:07:33"}
{"level":"info","message":"HTTP Request: GET /me - Status: 304 - Duration: 3ms - IP: ::1","timestamp":"2026-06-19 03:07:36"}
{"level":"info","message":"HTTP Request: GET /me - Status: 304 - Duration: 9ms - IP: ::1","timestamp":"2026-06-19 03:07:39"}
{"level":"info","message":"HTTP Request: GET /me - Status: 304 - Duration: 10ms - IP: ::1","timestamp":"2026-06-19 03:07:42"}
{"level":"info","message":"HTTP Request: GET /me - Status: 304 - Duration: 11ms - IP: ::1","timestamp":"2026-06-19 03:07:45"}
{"level":"info","message":"HTTP Request: GET /me - Status: 304 - Duration: 9ms - IP: ::1","timestamp":"2026-06-19 03:07:48"}
{"level":"info","message":"HTTP Request: GET /me - Status: 304 - Duration: 11ms - IP: ::1","timestamp":"2026-06-19 03:07:51"}
{"level":"info","message":"HTTP Request: GET /me - Status: 304 - Duration: 11ms - IP: ::1","timestamp":"2026-06-19 03:07:55"}
{"level":"info","message":"HTTP Request: GET /me - Status: 304 - Duration: 8ms - IP: ::1","timestamp":"2026-06-19 03:07:58"}
{"level":"info","message":"HTTP Request: GET /me - Status: 304 - Duration: 7ms - IP: ::1","timestamp":"2026-06-19 03:08:01"}
{"level":"info","message":"HTTP Request: GET /me - Status: 304 - Duration: 8ms - IP: ::1","timestamp":"2026-06-19 03:08:04"}
{"level":"info","message":"HTTP Request: GET /me - Status: 304 - Duration: 8ms - IP: ::1","timestamp":"2026-06-19 03:08:07"}
{"level":"info","message":"HTTP Request: GET /me - Status: 304 - Duration: 7ms - IP: ::1","timestamp":"2026-06-19 03:08:10"}
{"level":"info","message":"HTTP Request: GET /me - Status: 304 - Duration: 5ms - IP: ::1","timestamp":"2026-06-19 03:08:13"}
{"level":"info","message":"HTTP Request: GET /me - Status: 304 - Duration: 11ms - IP: ::1","timestamp":"2026-06-19 03:08:16"}
{"level":"info","message":"HTTP Request: GET /unread-count - Status: 304 - Duration: 9ms - IP: ::1","timestamp":"2026-06-19 03:08:17"}
{"level":"info","message":"HTTP Request: GET /me - Status: 304 - Duration: 9ms - IP: ::1","timestamp":"2026-06-19 03:08:19"}
{"level":"info","message":"HTTP Request: GET /me - Status: 304 - Duration: 12ms - IP: ::1","timestamp":"2026-06-19 03:08:22"}
{"level":"info","message":"HTTP Request: GET /me - Status: 304 - Duration: 7ms - IP: ::1","timestamp":"2026-06-19 03:08:26"}
{"level":"info","message":"HTTP Request: GET /me - Status: 304 - Duration: 8ms - IP: ::1","timestamp":"2026-06-19 03:08:29"}
{"level":"info","message":"HTTP Request: GET /me - Status: 304 - Duration: 11ms - IP: ::1","timestamp":"2026-06-19 03:08:32"}
{"level":"info","message":"HTTP Request: GET /me - Status: 304 - Duration: 7ms - IP: ::1","timestamp":"2026-06-19 03:08:35"}
{"level":"info","message":"HTTP Request: GET /unread-count - Status: 304 - Duration: 5ms - IP: ::1","timestamp":"2026-06-19 03:08:36"}
{"level":"info","message":"HTTP Request: GET /my?page=1&limit=5 - Status: 304 - Duration: 12ms - IP: ::1","timestamp":"2026-06-19 03:08:36"}
{"level":"info","message":"HTTP Request: GET /unread-count - Status: 304 - Duration: 7ms - IP: ::1","timestamp":"2026-06-19 03:08:36"}
{"level":"info","message":"HTTP Request: GET / - Status: 304 - Duration: 5ms - IP: ::1","timestamp":"2026-06-19 03:08:36"}
{"level":"info","message":"HTTP Request: GET /my?page=1&limit=5 - Status: 304 - Duration: 13ms - IP: ::1","timestamp":"2026-06-19 03:08:36"}
{"level":"info","message":"HTTP Request: GET / - Status: 304 - Duration: 8ms - IP: ::1","timestamp":"2026-06-19 03:08:36"}
{"level":"info","message":"HTTP Request: GET /?page=1&limit=20 - Status: 304 - Duration: 26ms - IP: ::1","timestamp":"2026-06-19 03:08:36"}
{"level":"info","message":"HTTP Request: GET /?page=1&limit=10 - Status: 304 - Duration: 32ms - IP: ::1","timestamp":"2026-06-19 03:08:37"}
{"level":"info","message":"HTTP Request: GET /?page=1&limit=9 - Status: 304 - Duration: 26ms - IP: ::1","timestamp":"2026-06-19 03:08:37"}
{"level":"info","message":"HTTP Request: GET /ids - Status: 304 - Duration: 7ms - IP: ::1","timestamp":"2026-06-19 03:08:38"}
{"level":"info","message":"HTTP Request: GET /ids - Status: 304 - Duration: 6ms - IP: ::1","timestamp":"2026-06-19 03:08:38"}
{"level":"info","message":"HTTP Request: GET /?type=Fresh&page=1&limit=20&lat=15.968056967921283&lng=108.26234798201149 - Status: 304 - Duration: 51ms - IP: ::1","timestamp":"2026-06-19 03:08:38"}
{"level":"info","message":"HTTP Request: GET /?limit=20 - Status: 304 - Duration: 14ms - IP: ::1","timestamp":"2026-06-19 03:08:38"}
{"level":"info","message":"HTTP Request: GET /?limit=17&hasActive=true - Status: 304 - Duration: 33ms - IP: ::1","timestamp":"2026-06-19 03:08:38"}
{"level":"info","message":"HTTP Request: GET /?limit=20 - Status: 304 - Duration: 12ms - IP: ::1","timestamp":"2026-06-19 03:08:38"}
{"level":"info","message":"HTTP Request: GET /fishermen/leaderboard - Status: 304 - Duration: 18ms - IP: ::1","timestamp":"2026-06-19 03:08:38"}
{"level":"info","message":"HTTP Request: GET /fishermen/leaderboard - Status: 304 - Duration: 28ms - IP: ::1","timestamp":"2026-06-19 03:08:38"}
{"level":"info","message":"HTTP Request: GET /ids - Status: 304 - Duration: 7ms - IP: ::1","timestamp":"2026-06-19 03:08:44"}
{"level":"info","message":"HTTP Request: GET /ids - Status: 304 - Duration: 11ms - IP: ::1","timestamp":"2026-06-19 03:08:44"}
{"level":"info","message":"HTTP Request: GET /?type=Fresh&page=1&limit=20&lat=15.968056967921283&lng=108.26234798201149 - Status: 304 - Duration: 12ms - IP: ::1","timestamp":"2026-06-19 03:08:45"}
{"level":"info","message":"HTTP Request: GET /?type=Dried&page=1&limit=20 - Status: 304 - Duration: 23ms - IP: ::1","timestamp":"2026-06-19 03:08:46"}
{"level":"info","message":"HTTP Request: GET /?type=Dried&page=1&limit=20&category=Fish - Status: 304 - Duration: 17ms - IP: ::1","timestamp":"2026-06-19 03:08:47"}
{"level":"info","message":"HTTP Request: GET /?type=Dried&page=1&limit=20&category=Shrimp - Status: 304 - Duration: 19ms - IP: ::1","timestamp":"2026-06-19 03:08:47"}
{"level":"info","message":"HTTP Request: GET /?page=1&limit=9 - Status: 304 - Duration: 16ms - IP: ::1","timestamp":"2026-06-19 03:08:48"}
{"level":"info","message":"HTTP Request: GET /?page=1&limit=10 - Status: 304 - Duration: 16ms - IP: ::1","timestamp":"2026-06-19 03:08:52"}
{"level":"info","message":"HTTP Request: GET /?page=1&limit=20 - Status: 304 - Duration: 30ms - IP: ::1","timestamp":"2026-06-19 03:08:57"}
{"level":"info","message":"HTTP Request: GET /unread-count - Status: 304 - Duration: 12ms - IP: ::1","timestamp":"2026-06-19 03:08:58"}
{"level":"info","message":"HTTP Request: GET /my?page=1&limit=5 - Status: 304 - Duration: 29ms - IP: ::1","timestamp":"2026-06-19 03:08:58"}
{"level":"info","message":"HTTP Request: GET /unread-count - Status: 304 - Duration: 9ms - IP: ::1","timestamp":"2026-06-19 03:08:58"}
{"level":"info","message":"HTTP Request: GET /my?page=1&limit=5 - Status: 304 - Duration: 24ms - IP: ::1","timestamp":"2026-06-19 03:08:58"}
{"level":"info","message":"HTTP Request: GET / - Status: 304 - Duration: 10ms - IP: ::1","timestamp":"2026-06-19 03:08:58"}
{"level":"info","message":"HTTP Request: GET / - Status: 304 - Duration: 6ms - IP: ::1","timestamp":"2026-06-19 03:08:58"}
{"level":"info","message":"HTTP Request: GET /conversations - Status: 304 - Duration: 10ms - IP: ::1","timestamp":"2026-06-19 03:09:00"}
{"level":"info","message":"HTTP Request: GET /conversations - Status: 304 - Duration: 16ms - IP: ::1","timestamp":"2026-06-19 03:09:00"}
{"level":"info","message":"HTTP Request: GET /?userId=6a3435a4efb989c2939b656d - Status: 200 - Duration: 9ms - IP: ::1","timestamp":"2026-06-19 03:09:01"}
{"level":"info","message":"HTTP Request: GET /conversations - Status: 304 - Duration: 10ms - IP: ::1","timestamp":"2026-06-19 03:09:03"}
{"level":"info","message":"HTTP Request: GET /conversations - Status: 304 - Duration: 15ms - IP: ::1","timestamp":"2026-06-19 03:09:03"}
{"level":"info","message":"HTTP Request: GET /unread-count - Status: 304 - Duration: 6ms - IP: ::1","timestamp":"2026-06-19 03:09:18"}
{"level":"info","message":"HTTP Request: GET /followers - Status: 304 - Duration: 7ms - IP: ::1","timestamp":"2026-06-19 03:09:58"}
{"level":"info","message":"HTTP Request: GET /following - Status: 304 - Duration: 11ms - IP: ::1","timestamp":"2026-06-19 03:09:58"}
{"level":"info","message":"HTTP Request: GET /followers - Status: 304 - Duration: 11ms - IP: ::1","timestamp":"2026-06-19 03:09:58"}
{"level":"info","message":"HTTP Request: GET /following - Status: 304 - Duration: 15ms - IP: ::1","timestamp":"2026-06-19 03:09:58"}
{"level":"info","message":"HTTP Request: GET /me - Status: 304 - Duration: 5ms - IP: ::1","timestamp":"2026-06-19 03:10:01"}
{"level":"info","message":"HTTP Request: GET /me - Status: 304 - Duration: 4ms - IP: ::1","timestamp":"2026-06-19 03:10:04"}
{"level":"info","message":"HTTP Request: GET /me - Status: 304 - Duration: 12ms - IP: ::1","timestamp":"2026-06-19 03:10:07"}
{"level":"info","message":"HTTP Request: GET /me - Status: 304 - Duration: 8ms - IP: ::1","timestamp":"2026-06-19 03:10:10"}
{"level":"info","message":"HTTP Request: GET /me - Status: 304 - Duration: 7ms - IP: ::1","timestamp":"2026-06-19 03:10:13"}
{"level":"info","message":"HTTP Request: GET /me - Status: 304 - Duration: 8ms - IP: ::1","timestamp":"2026-06-19 03:10:16"}
{"level":"info","message":"HTTP Request: GET /unread-count - Status: 304 - Duration: 7ms - IP: ::1","timestamp":"2026-06-19 03:10:17"}
{"level":"info","message":"HTTP Request: GET /me - Status: 304 - Duration: 11ms - IP: ::1","timestamp":"2026-06-19 03:10:20"}
{"level":"info","message":"HTTP Request: GET /me - Status: 304 - Duration: 11ms - IP: ::1","timestamp":"2026-06-19 03:10:23"}
{"level":"info","message":"HTTP Request: GET /me - Status: 304 - Duration: 6ms - IP: ::1","timestamp":"2026-06-19 03:10:26"}
{"level":"info","message":"HTTP Request: GET /me - Status: 304 - Duration: 6ms - IP: ::1","timestamp":"2026-06-19 03:10:29"}
{"level":"info","message":"HTTP Request: GET /me - Status: 304 - Duration: 5ms - IP: ::1","timestamp":"2026-06-19 03:10:32"}
{"level":"info","message":"HTTP Request: GET /me - Status: 304 - Duration: 8ms - IP: ::1","timestamp":"2026-06-19 03:10:35"}
{"level":"info","message":"HTTP Request: GET /me - Status: 304 - Duration: 7ms - IP: ::1","timestamp":"2026-06-19 03:10:38"}
{"level":"info","message":"HTTP Request: GET /conversations - Status: 304 - Duration: 10ms - IP: ::1","timestamp":"2026-06-19 03:10:40"}
{"level":"info","message":"HTTP Request: GET /conversations - Status: 304 - Duration: 11ms - IP: ::1","timestamp":"2026-06-19 03:10:40"}
{"level":"info","message":"HTTP Request: GET /me - Status: 304 - Duration: 4ms - IP: ::1","timestamp":"2026-06-19 03:10:41"}
{"level":"info","message":"HTTP Request: GET /me - Status: 304 - Duration: 5ms - IP: ::1","timestamp":"2026-06-19 03:10:44"}
{"level":"info","message":"HTTP Request: GET /me - Status: 304 - Duration: 7ms - IP: ::1","timestamp":"2026-06-19 03:10:47"}
{"level":"info","message":"HTTP Request: GET /me - Status: 304 - Duration: 10ms - IP: ::1","timestamp":"2026-06-19 03:10:50"}
{"level":"info","message":"HTTP Request: GET /me - Status: 304 - Duration: 6ms - IP: ::1","timestamp":"2026-06-19 03:10:53"}
{"level":"info","message":"HTTP Request: GET /me - Status: 304 - Duration: 5ms - IP: ::1","timestamp":"2026-06-19 03:10:56"}
{"level":"info","message":"HTTP Request: GET /me - Status: 304 - Duration: 6ms - IP: ::1","timestamp":"2026-06-19 03:10:59"}
{"level":"info","message":"HTTP Request: GET /me - Status: 304 - Duration: 5ms - IP: ::1","timestamp":"2026-06-19 03:11:02"}
{"level":"info","message":"HTTP Request: GET /conversations - Status: 304 - Duration: 11ms - IP: ::1","timestamp":"2026-06-19 03:11:02"}
{"level":"info","message":"HTTP Request: GET /conversations - Status: 304 - Duration: 11ms - IP: ::1","timestamp":"2026-06-19 03:11:02"}
{"level":"info","message":"HTTP Request: GET /me - Status: 304 - Duration: 6ms - IP: ::1","timestamp":"2026-06-19 03:11:05"}
{"level":"info","message":"HTTP Request: GET /me - Status: 304 - Duration: 7ms - IP: ::1","timestamp":"2026-06-19 03:11:09"}
{"level":"info","message":"HTTP Request: GET /me - Status: 304 - Duration: 8ms - IP: ::1","timestamp":"2026-06-19 03:11:12"}
{"level":"info","message":"HTTP Request: GET /me - Status: 304 - Duration: 12ms - IP: ::1","timestamp":"2026-06-19 03:11:15"}
{"level":"info","message":"HTTP Request: GET /unread-count - Status: 304 - Duration: 12ms - IP: ::1","timestamp":"2026-06-19 03:11:17"}
{"level":"info","message":"HTTP Request: GET /me - Status: 304 - Duration: 10ms - IP: ::1","timestamp":"2026-06-19 03:11:18"}
{"level":"info","message":"HTTP Request: GET /me - Status: 304 - Duration: 8ms - IP: ::1","timestamp":"2026-06-19 03:11:22"}
{"level":"info","message":"HTTP Request: GET /me - Status: 304 - Duration: 6ms - IP: ::1","timestamp":"2026-06-19 03:11:25"}
{"level":"info","message":"HTTP Request: GET /me - Status: 304 - Duration: 6ms - IP: ::1","timestamp":"2026-06-19 03:11:28"}
{"level":"info","message":"HTTP Request: GET /me - Status: 304 - Duration: 12ms - IP: ::1","timestamp":"2026-06-19 03:11:31"}
{"level":"info","message":"HTTP Request: GET /me - Status: 304 - Duration: 21ms - IP: ::1","timestamp":"2026-06-19 03:11:34"}
{"level":"info","message":"HTTP Request: GET /me - Status: 304 - Duration: 10ms - IP: ::1","timestamp":"2026-06-19 03:11:37"}
{"level":"info","message":"HTTP Request: GET /me - Status: 304 - Duration: 5ms - IP: ::1","timestamp":"2026-06-19 03:11:40"}
{"level":"info","message":"HTTP Request: GET /me - Status: 304 - Duration: 10ms - IP: ::1","timestamp":"2026-06-19 03:11:43"}
{"level":"info","message":"HTTP Request: GET /me - Status: 304 - Duration: 8ms - IP: ::1","timestamp":"2026-06-19 03:11:46"}
{"level":"info","message":"HTTP Request: GET /me - Status: 304 - Duration: 7ms - IP: ::1","timestamp":"2026-06-19 03:11:49"}
{"level":"info","message":"HTTP Request: GET /me - Status: 304 - Duration: 5ms - IP: ::1","timestamp":"2026-06-19 03:11:52"}
{"level":"info","message":"HTTP Request: GET /conversations - Status: 304 - Duration: 15ms - IP: ::1","timestamp":"2026-06-19 03:11:54"}
{"level":"info","message":"HTTP Request: GET /conversations - Status: 304 - Duration: 17ms - IP: ::1","timestamp":"2026-06-19 03:11:54"}
{"level":"info","message":"HTTP Request: GET /me - Status: 304 - Duration: 8ms - IP: ::1","timestamp":"2026-06-19 03:11:55"}
{"level":"info","message":"HTTP Request: GET /conversations - Status: 304 - Duration: 8ms - IP: ::1","timestamp":"2026-06-19 03:11:56"}
{"level":"info","message":"HTTP Request: GET /conversations - Status: 304 - Duration: 11ms - IP: ::1","timestamp":"2026-06-19 03:11:56"}
{"level":"info","message":"HTTP Request: GET /me - Status: 304 - Duration: 5ms - IP: ::1","timestamp":"2026-06-19 03:11:59"}
{"level":"info","message":"HTTP Request: GET /me - Status: 304 - Duration: 6ms - IP: ::1","timestamp":"2026-06-19 03:12:02"}
{"level":"info","message":"HTTP Request: GET /me - Status: 304 - Duration: 5ms - IP: ::1","timestamp":"2026-06-19 03:12:05"}
{"level":"info","message":"HTTP Request: GET /me - Status: 304 - Duration: 10ms - IP: ::1","timestamp":"2026-06-19 03:12:08"}
{"level":"info","message":"HTTP Request: GET /me - Status: 304 - Duration: 11ms - IP: ::1","timestamp":"2026-06-19 03:12:12"}
{"level":"info","message":"HTTP Request: GET /me - Status: 304 - Duration: 4ms - IP: ::1","timestamp":"2026-06-19 03:12:15"}
{"level":"info","message":"HTTP Request: GET /unread-count - Status: 304 - Duration: 15ms - IP: ::1","timestamp":"2026-06-19 03:12:18"}
{"level":"info","message":"HTTP Request: GET /me - Status: 304 - Duration: 13ms - IP: ::1","timestamp":"2026-06-19 03:12:18"}
{"level":"info","message":"HTTP Request: GET /me - Status: 304 - Duration: 11ms - IP: ::1","timestamp":"2026-06-19 03:12:21"}
{"level":"info","message":"HTTP Request: GET /me - Status: 304 - Duration: 10ms - IP: ::1","timestamp":"2026-06-19 03:12:24"}
{"level":"info","message":"HTTP Request: GET /me - Status: 304 - Duration: 13ms - IP: ::1","timestamp":"2026-06-19 03:12:27"}
{"level":"info","message":"HTTP Request: GET /me - Status: 304 - Duration: 10ms - IP: ::1","timestamp":"2026-06-19 03:12:30"}
{"level":"info","message":"HTTP Request: GET /me - Status: 304 - Duration: 5ms - IP: ::1","timestamp":"2026-06-19 03:12:33"}
{"level":"info","message":"HTTP Request: GET /me - Status: 304 - Duration: 12ms - IP: ::1","timestamp":"2026-06-19 03:12:36"}
{"level":"info","message":"HTTP Request: GET /me - Status: 304 - Duration: 11ms - IP: ::1","timestamp":"2026-06-19 03:12:39"}
{"level":"info","message":"HTTP Request: GET /me - Status: 304 - Duration: 7ms - IP: ::1","timestamp":"2026-06-19 03:12:42"}
{"level":"info","message":"HTTP Request: GET /me - Status: 304 - Duration: 5ms - IP: ::1","timestamp":"2026-06-19 03:12:45"}
{"level":"info","message":"HTTP Request: GET /me - Status: 304 - Duration: 6ms - IP: ::1","timestamp":"2026-06-19 03:12:48"}
{"level":"info","message":"HTTP Request: GET /me - Status: 304 - Duration: 9ms - IP: ::1","timestamp":"2026-06-19 03:12:51"}
{"level":"info","message":"HTTP Request: GET /me - Status: 304 - Duration: 7ms - IP: ::1","timestamp":"2026-06-19 03:12:54"}
{"level":"info","message":"HTTP Request: GET /me - Status: 304 - Duration: 4ms - IP: ::1","timestamp":"2026-06-19 03:12:57"}
{"level":"info","message":"HTTP Request: GET /me - Status: 304 - Duration: 6ms - IP: ::1","timestamp":"2026-06-19 03:13:00"}
{"level":"info","message":"HTTP Request: GET /me - Status: 304 - Duration: 17ms - IP: ::1","timestamp":"2026-06-19 03:13:03"}
{"level":"info","message":"HTTP Request: GET /me - Status: 304 - Duration: 12ms - IP: ::1","timestamp":"2026-06-19 03:13:06"}
{"level":"info","message":"HTTP Request: GET /me - Status: 304 - Duration: 12ms - IP: ::1","timestamp":"2026-06-19 03:13:09"}
{"level":"info","message":"HTTP Request: GET /me - Status: 304 - Duration: 12ms - IP: ::1","timestamp":"2026-06-19 03:13:12"}
{"level":"info","message":"HTTP Request: GET /me - Status: 304 - Duration: 9ms - IP: ::1","timestamp":"2026-06-19 03:13:15"}
{"level":"info","message":"HTTP Request: GET /unread-count - Status: 304 - Duration: 8ms - IP: ::1","timestamp":"2026-06-19 03:13:18"}
{"level":"info","message":"HTTP Request: GET /me - Status: 304 - Duration: 8ms - IP: ::1","timestamp":"2026-06-19 03:13:19"}
{"level":"info","message":"HTTP Request: GET /me - Status: 304 - Duration: 8ms - IP: ::1","timestamp":"2026-06-19 03:13:22"}
{"level":"info","message":"HTTP Request: GET /me - Status: 304 - Duration: 5ms - IP: ::1","timestamp":"2026-06-19 03:13:25"}
{"level":"info","message":"HTTP Request: GET /me - Status: 304 - Duration: 11ms - IP: ::1","timestamp":"2026-06-19 03:13:28"}
{"level":"info","message":"HTTP Request: GET /me - Status: 304 - Duration: 11ms - IP: ::1","timestamp":"2026-06-19 03:13:31"}
{"level":"info","message":"HTTP Request: GET /me - Status: 304 - Duration: 7ms - IP: ::1","timestamp":"2026-06-19 03:13:34"}
{"level":"info","message":"HTTP Request: GET /me - Status: 304 - Duration: 10ms - IP: ::1","timestamp":"2026-06-19 03:13:37"}
{"level":"info","message":"HTTP Request: GET /me - Status: 304 - Duration: 5ms - IP: ::1","timestamp":"2026-06-19 03:13:40"}
{"level":"info","message":"HTTP Request: GET /me - Status: 304 - Duration: 7ms - IP: ::1","timestamp":"2026-06-19 03:13:43"}
{"level":"info","message":"HTTP Request: GET /me - Status: 304 - Duration: 7ms - IP: ::1","timestamp":"2026-06-19 03:13:46"}
{"level":"info","message":"HTTP Request: GET /today-count - Status: 200 - Duration: 13ms - IP: ::1","timestamp":"2026-06-19 03:13:47"}
{"level":"info","message":"HTTP Request: GET /today-count - Status: 304 - Duration: 13ms - IP: ::1","timestamp":"2026-06-19 03:13:48"}
{"level":"info","message":"HTTP Request: GET /unread-count - Status: 304 - Duration: 5ms - IP: ::1","timestamp":"2026-06-19 03:13:50"}
{"level":"info","message":"HTTP Request: GET /my?page=1&limit=5 - Status: 304 - Duration: 10ms - IP: ::1","timestamp":"2026-06-19 03:13:50"}
{"level":"info","message":"HTTP Request: GET /unread-count - Status: 304 - Duration: 4ms - IP: ::1","timestamp":"2026-06-19 03:13:50"}
{"level":"info","message":"HTTP Request: GET / - Status: 304 - Duration: 6ms - IP: ::1","timestamp":"2026-06-19 03:13:50"}
{"level":"info","message":"HTTP Request: GET /my?page=1&limit=5 - Status: 304 - Duration: 9ms - IP: ::1","timestamp":"2026-06-19 03:13:50"}
{"level":"info","message":"HTTP Request: GET / - Status: 304 - Duration: 4ms - IP: ::1","timestamp":"2026-06-19 03:13:50"}
{"level":"info","message":"HTTP Request: GET /followers - Status: 304 - Duration: 5ms - IP: ::1","timestamp":"2026-06-19 03:13:52"}
{"level":"info","message":"HTTP Request: GET /following - Status: 304 - Duration: 9ms - IP: ::1","timestamp":"2026-06-19 03:13:52"}
{"level":"info","message":"HTTP Request: GET /followers - Status: 304 - Duration: 5ms - IP: ::1","timestamp":"2026-06-19 03:13:52"}
{"level":"info","message":"HTTP Request: GET /following - Status: 304 - Duration: 8ms - IP: ::1","timestamp":"2026-06-19 03:13:52"}
{"level":"info","message":"HTTP Request: GET /me - Status: 304 - Duration: 4ms - IP: ::1","timestamp":"2026-06-19 03:13:55"}
{"level":"info","message":"HTTP Request: GET /me - Status: 304 - Duration: 4ms - IP: ::1","timestamp":"2026-06-19 03:13:58"}
{"level":"info","message":"HTTP Request: GET /?limit=20 - Status: 304 - Duration: 6ms - IP: ::1","timestamp":"2026-06-19 03:14:00"}
{"level":"info","message":"HTTP Request: GET /?limit=17&hasActive=true - Status: 304 - Duration: 23ms - IP: ::1","timestamp":"2026-06-19 03:14:00"}
{"level":"info","message":"HTTP Request: GET /?limit=20 - Status: 304 - Duration: 5ms - IP: ::1","timestamp":"2026-06-19 03:14:00"}
{"level":"info","message":"HTTP Request: GET /fishermen/leaderboard - Status: 304 - Duration: 17ms - IP: ::1","timestamp":"2026-06-19 03:14:00"}
{"level":"info","message":"HTTP Request: GET /fishermen/leaderboard - Status: 304 - Duration: 19ms - IP: ::1","timestamp":"2026-06-19 03:14:00"}
{"level":"info","message":"HTTP Request: GET /?limit=20 - Status: 304 - Duration: 6ms - IP: ::1","timestamp":"2026-06-19 03:14:02"}
{"level":"info","message":"HTTP Request: GET / - Status: 304 - Duration: 11ms - IP: ::1","timestamp":"2026-06-19 03:14:02"}
{"level":"info","message":"HTTP Request: GET /?limit=20 - Status: 304 - Duration: 6ms - IP: ::1","timestamp":"2026-06-19 03:14:02"}
{"level":"info","message":"HTTP Request: GET /?limit=17&hasActive=true - Status: 304 - Duration: 22ms - IP: ::1","timestamp":"2026-06-19 03:14:02"}
{"level":"info","message":"HTTP Request: GET / - Status: 304 - Duration: 9ms - IP: ::1","timestamp":"2026-06-19 03:14:02"}
{"level":"info","message":"HTTP Request: GET /fishermen/leaderboard - Status: 304 - Duration: 16ms - IP: ::1","timestamp":"2026-06-19 03:14:02"}
{"level":"info","message":"HTTP Request: GET /fishermen/leaderboard - Status: 304 - Duration: 17ms - IP: ::1","timestamp":"2026-06-19 03:14:02"}
{"level":"info","message":"HTTP Request: GET /followers - Status: 304 - Duration: 3ms - IP: ::1","timestamp":"2026-06-19 03:14:07"}
{"level":"info","message":"HTTP Request: GET /following - Status: 304 - Duration: 6ms - IP: ::1","timestamp":"2026-06-19 03:14:07"}
{"level":"info","message":"HTTP Request: GET /followers - Status: 304 - Duration: 5ms - IP: ::1","timestamp":"2026-06-19 03:14:07"}
{"level":"info","message":"HTTP Request: GET /following - Status: 304 - Duration: 7ms - IP: ::1","timestamp":"2026-06-19 03:14:07"}
{"level":"info","message":"Profile updated for UserID=6a3435a4efb989c2939b656d","timestamp":"2026-06-19 03:14:16"}
{"level":"info","message":"HTTP Request: PUT /profile - Status: 200 - Duration: 69ms - IP: ::1","timestamp":"2026-06-19 03:14:16"}
{"level":"info","message":"HTTP Request: GET /followers - Status: 304 - Duration: 7ms - IP: ::1","timestamp":"2026-06-19 03:14:16"}
{"level":"info","message":"HTTP Request: GET /unread-count - Status: 304 - Duration: 7ms - IP: ::1","timestamp":"2026-06-19 03:14:16"}
{"level":"info","message":"HTTP Request: GET / - Status: 304 - Duration: 14ms - IP: ::1","timestamp":"2026-06-19 03:14:16"}
{"level":"info","message":"HTTP Request: GET /following - Status: 304 - Duration: 13ms - IP: ::1","timestamp":"2026-06-19 03:14:16"}
{"level":"info","message":"HTTP Request: GET /ids - Status: 304 - Duration: 5ms - IP: ::1","timestamp":"2026-06-19 03:14:18"}
{"level":"info","message":"HTTP Request: GET /ids - Status: 304 - Duration: 5ms - IP: ::1","timestamp":"2026-06-19 03:14:18"}
{"level":"info","message":"HTTP Request: GET /?type=Fresh&page=1&limit=20&lat=15.968056967921283&lng=108.26234798201149 - Status: 304 - Duration: 6ms - IP: ::1","timestamp":"2026-06-19 03:14:18"}
{"level":"info","message":"HTTP Request: GET /?page=1&limit=9 - Status: 304 - Duration: 13ms - IP: ::1","timestamp":"2026-06-19 03:14:21"}
{"level":"info","message":"HTTP Request: GET /?page=1&limit=10 - Status: 200 - Duration: 5ms - IP: ::1","timestamp":"2026-06-19 03:14:25"}
{"level":"info","message":"HTTP Request: GET /?page=1&limit=20 - Status: 200 - Duration: 17ms - IP: ::1","timestamp":"2026-06-19 03:14:26"}
{"level":"info","message":"HTTP Request: GET /?page=1&limit=10 - Status: 304 - Duration: 5ms - IP: ::1","timestamp":"2026-06-19 03:14:27"}
{"level":"info","message":"HTTP Request: GET /?page=1&limit=20 - Status: 304 - Duration: 16ms - IP: ::1","timestamp":"2026-06-19 03:14:32"}
{"level":"info","message":"HTTP Request: GET /6a3435a4efb989c2939b656d - Status: 200 - Duration: 9ms - IP: ::1","timestamp":"2026-06-19 03:14:33"}
{"level":"info","message":"HTTP Request: GET /6a3435a4efb989c2939b656d/profile - Status: 200 - Duration: 19ms - IP: ::1","timestamp":"2026-06-19 03:14:33"}
{"level":"info","message":"HTTP Request: GET /?sellerId=6a3435a4efb989c2939b656d&limit=100 - Status: 200 - Duration: 32ms - IP: ::1","timestamp":"2026-06-19 03:14:33"}
{"level":"info","message":"HTTP Request: GET /?sellerId=6a3435a4efb989c2939b656d&limit=100 - Status: 304 - Duration: 4ms - IP: ::1","timestamp":"2026-06-19 03:14:33"}
{"level":"info","message":"HTTP Request: GET /?page=1&limit=10 - Status: 304 - Duration: 6ms - IP: ::1","timestamp":"2026-06-19 03:14:36"}
{"level":"info","message":"HTTP Request: GET /unread-count - Status: 304 - Duration: 24ms - IP: ::1","timestamp":"2026-06-19 03:15:17"}
{"level":"info","message":"HTTP Request: GET /unread-count - Status: 304 - Duration: 8ms - IP: ::1","timestamp":"2026-06-19 03:16:19"}
{"level":"info","message":"HTTP Request: GET /unread-count - Status: 401 - Duration: 2ms - IP: ::1","timestamp":"2026-06-19 03:17:19"}
{"level":"info","message":"HTTP Request: POST /refresh - Status: 401 - Duration: 1ms - IP: ::1","timestamp":"2026-06-19 03:17:28"}
{"level":"info","message":"HTTP Request: GET /unread-count - Status: 401 - Duration: 1ms - IP: ::1","timestamp":"2026-06-19 03:18:40"}
{"level":"info","message":"HTTP Request: POST /refresh - Status: 401 - Duration: 1ms - IP: ::1","timestamp":"2026-06-19 03:18:45"}
{"level":"info","message":"HTTP Request: GET /unread-count - Status: 401 - Duration: 1ms - IP: ::1","timestamp":"2026-06-19 03:19:45"}
{"level":"info","message":"HTTP Request: POST /refresh - Status: 401 - Duration: 1ms - IP: ::1","timestamp":"2026-06-19 03:19:48"}
{"level":"info","message":"HTTP Request: GET /unread-count - Status: 401 - Duration: 1ms - IP: ::1","timestamp":"2026-06-19 03:21:21"}
{"level":"info","message":"HTTP Request: POST /refresh - Status: 401 - Duration: 0ms - IP: ::1","timestamp":"2026-06-19 03:21:27"}
{"level":"info","message":"HTTP Request: GET /?page=1&limit=20 - Status: 304 - Duration: 21ms - IP: ::1","timestamp":"2026-06-19 03:21:30"}
{"level":"info","message":"HTTP Request: GET /6a3435a4efb989c2939b656d - Status: 304 - Duration: 8ms - IP: ::1","timestamp":"2026-06-19 03:21:30"}
{"level":"info","message":"HTTP Request: GET /?sellerId=6a3435a4efb989c2939b656d&limit=100 - Status: 304 - Duration: 8ms - IP: ::1","timestamp":"2026-06-19 03:21:31"}
{"level":"info","message":"HTTP Request: GET /?sellerId=6a3435a4efb989c2939b656d&limit=100 - Status: 304 - Duration: 5ms - IP: ::1","timestamp":"2026-06-19 03:21:31"}
{"level":"info","message":"HTTP Request: GET /6a3435a4efb989c2939b656d/profile - Status: 304 - Duration: 22ms - IP: ::1","timestamp":"2026-06-19 03:21:31"}
{"level":"info","message":"HTTP Request: GET /seller/6a3435a4efb989c2939b656d - Status: 304 - Duration: 5ms - IP: ::1","timestamp":"2026-06-19 03:21:33"}
{"level":"info","message":"HTTP Request: GET /seller/6a3435a4efb989c2939b656d - Status: 304 - Duration: 4ms - IP: ::1","timestamp":"2026-06-19 03:21:33"}
{"level":"info","message":"HTTP Request: GET /ids - Status: 401 - Duration: 1ms - IP: ::1","timestamp":"2026-06-19 03:21:34"}
{"level":"info","message":"HTTP Request: GET /ids - Status: 401 - Duration: 1ms - IP: ::1","timestamp":"2026-06-19 03:21:34"}
{"level":"info","message":"HTTP Request: POST /refresh - Status: 401 - Duration: 1ms - IP: ::1","timestamp":"2026-06-19 03:21:34"}
{"level":"info","message":"HTTP Request: GET /?type=Fresh&page=1&limit=20&lat=15.968056967921283&lng=108.26234798201149 - Status: 200 - Duration: 18ms - IP: ::1","timestamp":"2026-06-19 03:21:34"}
{"level":"info","message":"HTTP Request: GET /6a344c9de124fea1fddb18f0 - Status: 200 - Duration: 14ms - IP: ::1","timestamp":"2026-06-19 03:21:35"}
{"level":"info","message":"HTTP Request: GET /6a3435a4efb989c2939b656d/check - Status: 401 - Duration: 1ms - IP: ::1","timestamp":"2026-06-19 03:21:36"}
{"level":"info","message":"HTTP Request: GET /ids - Status: 401 - Duration: 0ms - IP: ::1","timestamp":"2026-06-19 03:21:36"}
{"level":"info","message":"HTTP Request: GET /ids - Status: 401 - Duration: 1ms - IP: ::1","timestamp":"2026-06-19 03:21:36"}
{"level":"info","message":"HTTP Request: GET /seller/6a3435a4efb989c2939b656d - Status: 304 - Duration: 16ms - IP: ::1","timestamp":"2026-06-19 03:21:36"}
{"level":"info","message":"HTTP Request: GET /6a344c9de124fea1fddb18f0 - Status: 200 - Duration: 15ms - IP: ::1","timestamp":"2026-06-19 03:21:36"}
{"level":"info","message":"HTTP Request: GET /6a3435a4efb989c2939b656d/check - Status: 401 - Duration: 1ms - IP: ::1","timestamp":"2026-06-19 03:21:36"}
{"level":"info","message":"HTTP Request: POST /refresh - Status: 401 - Duration: 0ms - IP: ::1","timestamp":"2026-06-19 03:21:36"}
{"level":"info","message":"HTTP Request: GET /6a344c9de124fea1fddb18f0 - Status: 200 - Duration: 4ms - IP: ::1","timestamp":"2026-06-19 03:21:36"}
{"level":"info","message":"HTTP Request: GET /seller/6a3435a4efb989c2939b656d - Status: 304 - Duration: 10ms - IP: ::1","timestamp":"2026-06-19 03:21:36"}
{"level":"info","message":"HTTP Request: GET /6a344c9de124fea1fddb18f0 - Status: 200 - Duration: 4ms - IP: ::1","timestamp":"2026-06-19 03:21:36"}
{"level":"info","message":"HTTP Request: GET /unread-count - Status: 401 - Duration: 1ms - IP: ::1","timestamp":"2026-06-19 03:22:20"}
{"level":"info","message":"HTTP Request: POST /refresh - Status: 401 - Duration: 1ms - IP: ::1","timestamp":"2026-06-19 03:22:25"}
{"level":"info","message":"HTTP Request: GET /unread-count - Status: 401 - Duration: 1ms - IP: ::1","timestamp":"2026-06-19 03:23:20"}
{"level":"info","message":"HTTP Request: POST /refresh - Status: 401 - Duration: 1ms - IP: ::1","timestamp":"2026-06-19 03:23:20"}
{"level":"info","message":"HTTP Request: GET /seller/6a3435a4efb989c2939b656d - Status: 304 - Duration: 6ms - IP: ::1","timestamp":"2026-06-19 03:23:50"}
{"level":"info","message":"HTTP Request: GET /seller/6a3435a4efb989c2939b656d - Status: 304 - Duration: 5ms - IP: ::1","timestamp":"2026-06-19 03:23:50"}
{"level":"info","message":"HTTP Request: GET /unread-count - Status: 401 - Duration: 0ms - IP: ::1","timestamp":"2026-06-19 03:24:20"}
{"level":"info","message":"HTTP Request: POST /refresh - Status: 401 - Duration: 0ms - IP: ::1","timestamp":"2026-06-19 03:24:20"}
{"level":"info","message":"HTTP Request: GET /seller/6a3435a4efb989c2939b656d - Status: 304 - Duration: 4ms - IP: ::1","timestamp":"2026-06-19 03:24:31"}
{"level":"info","message":"HTTP Request: GET /seller/6a3435a4efb989c2939b656d - Status: 304 - Duration: 4ms - IP: ::1","timestamp":"2026-06-19 03:24:31"}
{"level":"info","message":"HTTP Request: GET /unread-count - Status: 401 - Duration: 1ms - IP: ::1","timestamp":"2026-06-19 03:25:26"}
{"level":"info","message":"HTTP Request: POST /refresh - Status: 401 - Duration: 1ms - IP: ::1","timestamp":"2026-06-19 03:25:28"}
{"level":"info","message":"HTTP Request: GET /unread-count - Status: 401 - Duration: 1ms - IP: ::1","timestamp":"2026-06-19 03:26:27"}
{"level":"info","message":"HTTP Request: POST /refresh - Status: 401 - Duration: 0ms - IP: ::1","timestamp":"2026-06-19 03:26:30"}
{"level":"info","message":"HTTP Request: POST /logout - Status: 200 - Duration: 2ms - IP: ::1","timestamp":"2026-06-19 03:27:00"}
{"level":"info","message":"HTTP Request: GET /?limit=20 - Status: 304 - Duration: 7ms - IP: ::1","timestamp":"2026-06-19 03:27:00"}
{"level":"info","message":"HTTP Request: GET /?limit=20 - Status: 304 - Duration: 7ms - IP: ::1","timestamp":"2026-06-19 03:27:00"}
{"level":"info","message":"HTTP Request: GET /?limit=17&hasActive=true - Status: 200 - Duration: 22ms - IP: ::1","timestamp":"2026-06-19 03:27:00"}
{"level":"info","message":"HTTP Request: GET /fishermen/leaderboard - Status: 200 - Duration: 17ms - IP: ::1","timestamp":"2026-06-19 03:27:00"}
{"level":"info","message":"HTTP Request: GET /fishermen/leaderboard - Status: 304 - Duration: 25ms - IP: ::1","timestamp":"2026-06-19 03:27:00"}
{"level":"info","message":"🔑 [MOCK GOOGLE LOGIN] Email=admin@haisan.vn, Name=Mock User (admin)","timestamp":"2026-06-19 03:27:02"}
{"level":"info","message":"✨ Auto-promoted existing user to Admin: Email=admin@haisan.vn","timestamp":"2026-06-19 03:27:02"}
{"level":"info","message":"🚪 Existing Google User logged in: ID=6a344a94b92649c6f69df080, Email=admin@haisan.vn","timestamp":"2026-06-19 03:27:02"}
{"level":"info","message":"HTTP Request: POST /google - Status: 200 - Duration: 14ms - IP: ::1","timestamp":"2026-06-19 03:27:02"}
{"level":"info","message":"HTTP Request: GET /unread-count - Status: 200 - Duration: 5ms - IP: ::1","timestamp":"2026-06-19 03:27:02"}
{"level":"info","message":"HTTP Request: GET / - Status: 304 - Duration: 10ms - IP: ::1","timestamp":"2026-06-19 03:27:02"}
{"level":"info","message":"HTTP Request: GET / - Status: 304 - Duration: 9ms - IP: ::1","timestamp":"2026-06-19 03:27:02"}
{"level":"info","message":"HTTP Request: GET /stats - Status: 200 - Duration: 32ms - IP: ::1","timestamp":"2026-06-19 03:27:02"}
{"level":"info","message":"HTTP Request: GET /users - Status: 200 - Duration: 24ms - IP: ::1","timestamp":"2026-06-19 03:27:02"}
{"level":"info","message":"HTTP Request: GET /listings - Status: 200 - Duration: 34ms - IP: ::1","timestamp":"2026-06-19 03:27:02"}
{"level":"info","message":"HTTP Request: GET /stats - Status: 304 - Duration: 17ms - IP: ::1","timestamp":"2026-06-19 03:27:02"}
{"level":"info","message":"HTTP Request: GET /users - Status: 304 - Duration: 17ms - IP: ::1","timestamp":"2026-06-19 03:27:02"}
{"level":"info","message":"HTTP Request: GET /listings - Status: 304 - Duration: 13ms - IP: ::1","timestamp":"2026-06-19 03:27:02"}
{"level":"info","message":"HTTP Request: GET /stats - Status: 304 - Duration: 13ms - IP: ::1","timestamp":"2026-06-19 03:27:02"}
{"level":"info","message":"HTTP Request: GET /users - Status: 304 - Duration: 20ms - IP: ::1","timestamp":"2026-06-19 03:27:02"}
{"level":"info","message":"HTTP Request: GET /listings - Status: 304 - Duration: 19ms - IP: ::1","timestamp":"2026-06-19 03:27:02"}
{"level":"info","message":"HTTP Request: GET /stats - Status: 304 - Duration: 14ms - IP: ::1","timestamp":"2026-06-19 03:27:02"}
{"level":"info","message":"HTTP Request: GET /users - Status: 304 - Duration: 18ms - IP: ::1","timestamp":"2026-06-19 03:27:02"}
{"level":"info","message":"HTTP Request: GET /listings - Status: 304 - Duration: 16ms - IP: ::1","timestamp":"2026-06-19 03:27:02"}
{"level":"info","message":"HTTP Request: GET /stats - Status: 304 - Duration: 14ms - IP: ::1","timestamp":"2026-06-19 03:27:02"}
{"level":"info","message":"HTTP Request: GET /users - Status: 304 - Duration: 15ms - IP: ::1","timestamp":"2026-06-19 03:27:02"}
{"level":"info","message":"HTTP Request: GET /listings - Status: 304 - Duration: 16ms - IP: ::1","timestamp":"2026-06-19 03:27:02"}
{"level":"info","message":"HTTP Request: GET /stats - Status: 304 - Duration: 14ms - IP: ::1","timestamp":"2026-06-19 03:27:02"}
{"level":"info","message":"HTTP Request: GET /users - Status: 304 - Duration: 16ms - IP: ::1","timestamp":"2026-06-19 03:27:02"}
{"level":"info","message":"HTTP Request: GET /listings - Status: 304 - Duration: 22ms - IP: ::1","timestamp":"2026-06-19 03:27:02"}
{"level":"info","message":"HTTP Request: GET /stats - Status: 304 - Duration: 16ms - IP: ::1","timestamp":"2026-06-19 03:27:02"}
{"level":"info","message":"HTTP Request: GET /users - Status: 304 - Duration: 20ms - IP: ::1","timestamp":"2026-06-19 03:27:02"}
{"level":"info","message":"HTTP Request: GET /listings - Status: 304 - Duration: 17ms - IP: ::1","timestamp":"2026-06-19 03:27:02"}
{"level":"info","message":"HTTP Request: GET /stats - Status: 304 - Duration: 13ms - IP: ::1","timestamp":"2026-06-19 03:27:02"}
{"level":"info","message":"HTTP Request: GET /listings - Status: 304 - Duration: 16ms - IP: ::1","timestamp":"2026-06-19 03:27:02"}
{"level":"info","message":"HTTP Request: GET /users - Status: 304 - Duration: 20ms - IP: ::1","timestamp":"2026-06-19 03:27:02"}
{"level":"info","message":"HTTP Request: GET /stats - Status: 304 - Duration: 15ms - IP: ::1","timestamp":"2026-06-19 03:27:03"}
{"level":"info","message":"HTTP Request: GET /listings - Status: 304 - Duration: 15ms - IP: ::1","timestamp":"2026-06-19 03:27:03"}
{"level":"info","message":"HTTP Request: GET /users - Status: 304 - Duration: 20ms - IP: ::1","timestamp":"2026-06-19 03:27:03"}
{"level":"info","message":"HTTP Request: GET /stats - Status: 304 - Duration: 13ms - IP: ::1","timestamp":"2026-06-19 03:27:03"}
{"level":"info","message":"HTTP Request: GET /listings - Status: 304 - Duration: 16ms - IP: ::1","timestamp":"2026-06-19 03:27:03"}
{"level":"info","message":"HTTP Request: GET /users - Status: 304 - Duration: 32ms - IP: ::1","timestamp":"2026-06-19 03:27:03"}
{"level":"info","message":"HTTP Request: GET /stats - Status: 304 - Duration: 15ms - IP: ::1","timestamp":"2026-06-19 03:27:03"}
{"level":"info","message":"HTTP Request: GET /users - Status: 304 - Duration: 18ms - IP: ::1","timestamp":"2026-06-19 03:27:03"}
{"level":"info","message":"HTTP Request: GET /listings - Status: 304 - Duration: 17ms - IP: ::1","timestamp":"2026-06-19 03:27:03"}
{"level":"info","message":"HTTP Request: GET /stats - Status: 304 - Duration: 13ms - IP: ::1","timestamp":"2026-06-19 03:27:03"}
{"level":"info","message":"HTTP Request: GET /users - Status: 304 - Duration: 22ms - IP: ::1","timestamp":"2026-06-19 03:27:03"}
{"level":"info","message":"HTTP Request: GET /listings - Status: 304 - Duration: 17ms - IP: ::1","timestamp":"2026-06-19 03:27:03"}
{"level":"info","message":"HTTP Request: GET /stats - Status: 304 - Duration: 14ms - IP: ::1","timestamp":"2026-06-19 03:27:03"}
{"level":"info","message":"HTTP Request: GET /listings - Status: 304 - Duration: 16ms - IP: ::1","timestamp":"2026-06-19 03:27:03"}
{"level":"info","message":"HTTP Request: GET /users - Status: 304 - Duration: 17ms - IP: ::1","timestamp":"2026-06-19 03:27:03"}
{"level":"info","message":"HTTP Request: GET /stats - Status: 304 - Duration: 12ms - IP: ::1","timestamp":"2026-06-19 03:27:03"}
{"level":"info","message":"HTTP Request: GET /users - Status: 304 - Duration: 14ms - IP: ::1","timestamp":"2026-06-19 03:27:03"}
{"level":"info","message":"HTTP Request: GET /listings - Status: 304 - Duration: 14ms - IP: ::1","timestamp":"2026-06-19 03:27:03"}
{"level":"info","message":"HTTP Request: GET /stats - Status: 304 - Duration: 13ms - IP: ::1","timestamp":"2026-06-19 03:27:03"}
{"level":"info","message":"HTTP Request: GET /users - Status: 304 - Duration: 16ms - IP: ::1","timestamp":"2026-06-19 03:27:03"}
{"level":"info","message":"HTTP Request: GET /listings - Status: 304 - Duration: 15ms - IP: ::1","timestamp":"2026-06-19 03:27:03"}
{"level":"info","message":"HTTP Request: GET /stats - Status: 304 - Duration: 13ms - IP: ::1","timestamp":"2026-06-19 03:27:03"}
{"level":"info","message":"HTTP Request: GET /users - Status: 304 - Duration: 15ms - IP: ::1","timestamp":"2026-06-19 03:27:03"}
{"level":"info","message":"HTTP Request: GET /listings - Status: 304 - Duration: 15ms - IP: ::1","timestamp":"2026-06-19 03:27:03"}
{"level":"info","message":"HTTP Request: GET /stats - Status: 304 - Duration: 12ms - IP: ::1","timestamp":"2026-06-19 03:27:03"}
{"level":"info","message":"HTTP Request: GET /users - Status: 304 - Duration: 12ms - IP: ::1","timestamp":"2026-06-19 03:27:03"}
{"level":"info","message":"HTTP Request: GET /listings - Status: 304 - Duration: 17ms - IP: ::1","timestamp":"2026-06-19 03:27:03"}
{"level":"info","message":"HTTP Request: GET /stats - Status: 304 - Duration: 14ms - IP: ::1","timestamp":"2026-06-19 03:27:03"}
{"level":"info","message":"HTTP Request: GET /users - Status: 304 - Duration: 20ms - IP: ::1","timestamp":"2026-06-19 03:27:03"}
{"level":"info","message":"HTTP Request: GET /listings - Status: 304 - Duration: 17ms - IP: ::1","timestamp":"2026-06-19 03:27:03"}
{"level":"info","message":"HTTP Request: GET /stats - Status: 304 - Duration: 13ms - IP: ::1","timestamp":"2026-06-19 03:27:03"}
{"level":"info","message":"HTTP Request: GET /users - Status: 304 - Duration: 15ms - IP: ::1","timestamp":"2026-06-19 03:27:03"}
{"level":"info","message":"HTTP Request: GET /listings - Status: 304 - Duration: 13ms - IP: ::1","timestamp":"2026-06-19 03:27:03"}
{"level":"info","message":"HTTP Request: GET /stats - Status: 304 - Duration: 11ms - IP: ::1","timestamp":"2026-06-19 03:27:03"}
{"level":"info","message":"HTTP Request: GET /users - Status: 304 - Duration: 15ms - IP: ::1","timestamp":"2026-06-19 03:27:03"}
{"level":"info","message":"HTTP Request: GET /listings - Status: 304 - Duration: 14ms - IP: ::1","timestamp":"2026-06-19 03:27:03"}
{"level":"info","message":"HTTP Request: GET /stats - Status: 304 - Duration: 11ms - IP: ::1","timestamp":"2026-06-19 03:27:03"}
{"level":"info","message":"HTTP Request: GET /users - Status: 304 - Duration: 14ms - IP: ::1","timestamp":"2026-06-19 03:27:03"}
{"level":"info","message":"HTTP Request: GET /listings - Status: 304 - Duration: 14ms - IP: ::1","timestamp":"2026-06-19 03:27:03"}
{"level":"info","message":"HTTP Request: GET /stats - Status: 304 - Duration: 12ms - IP: ::1","timestamp":"2026-06-19 03:27:03"}
{"level":"info","message":"HTTP Request: GET /users - Status: 304 - Duration: 15ms - IP: ::1","timestamp":"2026-06-19 03:27:03"}
{"level":"info","message":"HTTP Request: GET /listings - Status: 304 - Duration: 13ms - IP: ::1","timestamp":"2026-06-19 03:27:03"}
{"level":"info","message":"HTTP Request: GET /stats - Status: 304 - Duration: 14ms - IP: ::1","timestamp":"2026-06-19 03:27:03"}
{"level":"info","message":"HTTP Request: GET /users - Status: 304 - Duration: 19ms - IP: ::1","timestamp":"2026-06-19 03:27:03"}
{"level":"info","message":"HTTP Request: GET /listings - Status: 304 - Duration: 16ms - IP: ::1","timestamp":"2026-06-19 03:27:03"}
{"level":"info","message":"HTTP Request: GET /stats - Status: 304 - Duration: 12ms - IP: ::1","timestamp":"2026-06-19 03:27:03"}
{"level":"info","message":"HTTP Request: GET /users - Status: 304 - Duration: 16ms - IP: ::1","timestamp":"2026-06-19 03:27:03"}
{"level":"info","message":"HTTP Request: GET /listings - Status: 304 - Duration: 14ms - IP: ::1","timestamp":"2026-06-19 03:27:03"}
{"level":"info","message":"HTTP Request: GET /stats - Status: 304 - Duration: 14ms - IP: ::1","timestamp":"2026-06-19 03:27:03"}
{"level":"info","message":"HTTP Request: GET /users - Status: 304 - Duration: 17ms - IP: ::1","timestamp":"2026-06-19 03:27:03"}
{"level":"info","message":"HTTP Request: GET /listings - Status: 304 - Duration: 13ms - IP: ::1","timestamp":"2026-06-19 03:27:03"}
{"level":"info","message":"HTTP Request: GET /stats - Status: 304 - Duration: 11ms - IP: ::1","timestamp":"2026-06-19 03:27:03"}
{"level":"info","message":"HTTP Request: GET /users - Status: 304 - Duration: 17ms - IP: ::1","timestamp":"2026-06-19 03:27:03"}
{"level":"info","message":"HTTP Request: GET /listings - Status: 304 - Duration: 15ms - IP: ::1","timestamp":"2026-06-19 03:27:03"}
{"level":"info","message":"HTTP Request: GET /stats - Status: 304 - Duration: 17ms - IP: ::1","timestamp":"2026-06-19 03:27:03"}
{"level":"info","message":"HTTP Request: GET /listings - Status: 304 - Duration: 22ms - IP: ::1","timestamp":"2026-06-19 03:27:03"}
{"level":"info","message":"HTTP Request: GET /users - Status: 304 - Duration: 30ms - IP: ::1","timestamp":"2026-06-19 03:27:03"}
{"level":"info","message":"HTTP Request: GET /stats - Status: 304 - Duration: 13ms - IP: ::1","timestamp":"2026-06-19 03:27:04"}
{"level":"info","message":"HTTP Request: GET /users - Status: 304 - Duration: 18ms - IP: ::1","timestamp":"2026-06-19 03:27:04"}
{"level":"info","message":"HTTP Request: GET /listings - Status: 304 - Duration: 18ms - IP: ::1","timestamp":"2026-06-19 03:27:04"}
{"level":"info","message":"HTTP Request: GET /stats - Status: 304 - Duration: 12ms - IP: ::1","timestamp":"2026-06-19 03:27:04"}
{"level":"info","message":"HTTP Request: GET /users - Status: 304 - Duration: 16ms - IP: ::1","timestamp":"2026-06-19 03:27:04"}
{"level":"info","message":"HTTP Request: GET /listings - Status: 304 - Duration: 15ms - IP: ::1","timestamp":"2026-06-19 03:27:04"}
{"level":"info","message":"HTTP Request: GET /stats - Status: 304 - Duration: 13ms - IP: ::1","timestamp":"2026-06-19 03:27:04"}
{"level":"info","message":"HTTP Request: GET /users - Status: 304 - Duration: 14ms - IP: ::1","timestamp":"2026-06-19 03:27:04"}
{"level":"info","message":"HTTP Request: GET /listings - Status: 304 - Duration: 14ms - IP: ::1","timestamp":"2026-06-19 03:27:04"}
{"level":"info","message":"HTTP Request: GET /stats - Status: 304 - Duration: 11ms - IP: ::1","timestamp":"2026-06-19 03:27:04"}
{"level":"info","message":"HTTP Request: GET /users - Status: 304 - Duration: 17ms - IP: ::1","timestamp":"2026-06-19 03:27:04"}
{"level":"info","message":"HTTP Request: GET /listings - Status: 304 - Duration: 17ms - IP: ::1","timestamp":"2026-06-19 03:27:04"}
{"level":"info","message":"HTTP Request: GET /stats - Status: 304 - Duration: 14ms - IP: ::1","timestamp":"2026-06-19 03:27:04"}
{"level":"info","message":"HTTP Request: GET /users - Status: 304 - Duration: 16ms - IP: ::1","timestamp":"2026-06-19 03:27:04"}
{"level":"info","message":"HTTP Request: GET /listings - Status: 304 - Duration: 13ms - IP: ::1","timestamp":"2026-06-19 03:27:04"}
{"level":"info","message":"HTTP Request: GET /stats - Status: 304 - Duration: 13ms - IP: ::1","timestamp":"2026-06-19 03:27:04"}
{"level":"info","message":"HTTP Request: GET /listings - Status: 304 - Duration: 14ms - IP: ::1","timestamp":"2026-06-19 03:27:04"}
{"level":"info","message":"HTTP Request: GET /users - Status: 304 - Duration: 20ms - IP: ::1","timestamp":"2026-06-19 03:27:04"}
{"level":"info","message":"HTTP Request: GET /stats - Status: 304 - Duration: 14ms - IP: ::1","timestamp":"2026-06-19 03:27:04"}
{"level":"info","message":"HTTP Request: GET /users - Status: 304 - Duration: 16ms - IP: ::1","timestamp":"2026-06-19 03:27:04"}
{"level":"info","message":"HTTP Request: GET /listings - Status: 304 - Duration: 15ms - IP: ::1","timestamp":"2026-06-19 03:27:04"}
{"level":"info","message":"HTTP Request: GET /stats - Status: 304 - Duration: 13ms - IP: ::1","timestamp":"2026-06-19 03:27:04"}
{"level":"info","message":"HTTP Request: GET /users - Status: 304 - Duration: 14ms - IP: ::1","timestamp":"2026-06-19 03:27:04"}
{"level":"info","message":"HTTP Request: GET /listings - Status: 304 - Duration: 14ms - IP: ::1","timestamp":"2026-06-19 03:27:04"}
{"level":"info","message":"HTTP Request: GET /stats - Status: 304 - Duration: 12ms - IP: ::1","timestamp":"2026-06-19 03:27:04"}
{"level":"info","message":"HTTP Request: GET /listings - Status: 304 - Duration: 13ms - IP: ::1","timestamp":"2026-06-19 03:27:04"}
{"level":"info","message":"HTTP Request: GET /users - Status: 304 - Duration: 17ms - IP: ::1","timestamp":"2026-06-19 03:27:04"}
{"level":"info","message":"HTTP Request: GET /stats - Status: 304 - Duration: 11ms - IP: ::1","timestamp":"2026-06-19 03:27:04"}
{"level":"info","message":"HTTP Request: GET /users - Status: 304 - Duration: 17ms - IP: ::1","timestamp":"2026-06-19 03:27:04"}
{"level":"info","message":"HTTP Request: GET /listings - Status: 304 - Duration: 15ms - IP: ::1","timestamp":"2026-06-19 03:27:04"}
{"level":"info","message":"HTTP Request: GET /stats - Status: 304 - Duration: 14ms - IP: ::1","timestamp":"2026-06-19 03:27:04"}
{"level":"info","message":"HTTP Request: GET /users - Status: 304 - Duration: 16ms - IP: ::1","timestamp":"2026-06-19 03:27:04"}
{"level":"info","message":"HTTP Request: GET /listings - Status: 304 - Duration: 17ms - IP: ::1","timestamp":"2026-06-19 03:27:04"}
{"level":"info","message":"HTTP Request: GET /stats - Status: 304 - Duration: 13ms - IP: ::1","timestamp":"2026-06-19 03:27:04"}
{"level":"info","message":"HTTP Request: GET /users - Status: 304 - Duration: 16ms - IP: ::1","timestamp":"2026-06-19 03:27:04"}
{"level":"info","message":"HTTP Request: GET /listings - Status: 304 - Duration: 15ms - IP: ::1","timestamp":"2026-06-19 03:27:04"}
{"level":"info","message":"HTTP Request: GET /stats - Status: 304 - Duration: 14ms - IP: ::1","timestamp":"2026-06-19 03:27:04"}
{"level":"info","message":"HTTP Request: GET /users - Status: 304 - Duration: 15ms - IP: ::1","timestamp":"2026-06-19 03:27:04"}
{"level":"info","message":"HTTP Request: GET /listings - Status: 304 - Duration: 14ms - IP: ::1","timestamp":"2026-06-19 03:27:04"}
{"level":"info","message":"HTTP Request: GET /stats - Status: 304 - Duration: 12ms - IP: ::1","timestamp":"2026-06-19 03:27:04"}
{"level":"info","message":"HTTP Request: GET /users - Status: 304 - Duration: 18ms - IP: ::1","timestamp":"2026-06-19 03:27:04"}
{"level":"info","message":"HTTP Request: GET /listings - Status: 304 - Duration: 16ms - IP: ::1","timestamp":"2026-06-19 03:27:04"}
{"level":"info","message":"HTTP Request: GET /stats - Status: 304 - Duration: 15ms - IP: ::1","timestamp":"2026-06-19 03:27:04"}
{"level":"info","message":"HTTP Request: GET /users - Status: 304 - Duration: 15ms - IP: ::1","timestamp":"2026-06-19 03:27:04"}
{"level":"info","message":"HTTP Request: GET /listings - Status: 304 - Duration: 15ms - IP: ::1","timestamp":"2026-06-19 03:27:04"}
{"level":"info","message":"HTTP Request: GET /stats - Status: 304 - Duration: 14ms - IP: ::1","timestamp":"2026-06-19 03:27:04"}
{"level":"info","message":"HTTP Request: GET /users - Status: 304 - Duration: 14ms - IP: ::1","timestamp":"2026-06-19 03:27:04"}
{"level":"info","message":"HTTP Request: GET /listings - Status: 304 - Duration: 14ms - IP: ::1","timestamp":"2026-06-19 03:27:04"}
{"level":"info","message":"HTTP Request: GET /stats - Status: 304 - Duration: 11ms - IP: ::1","timestamp":"2026-06-19 03:27:04"}
{"level":"info","message":"HTTP Request: GET /users - Status: 304 - Duration: 17ms - IP: ::1","timestamp":"2026-06-19 03:27:04"}
{"level":"info","message":"HTTP Request: GET /listings - Status: 304 - Duration: 16ms - IP: ::1","timestamp":"2026-06-19 03:27:04"}
{"level":"info","message":"HTTP Request: GET /stats - Status: 304 - Duration: 12ms - IP: ::1","timestamp":"2026-06-19 03:27:04"}
{"level":"info","message":"HTTP Request: GET /listings - Status: 304 - Duration: 13ms - IP: ::1","timestamp":"2026-06-19 03:27:04"}
{"level":"info","message":"HTTP Request: GET /users - Status: 304 - Duration: 18ms - IP: ::1","timestamp":"2026-06-19 03:27:04"}
{"level":"info","message":"HTTP Request: GET /stats - Status: 304 - Duration: 12ms - IP: ::1","timestamp":"2026-06-19 03:27:04"}
{"level":"info","message":"HTTP Request: GET /users - Status: 304 - Duration: 15ms - IP: ::1","timestamp":"2026-06-19 03:27:04"}
{"level":"info","message":"HTTP Request: GET /listings - Status: 304 - Duration: 14ms - IP: ::1","timestamp":"2026-06-19 03:27:04"}
{"level":"info","message":"HTTP Request: GET /stats - Status: 304 - Duration: 13ms - IP: ::1","timestamp":"2026-06-19 03:27:04"}
{"level":"info","message":"HTTP Request: GET /users - Status: 304 - Duration: 16ms - IP: ::1","timestamp":"2026-06-19 03:27:04"}
{"level":"info","message":"HTTP Request: GET /listings - Status: 304 - Duration: 16ms - IP: ::1","timestamp":"2026-06-19 03:27:04"}
{"level":"info","message":"HTTP Request: GET /stats - Status: 304 - Duration: 10ms - IP: ::1","timestamp":"2026-06-19 03:27:04"}
{"level":"info","message":"HTTP Request: GET /users - Status: 304 - Duration: 15ms - IP: ::1","timestamp":"2026-06-19 03:27:04"}
{"level":"info","message":"HTTP Request: GET /listings - Status: 304 - Duration: 15ms - IP: ::1","timestamp":"2026-06-19 03:27:04"}
{"level":"info","message":"HTTP Request: GET /stats - Status: 304 - Duration: 13ms - IP: ::1","timestamp":"2026-06-19 03:27:04"}
{"level":"info","message":"HTTP Request: GET /listings - Status: 304 - Duration: 14ms - IP: ::1","timestamp":"2026-06-19 03:27:04"}
{"level":"info","message":"HTTP Request: GET /users - Status: 304 - Duration: 16ms - IP: ::1","timestamp":"2026-06-19 03:27:04"}
{"level":"info","message":"HTTP Request: GET /stats - Status: 304 - Duration: 11ms - IP: ::1","timestamp":"2026-06-19 03:27:05"}
{"level":"info","message":"HTTP Request: GET /listings - Status: 304 - Duration: 16ms - IP: ::1","timestamp":"2026-06-19 03:27:05"}
{"level":"info","message":"HTTP Request: GET /users - Status: 304 - Duration: 17ms - IP: ::1","timestamp":"2026-06-19 03:27:05"}
{"level":"info","message":"HTTP Request: GET /stats - Status: 304 - Duration: 13ms - IP: ::1","timestamp":"2026-06-19 03:27:05"}
{"level":"info","message":"HTTP Request: GET /users - Status: 304 - Duration: 14ms - IP: ::1","timestamp":"2026-06-19 03:27:05"}
{"level":"info","message":"HTTP Request: GET /listings - Status: 304 - Duration: 12ms - IP: ::1","timestamp":"2026-06-19 03:27:05"}
{"level":"info","message":"HTTP Request: GET /stats - Status: 304 - Duration: 13ms - IP: ::1","timestamp":"2026-06-19 03:27:05"}
{"level":"info","message":"HTTP Request: GET /listings - Status: 304 - Duration: 13ms - IP: ::1","timestamp":"2026-06-19 03:27:05"}
{"level":"info","message":"HTTP Request: GET /users - Status: 304 - Duration: 18ms - IP: ::1","timestamp":"2026-06-19 03:27:05"}
{"level":"info","message":"HTTP Request: GET /stats - Status: 304 - Duration: 11ms - IP: ::1","timestamp":"2026-06-19 03:27:05"}
{"level":"info","message":"HTTP Request: GET /users - Status: 304 - Duration: 13ms - IP: ::1","timestamp":"2026-06-19 03:27:05"}
{"level":"info","message":"HTTP Request: GET /listings - Status: 304 - Duration: 12ms - IP: ::1","timestamp":"2026-06-19 03:27:05"}
{"level":"info","message":"HTTP Request: GET /stats - Status: 304 - Duration: 14ms - IP: ::1","timestamp":"2026-06-19 03:27:05"}
{"level":"info","message":"HTTP Request: GET /listings - Status: 304 - Duration: 16ms - IP: ::1","timestamp":"2026-06-19 03:27:05"}
{"level":"info","message":"HTTP Request: GET /users - Status: 304 - Duration: 20ms - IP: ::1","timestamp":"2026-06-19 03:27:05"}
{"level":"info","message":"HTTP Request: GET /stats - Status: 304 - Duration: 12ms - IP: ::1","timestamp":"2026-06-19 03:27:05"}
{"level":"info","message":"HTTP Request: GET /users - Status: 304 - Duration: 16ms - IP: ::1","timestamp":"2026-06-19 03:27:05"}
{"level":"info","message":"HTTP Request: GET /listings - Status: 304 - Duration: 14ms - IP: ::1","timestamp":"2026-06-19 03:27:05"}
{"level":"info","message":"HTTP Request: GET /stats - Status: 304 - Duration: 11ms - IP: ::1","timestamp":"2026-06-19 03:27:05"}
{"level":"info","message":"HTTP Request: GET /users - Status: 304 - Duration: 13ms - IP: ::1","timestamp":"2026-06-19 03:27:05"}
{"level":"info","message":"HTTP Request: GET /listings - Status: 304 - Duration: 12ms - IP: ::1","timestamp":"2026-06-19 03:27:05"}
{"level":"info","message":"HTTP Request: GET /stats - Status: 304 - Duration: 11ms - IP: ::1","timestamp":"2026-06-19 03:27:05"}
{"level":"info","message":"HTTP Request: GET /users - Status: 304 - Duration: 16ms - IP: ::1","timestamp":"2026-06-19 03:27:05"}
{"level":"info","message":"HTTP Request: GET /listings - Status: 304 - Duration: 14ms - IP: ::1","timestamp":"2026-06-19 03:27:05"}
{"level":"info","message":"HTTP Request: GET /stats - Status: 304 - Duration: 11ms - IP: ::1","timestamp":"2026-06-19 03:27:05"}
{"level":"info","message":"HTTP Request: GET /users - Status: 304 - Duration: 15ms - IP: ::1","timestamp":"2026-06-19 03:27:05"}
{"level":"info","message":"HTTP Request: GET /listings - Status: 304 - Duration: 13ms - IP: ::1","timestamp":"2026-06-19 03:27:05"}
{"level":"info","message":"HTTP Request: GET /stats - Status: 304 - Duration: 13ms - IP: ::1","timestamp":"2026-06-19 03:27:05"}
{"level":"info","message":"HTTP Request: GET /users - Status: 304 - Duration: 15ms - IP: ::1","timestamp":"2026-06-19 03:27:05"}
{"level":"info","message":"HTTP Request: GET /listings - Status: 304 - Duration: 13ms - IP: ::1","timestamp":"2026-06-19 03:27:05"}
{"level":"info","message":"HTTP Request: GET /stats - Status: 304 - Duration: 13ms - IP: ::1","timestamp":"2026-06-19 03:27:05"}
{"level":"info","message":"HTTP Request: GET /users - Status: 304 - Duration: 15ms - IP: ::1","timestamp":"2026-06-19 03:27:05"}
{"level":"info","message":"HTTP Request: GET /listings - Status: 304 - Duration: 14ms - IP: ::1","timestamp":"2026-06-19 03:27:05"}
{"level":"info","message":"HTTP Request: GET /stats - Status: 304 - Duration: 12ms - IP: ::1","timestamp":"2026-06-19 03:27:05"}
{"level":"info","message":"HTTP Request: GET /listings - Status: 304 - Duration: 13ms - IP: ::1","timestamp":"2026-06-19 03:27:05"}
{"level":"info","message":"HTTP Request: GET /users - Status: 304 - Duration: 14ms - IP: ::1","timestamp":"2026-06-19 03:27:05"}
{"level":"info","message":"HTTP Request: GET /stats - Status: 304 - Duration: 13ms - IP: ::1","timestamp":"2026-06-19 03:27:05"}
{"level":"info","message":"HTTP Request: GET /users - Status: 304 - Duration: 16ms - IP: ::1","timestamp":"2026-06-19 03:27:05"}
{"level":"info","message":"HTTP Request: GET /listings - Status: 304 - Duration: 15ms - IP: ::1","timestamp":"2026-06-19 03:27:05"}
{"level":"info","message":"HTTP Request: GET /stats - Status: 304 - Duration: 12ms - IP: ::1","timestamp":"2026-06-19 03:27:05"}
{"level":"info","message":"HTTP Request: GET /listings - Status: 304 - Duration: 15ms - IP: ::1","timestamp":"2026-06-19 03:27:05"}
{"level":"info","message":"HTTP Request: GET /users - Status: 304 - Duration: 20ms - IP: ::1","timestamp":"2026-06-19 03:27:05"}
{"level":"info","message":"HTTP Request: GET /stats - Status: 304 - Duration: 12ms - IP: ::1","timestamp":"2026-06-19 03:27:05"}
{"level":"info","message":"HTTP Request: GET /listings - Status: 304 - Duration: 18ms - IP: ::1","timestamp":"2026-06-19 03:27:05"}
{"level":"info","message":"HTTP Request: GET /users - Status: 304 - Duration: 18ms - IP: ::1","timestamp":"2026-06-19 03:27:05"}
{"level":"info","message":"HTTP Request: GET /stats - Status: 304 - Duration: 12ms - IP: ::1","timestamp":"2026-06-19 03:27:05"}
{"level":"info","message":"HTTP Request: GET /users - Status: 304 - Duration: 16ms - IP: ::1","timestamp":"2026-06-19 03:27:05"}
{"level":"info","message":"HTTP Request: GET /listings - Status: 304 - Duration: 16ms - IP: ::1","timestamp":"2026-06-19 03:27:05"}
{"level":"info","message":"HTTP Request: GET /stats - Status: 304 - Duration: 14ms - IP: ::1","timestamp":"2026-06-19 03:27:05"}
{"level":"info","message":"HTTP Request: GET /listings - Status: 304 - Duration: 12ms - IP: ::1","timestamp":"2026-06-19 03:27:05"}
{"level":"info","message":"HTTP Request: GET /users - Status: 304 - Duration: 20ms - IP: ::1","timestamp":"2026-06-19 03:27:05"}
{"level":"info","message":"HTTP Request: GET /stats - Status: 304 - Duration: 14ms - IP: ::1","timestamp":"2026-06-19 03:27:05"}
{"level":"info","message":"HTTP Request: GET /listings - Status: 304 - Duration: 14ms - IP: ::1","timestamp":"2026-06-19 03:27:05"}
{"level":"info","message":"HTTP Request: GET /users - Status: 304 - Duration: 18ms - IP: ::1","timestamp":"2026-06-19 03:27:05"}
{"level":"info","message":"HTTP Request: GET /stats - Status: 304 - Duration: 15ms - IP: ::1","timestamp":"2026-06-19 03:27:05"}
{"level":"info","message":"HTTP Request: GET /users - Status: 304 - Duration: 19ms - IP: ::1","timestamp":"2026-06-19 03:27:05"}
{"level":"info","message":"HTTP Request: GET /listings - Status: 304 - Duration: 18ms - IP: ::1","timestamp":"2026-06-19 03:27:05"}
{"level":"info","message":"HTTP Request: GET /stats - Status: 304 - Duration: 10ms - IP: ::1","timestamp":"2026-06-19 03:27:05"}
{"level":"info","message":"HTTP Request: GET /listings - Status: 304 - Duration: 10ms - IP: ::1","timestamp":"2026-06-19 03:27:05"}
{"level":"info","message":"HTTP Request: GET /users - Status: 304 - Duration: 13ms - IP: ::1","timestamp":"2026-06-19 03:27:05"}
{"level":"info","message":"HTTP Request: GET /stats - Status: 304 - Duration: 10ms - IP: ::1","timestamp":"2026-06-19 03:27:06"}
{"level":"info","message":"HTTP Request: GET /listings - Status: 304 - Duration: 14ms - IP: ::1","timestamp":"2026-06-19 03:27:06"}
{"level":"info","message":"HTTP Request: GET /users - Status: 304 - Duration: 21ms - IP: ::1","timestamp":"2026-06-19 03:27:06"}
{"level":"info","message":"HTTP Request: GET /stats - Status: 304 - Duration: 10ms - IP: ::1","timestamp":"2026-06-19 03:27:06"}
{"level":"info","message":"HTTP Request: GET /users - Status: 304 - Duration: 11ms - IP: ::1","timestamp":"2026-06-19 03:27:06"}
{"level":"info","message":"HTTP Request: GET /listings - Status: 304 - Duration: 14ms - IP: ::1","timestamp":"2026-06-19 03:27:06"}
{"level":"info","message":"HTTP Request: GET /stats - Status: 304 - Duration: 9ms - IP: ::1","timestamp":"2026-06-19 03:27:06"}
{"level":"info","message":"HTTP Request: GET /listings - Status: 304 - Duration: 13ms - IP: ::1","timestamp":"2026-06-19 03:27:06"}
{"level":"info","message":"HTTP Request: GET /users - Status: 304 - Duration: 12ms - IP: ::1","timestamp":"2026-06-19 03:27:06"}
{"level":"info","message":"HTTP Request: GET /stats - Status: 304 - Duration: 38ms - IP: ::1","timestamp":"2026-06-19 03:27:06"}
{"level":"info","message":"HTTP Request: GET /users - Status: 304 - Duration: 31ms - IP: ::1","timestamp":"2026-06-19 03:27:06"}
{"level":"info","message":"HTTP Request: GET /listings - Status: 304 - Duration: 35ms - IP: ::1","timestamp":"2026-06-19 03:27:06"}
{"level":"info","message":"HTTP Request: GET /stats - Status: 304 - Duration: 13ms - IP: ::1","timestamp":"2026-06-19 03:27:06"}
{"level":"info","message":"HTTP Request: GET /users - Status: 304 - Duration: 12ms - IP: ::1","timestamp":"2026-06-19 03:27:06"}
{"level":"info","message":"HTTP Request: GET /listings - Status: 304 - Duration: 12ms - IP: ::1","timestamp":"2026-06-19 03:27:06"}
{"level":"info","message":"HTTP Request: GET /stats - Status: 304 - Duration: 11ms - IP: ::1","timestamp":"2026-06-19 03:27:06"}
{"level":"info","message":"HTTP Request: GET /listings - Status: 304 - Duration: 12ms - IP: ::1","timestamp":"2026-06-19 03:27:06"}
{"level":"info","message":"HTTP Request: GET /users - Status: 304 - Duration: 11ms - IP: ::1","timestamp":"2026-06-19 03:27:06"}
{"level":"info","message":"HTTP Request: GET /stats - Status: 304 - Duration: 9ms - IP: ::1","timestamp":"2026-06-19 03:27:06"}
{"level":"info","message":"HTTP Request: GET /users - Status: 304 - Duration: 15ms - IP: ::1","timestamp":"2026-06-19 03:27:06"}
{"level":"info","message":"HTTP Request: GET /listings - Status: 304 - Duration: 15ms - IP: ::1","timestamp":"2026-06-19 03:27:06"}
{"level":"info","message":"HTTP Request: GET /stats - Status: 304 - Duration: 10ms - IP: ::1","timestamp":"2026-06-19 03:27:06"}
{"level":"info","message":"HTTP Request: GET /listings - Status: 304 - Duration: 12ms - IP: ::1","timestamp":"2026-06-19 03:27:06"}
{"level":"info","message":"HTTP Request: GET /users - Status: 304 - Duration: 10ms - IP: ::1","timestamp":"2026-06-19 03:27:06"}
{"level":"info","message":"HTTP Request: GET /stats - Status: 304 - Duration: 16ms - IP: ::1","timestamp":"2026-06-19 03:27:06"}
{"level":"info","message":"HTTP Request: GET /users - Status: 304 - Duration: 12ms - IP: ::1","timestamp":"2026-06-19 03:27:06"}
{"level":"info","message":"HTTP Request: GET /listings - Status: 304 - Duration: 12ms - IP: ::1","timestamp":"2026-06-19 03:27:06"}
{"level":"info","message":"HTTP Request: GET /stats - Status: 304 - Duration: 11ms - IP: ::1","timestamp":"2026-06-19 03:27:06"}
{"level":"info","message":"HTTP Request: GET /users - Status: 304 - Duration: 14ms - IP: ::1","timestamp":"2026-06-19 03:27:06"}
{"level":"info","message":"HTTP Request: GET /listings - Status: 304 - Duration: 10ms - IP: ::1","timestamp":"2026-06-19 03:27:06"}
{"level":"info","message":"HTTP Request: GET /stats - Status: 304 - Duration: 12ms - IP: ::1","timestamp":"2026-06-19 03:27:06"}
{"level":"info","message":"HTTP Request: GET /users - Status: 304 - Duration: 10ms - IP: ::1","timestamp":"2026-06-19 03:27:06"}
{"level":"info","message":"HTTP Request: GET /listings - Status: 304 - Duration: 10ms - IP: ::1","timestamp":"2026-06-19 03:27:06"}
{"level":"info","message":"HTTP Request: GET /stats - Status: 304 - Duration: 11ms - IP: ::1","timestamp":"2026-06-19 03:27:06"}
{"level":"info","message":"HTTP Request: GET /listings - Status: 304 - Duration: 11ms - IP: ::1","timestamp":"2026-06-19 03:27:06"}
{"level":"info","message":"HTTP Request: GET /users - Status: 304 - Duration: 12ms - IP: ::1","timestamp":"2026-06-19 03:27:06"}
{"level":"info","message":"HTTP Request: GET /stats - Status: 304 - Duration: 9ms - IP: ::1","timestamp":"2026-06-19 03:27:06"}
{"level":"info","message":"HTTP Request: GET /users - Status: 304 - Duration: 14ms - IP: ::1","timestamp":"2026-06-19 03:27:06"}
{"level":"info","message":"HTTP Request: GET /listings - Status: 304 - Duration: 10ms - IP: ::1","timestamp":"2026-06-19 03:27:06"}
{"level":"info","message":"HTTP Request: GET /stats - Status: 304 - Duration: 14ms - IP: ::1","timestamp":"2026-06-19 03:27:06"}
{"level":"info","message":"HTTP Request: GET /listings - Status: 304 - Duration: 10ms - IP: ::1","timestamp":"2026-06-19 03:27:06"}
{"level":"info","message":"HTTP Request: GET /users - Status: 304 - Duration: 15ms - IP: ::1","timestamp":"2026-06-19 03:27:06"}
{"level":"info","message":"HTTP Request: GET /stats - Status: 304 - Duration: 8ms - IP: ::1","timestamp":"2026-06-19 03:27:06"}
{"level":"info","message":"HTTP Request: GET /listings - Status: 304 - Duration: 9ms - IP: ::1","timestamp":"2026-06-19 03:27:06"}
{"level":"info","message":"HTTP Request: GET /users - Status: 304 - Duration: 14ms - IP: ::1","timestamp":"2026-06-19 03:27:06"}
{"level":"info","message":"HTTP Request: GET /stats - Status: 304 - Duration: 12ms - IP: ::1","timestamp":"2026-06-19 03:27:06"}
{"level":"info","message":"HTTP Request: GET /listings - Status: 304 - Duration: 10ms - IP: ::1","timestamp":"2026-06-19 03:27:06"}
{"level":"info","message":"HTTP Request: GET /users - Status: 304 - Duration: 11ms - IP: ::1","timestamp":"2026-06-19 03:27:06"}
{"level":"info","message":"HTTP Request: GET /stats - Status: 304 - Duration: 16ms - IP: ::1","timestamp":"2026-06-19 03:27:06"}
{"level":"info","message":"HTTP Request: GET /listings - Status: 304 - Duration: 13ms - IP: ::1","timestamp":"2026-06-19 03:27:06"}
{"level":"info","message":"HTTP Request: GET /users - Status: 304 - Duration: 15ms - IP: ::1","timestamp":"2026-06-19 03:27:06"}
{"level":"info","message":"HTTP Request: GET /stats - Status: 304 - Duration: 9ms - IP: ::1","timestamp":"2026-06-19 03:27:06"}
{"level":"info","message":"HTTP Request: GET /listings - Status: 304 - Duration: 9ms - IP: ::1","timestamp":"2026-06-19 03:27:06"}
{"level":"info","message":"HTTP Request: GET /users - Status: 304 - Duration: 13ms - IP: ::1","timestamp":"2026-06-19 03:27:06"}
{"level":"info","message":"HTTP Request: GET /stats - Status: 304 - Duration: 9ms - IP: ::1","timestamp":"2026-06-19 03:27:06"}
{"level":"info","message":"HTTP Request: GET /users - Status: 304 - Duration: 12ms - IP: ::1","timestamp":"2026-06-19 03:27:06"}
{"level":"info","message":"HTTP Request: GET /listings - Status: 304 - Duration: 9ms - IP: ::1","timestamp":"2026-06-19 03:27:06"}
{"level":"info","message":"HTTP Request: GET /stats - Status: 304 - Duration: 9ms - IP: ::1","timestamp":"2026-06-19 03:27:06"}
{"level":"info","message":"HTTP Request: GET /listings - Status: 304 - Duration: 12ms - IP: ::1","timestamp":"2026-06-19 03:27:06"}
{"level":"info","message":"HTTP Request: GET /users - Status: 304 - Duration: 16ms - IP: ::1","timestamp":"2026-06-19 03:27:06"}
{"level":"info","message":"HTTP Request: GET /stats - Status: 304 - Duration: 10ms - IP: ::1","timestamp":"2026-06-19 03:27:07"}
{"level":"info","message":"HTTP Request: GET /listings - Status: 304 - Duration: 13ms - IP: ::1","timestamp":"2026-06-19 03:27:07"}
{"level":"info","message":"HTTP Request: GET /users - Status: 304 - Duration: 11ms - IP: ::1","timestamp":"2026-06-19 03:27:07"}
{"level":"info","message":"HTTP Request: GET /stats - Status: 304 - Duration: 9ms - IP: ::1","timestamp":"2026-06-19 03:27:07"}
{"level":"info","message":"HTTP Request: GET /listings - Status: 304 - Duration: 13ms - IP: ::1","timestamp":"2026-06-19 03:27:07"}
{"level":"info","message":"HTTP Request: GET /users - Status: 304 - Duration: 13ms - IP: ::1","timestamp":"2026-06-19 03:27:07"}
{"level":"info","message":"HTTP Request: GET /stats - Status: 304 - Duration: 9ms - IP: ::1","timestamp":"2026-06-19 03:27:07"}
{"level":"info","message":"HTTP Request: GET /users - Status: 304 - Duration: 15ms - IP: ::1","timestamp":"2026-06-19 03:27:07"}
{"level":"info","message":"HTTP Request: GET /listings - Status: 304 - Duration: 13ms - IP: ::1","timestamp":"2026-06-19 03:27:07"}
{"level":"info","message":"HTTP Request: GET /stats - Status: 304 - Duration: 12ms - IP: ::1","timestamp":"2026-06-19 03:27:07"}
{"level":"info","message":"HTTP Request: GET /listings - Status: 304 - Duration: 12ms - IP: ::1","timestamp":"2026-06-19 03:27:07"}
{"level":"info","message":"HTTP Request: GET /users - Status: 304 - Duration: 14ms - IP: ::1","timestamp":"2026-06-19 03:27:07"}
{"level":"info","message":"HTTP Request: GET /stats - Status: 304 - Duration: 11ms - IP: ::1","timestamp":"2026-06-19 03:27:07"}
{"level":"info","message":"HTTP Request: GET /users - Status: 304 - Duration: 13ms - IP: ::1","timestamp":"2026-06-19 03:27:07"}
{"level":"info","message":"HTTP Request: GET /listings - Status: 304 - Duration: 13ms - IP: ::1","timestamp":"2026-06-19 03:27:07"}
{"level":"info","message":"HTTP Request: GET /stats - Status: 304 - Duration: 12ms - IP: ::1","timestamp":"2026-06-19 03:27:07"}
{"level":"info","message":"HTTP Request: GET /users - Status: 304 - Duration: 13ms - IP: ::1","timestamp":"2026-06-19 03:27:07"}
{"level":"info","message":"HTTP Request: GET /listings - Status: 304 - Duration: 19ms - IP: ::1","timestamp":"2026-06-19 03:27:07"}
{"level":"info","message":"HTTP Request: GET /stats - Status: 304 - Duration: 9ms - IP: ::1","timestamp":"2026-06-19 03:27:07"}
{"level":"info","message":"HTTP Request: GET /listings - Status: 304 - Duration: 16ms - IP: ::1","timestamp":"2026-06-19 03:27:07"}
{"level":"info","message":"HTTP Request: GET /users - Status: 304 - Duration: 19ms - IP: ::1","timestamp":"2026-06-19 03:27:07"}
{"level":"info","message":"HTTP Request: GET /stats - Status: 304 - Duration: 11ms - IP: ::1","timestamp":"2026-06-19 03:27:07"}
{"level":"info","message":"HTTP Request: GET /listings - Status: 304 - Duration: 13ms - IP: ::1","timestamp":"2026-06-19 03:27:07"}
{"level":"info","message":"HTTP Request: GET /users - Status: 304 - Duration: 18ms - IP: ::1","timestamp":"2026-06-19 03:27:07"}
{"level":"info","message":"HTTP Request: GET /stats - Status: 304 - Duration: 11ms - IP: ::1","timestamp":"2026-06-19 03:27:07"}
{"level":"info","message":"HTTP Request: GET /users - Status: 304 - Duration: 16ms - IP: ::1","timestamp":"2026-06-19 03:27:07"}
{"level":"info","message":"HTTP Request: GET /listings - Status: 304 - Duration: 12ms - IP: ::1","timestamp":"2026-06-19 03:27:07"}
{"level":"info","message":"HTTP Request: GET /stats - Status: 304 - Duration: 9ms - IP: ::1","timestamp":"2026-06-19 03:27:07"}
{"level":"info","message":"HTTP Request: GET /listings - Status: 304 - Duration: 13ms - IP: ::1","timestamp":"2026-06-19 03:27:07"}
{"level":"info","message":"HTTP Request: GET /users - Status: 304 - Duration: 11ms - IP: ::1","timestamp":"2026-06-19 03:27:07"}
{"level":"info","message":"HTTP Request: GET /stats - Status: 304 - Duration: 9ms - IP: ::1","timestamp":"2026-06-19 03:27:07"}
{"level":"info","message":"HTTP Request: GET /listings - Status: 304 - Duration: 13ms - IP: ::1","timestamp":"2026-06-19 03:27:07"}
{"level":"info","message":"HTTP Request: GET /users - Status: 304 - Duration: 11ms - IP: ::1","timestamp":"2026-06-19 03:27:07"}
{"level":"info","message":"HTTP Request: GET /stats - Status: 304 - Duration: 8ms - IP: ::1","timestamp":"2026-06-19 03:27:07"}
{"level":"info","message":"HTTP Request: GET /listings - Status: 304 - Duration: 10ms - IP: ::1","timestamp":"2026-06-19 03:27:07"}
{"level":"info","message":"HTTP Request: GET /users - Status: 304 - Duration: 16ms - IP: ::1","timestamp":"2026-06-19 03:27:07"}
{"level":"info","message":"HTTP Request: GET /stats - Status: 304 - Duration: 11ms - IP: ::1","timestamp":"2026-06-19 03:27:07"}
{"level":"info","message":"HTTP Request: GET /users - Status: 304 - Duration: 19ms - IP: ::1","timestamp":"2026-06-19 03:27:07"}
{"level":"info","message":"HTTP Request: GET /listings - Status: 304 - Duration: 15ms - IP: ::1","timestamp":"2026-06-19 03:27:07"}
{"level":"info","message":"HTTP Request: GET /stats - Status: 304 - Duration: 11ms - IP: ::1","timestamp":"2026-06-19 03:27:07"}
{"level":"info","message":"HTTP Request: GET /listings - Status: 304 - Duration: 14ms - IP: ::1","timestamp":"2026-06-19 03:27:07"}
{"level":"info","message":"HTTP Request: GET /users - Status: 304 - Duration: 18ms - IP: ::1","timestamp":"2026-06-19 03:27:07"}
{"level":"info","message":"HTTP Request: GET /stats - Status: 304 - Duration: 11ms - IP: ::1","timestamp":"2026-06-19 03:27:07"}
{"level":"info","message":"HTTP Request: GET /users - Status: 304 - Duration: 15ms - IP: ::1","timestamp":"2026-06-19 03:27:07"}
{"level":"info","message":"HTTP Request: GET /listings - Status: 304 - Duration: 14ms - IP: ::1","timestamp":"2026-06-19 03:27:07"}
{"level":"info","message":"HTTP Request: GET /stats - Status: 304 - Duration: 11ms - IP: ::1","timestamp":"2026-06-19 03:27:07"}
{"level":"info","message":"HTTP Request: GET /listings - Status: 304 - Duration: 12ms - IP: ::1","timestamp":"2026-06-19 03:27:07"}
{"level":"info","message":"HTTP Request: GET /users - Status: 304 - Duration: 11ms - IP: ::1","timestamp":"2026-06-19 03:27:07"}
{"level":"info","message":"HTTP Request: GET /stats - Status: 304 - Duration: 9ms - IP: ::1","timestamp":"2026-06-19 03:27:07"}
{"level":"info","message":"HTTP Request: GET /listings - Status: 304 - Duration: 10ms - IP: ::1","timestamp":"2026-06-19 03:27:07"}
{"level":"info","message":"HTTP Request: GET /users - Status: 304 - Duration: 15ms - IP: ::1","timestamp":"2026-06-19 03:27:07"}
{"level":"info","message":"HTTP Request: GET /stats - Status: 304 - Duration: 12ms - IP: ::1","timestamp":"2026-06-19 03:27:07"}
{"level":"info","message":"HTTP Request: GET /listings - Status: 304 - Duration: 12ms - IP: ::1","timestamp":"2026-06-19 03:27:07"}
{"level":"info","message":"HTTP Request: GET /users - Status: 304 - Duration: 11ms - IP: ::1","timestamp":"2026-06-19 03:27:07"}
{"level":"info","message":"HTTP Request: GET /stats - Status: 304 - Duration: 10ms - IP: ::1","timestamp":"2026-06-19 03:27:07"}
{"level":"info","message":"HTTP Request: GET /listings - Status: 304 - Duration: 9ms - IP: ::1","timestamp":"2026-06-19 03:27:07"}
{"level":"info","message":"HTTP Request: GET /users - Status: 304 - Duration: 16ms - IP: ::1","timestamp":"2026-06-19 03:27:07"}
{"level":"info","message":"HTTP Request: GET /stats - Status: 304 - Duration: 9ms - IP: ::1","timestamp":"2026-06-19 03:27:07"}
{"level":"info","message":"HTTP Request: GET /users - Status: 304 - Duration: 14ms - IP: ::1","timestamp":"2026-06-19 03:27:07"}
{"level":"info","message":"HTTP Request: GET /listings - Status: 304 - Duration: 12ms - IP: ::1","timestamp":"2026-06-19 03:27:07"}
{"level":"info","message":"HTTP Request: GET /stats - Status: 304 - Duration: 13ms - IP: ::1","timestamp":"2026-06-19 03:27:08"}
{"level":"info","message":"HTTP Request: GET /users - Status: 304 - Duration: 11ms - IP: ::1","timestamp":"2026-06-19 03:27:08"}
{"level":"info","message":"HTTP Request: GET /listings - Status: 304 - Duration: 9ms - IP: ::1","timestamp":"2026-06-19 03:27:08"}
{"level":"info","message":"HTTP Request: GET /stats - Status: 304 - Duration: 8ms - IP: ::1","timestamp":"2026-06-19 03:27:08"}
{"level":"info","message":"HTTP Request: GET /users - Status: 304 - Duration: 12ms - IP: ::1","timestamp":"2026-06-19 03:27:08"}
{"level":"info","message":"HTTP Request: GET /listings - Status: 304 - Duration: 10ms - IP: ::1","timestamp":"2026-06-19 03:27:08"}
{"level":"info","message":"HTTP Request: GET /stats - Status: 304 - Duration: 12ms - IP: ::1","timestamp":"2026-06-19 03:27:08"}
{"level":"info","message":"HTTP Request: GET /listings - Status: 304 - Duration: 11ms - IP: ::1","timestamp":"2026-06-19 03:27:08"}
{"level":"info","message":"HTTP Request: GET /users - Status: 304 - Duration: 12ms - IP: ::1","timestamp":"2026-06-19 03:27:08"}
{"level":"info","message":"HTTP Request: GET /stats - Status: 304 - Duration: 8ms - IP: ::1","timestamp":"2026-06-19 03:27:08"}
{"level":"info","message":"HTTP Request: GET /users - Status: 304 - Duration: 15ms - IP: ::1","timestamp":"2026-06-19 03:27:08"}
{"level":"info","message":"HTTP Request: GET /listings - Status: 304 - Duration: 12ms - IP: ::1","timestamp":"2026-06-19 03:27:08"}
{"level":"info","message":"HTTP Request: GET /stats - Status: 304 - Duration: 10ms - IP: ::1","timestamp":"2026-06-19 03:27:08"}
{"level":"info","message":"HTTP Request: GET /users - Status: 304 - Duration: 10ms - IP: ::1","timestamp":"2026-06-19 03:27:08"}
{"level":"info","message":"HTTP Request: GET /listings - Status: 304 - Duration: 11ms - IP: ::1","timestamp":"2026-06-19 03:27:08"}
{"level":"info","message":"HTTP Request: GET /stats - Status: 304 - Duration: 8ms - IP: ::1","timestamp":"2026-06-19 03:27:08"}
{"level":"info","message":"HTTP Request: GET /users - Status: 304 - Duration: 10ms - IP: ::1","timestamp":"2026-06-19 03:27:08"}
{"level":"info","message":"HTTP Request: GET /listings - Status: 304 - Duration: 10ms - IP: ::1","timestamp":"2026-06-19 03:27:08"}
{"level":"info","message":"HTTP Request: GET /stats - Status: 304 - Duration: 10ms - IP: ::1","timestamp":"2026-06-19 03:27:08"}
{"level":"info","message":"HTTP Request: GET /users - Status: 304 - Duration: 12ms - IP: ::1","timestamp":"2026-06-19 03:27:08"}
{"level":"info","message":"HTTP Request: GET /listings - Status: 304 - Duration: 10ms - IP: ::1","timestamp":"2026-06-19 03:27:08"}
{"level":"info","message":"HTTP Request: GET /stats - Status: 304 - Duration: 9ms - IP: ::1","timestamp":"2026-06-19 03:27:08"}
{"level":"info","message":"HTTP Request: GET /listings - Status: 304 - Duration: 9ms - IP: ::1","timestamp":"2026-06-19 03:27:08"}
{"level":"info","message":"HTTP Request: GET /users - Status: 304 - Duration: 11ms - IP: ::1","timestamp":"2026-06-19 03:27:08"}
{"level":"info","message":"HTTP Request: GET /stats - Status: 304 - Duration: 8ms - IP: ::1","timestamp":"2026-06-19 03:27:08"}
{"level":"info","message":"HTTP Request: GET /listings - Status: 304 - Duration: 11ms - IP: ::1","timestamp":"2026-06-19 03:27:08"}
{"level":"info","message":"HTTP Request: GET /users - Status: 304 - Duration: 11ms - IP: ::1","timestamp":"2026-06-19 03:27:08"}
{"level":"info","message":"HTTP Request: GET /stats - Status: 304 - Duration: 8ms - IP: ::1","timestamp":"2026-06-19 03:27:08"}
{"level":"info","message":"HTTP Request: GET /users - Status: 304 - Duration: 10ms - IP: ::1","timestamp":"2026-06-19 03:27:08"}
{"level":"info","message":"HTTP Request: GET /listings - Status: 304 - Duration: 10ms - IP: ::1","timestamp":"2026-06-19 03:27:08"}
{"level":"info","message":"HTTP Request: GET /stats - Status: 304 - Duration: 10ms - IP: ::1","timestamp":"2026-06-19 03:27:08"}
{"level":"info","message":"HTTP Request: GET /listings - Status: 304 - Duration: 10ms - IP: ::1","timestamp":"2026-06-19 03:27:08"}
{"level":"info","message":"HTTP Request: GET /users - Status: 304 - Duration: 9ms - IP: ::1","timestamp":"2026-06-19 03:27:08"}
{"level":"info","message":"HTTP Request: GET /stats - Status: 304 - Duration: 8ms - IP: ::1","timestamp":"2026-06-19 03:27:08"}
{"level":"info","message":"HTTP Request: GET /listings - Status: 304 - Duration: 11ms - IP: ::1","timestamp":"2026-06-19 03:27:08"}
{"level":"info","message":"HTTP Request: GET /users - Status: 304 - Duration: 15ms - IP: ::1","timestamp":"2026-06-19 03:27:08"}
{"level":"info","message":"HTTP Request: GET /stats - Status: 304 - Duration: 10ms - IP: ::1","timestamp":"2026-06-19 03:27:08"}
{"level":"info","message":"HTTP Request: GET /users - Status: 304 - Duration: 13ms - IP: ::1","timestamp":"2026-06-19 03:27:08"}
{"level":"info","message":"HTTP Request: GET /listings - Status: 304 - Duration: 11ms - IP: ::1","timestamp":"2026-06-19 03:27:08"}
{"level":"info","message":"HTTP Request: GET /stats - Status: 304 - Duration: 9ms - IP: ::1","timestamp":"2026-06-19 03:27:08"}
{"level":"info","message":"HTTP Request: GET /listings - Status: 304 - Duration: 16ms - IP: ::1","timestamp":"2026-06-19 03:27:08"}
{"level":"info","message":"HTTP Request: GET /users - Status: 304 - Duration: 15ms - IP: ::1","timestamp":"2026-06-19 03:27:08"}
{"level":"info","message":"HTTP Request: GET /listings - Status: 304 - Duration: 14ms - IP: ::1","timestamp":"2026-06-19 03:27:08"}
{"level":"info","message":"HTTP Request: GET /users - Status: 304 - Duration: 30ms - IP: ::1","timestamp":"2026-06-19 03:27:08"}
{"level":"info","message":"HTTP Request: GET /stats - Status: 304 - Duration: 98ms - IP: ::1","timestamp":"2026-06-19 03:27:08"}
{"level":"info","message":"HTTP Request: GET /stats - Status: 304 - Duration: 16ms - IP: ::1","timestamp":"2026-06-19 03:27:08"}
{"level":"info","message":"HTTP Request: GET /users - Status: 304 - Duration: 15ms - IP: ::1","timestamp":"2026-06-19 03:27:08"}
{"level":"info","message":"HTTP Request: GET /listings - Status: 304 - Duration: 22ms - IP: ::1","timestamp":"2026-06-19 03:27:08"}
{"level":"info","message":"HTTP Request: GET /stats - Status: 304 - Duration: 13ms - IP: ::1","timestamp":"2026-06-19 03:27:08"}
{"level":"info","message":"HTTP Request: GET /users - Status: 304 - Duration: 12ms - IP: ::1","timestamp":"2026-06-19 03:27:08"}
{"level":"info","message":"HTTP Request: GET /listings - Status: 304 - Duration: 18ms - IP: ::1","timestamp":"2026-06-19 03:27:08"}
{"level":"info","message":"HTTP Request: GET /listings - Status: 304 - Duration: 14ms - IP: ::1","timestamp":"2026-06-19 03:27:08"}
{"level":"info","message":"HTTP Request: GET /users - Status: 304 - Duration: 14ms - IP: ::1","timestamp":"2026-06-19 03:27:08"}
{"level":"info","message":"HTTP Request: GET /stats - Status: 304 - Duration: 25ms - IP: ::1","timestamp":"2026-06-19 03:27:08"}
{"level":"info","message":"HTTP Request: GET /stats - Status: 304 - Duration: 20ms - IP: ::1","timestamp":"2026-06-19 03:27:08"}
{"level":"info","message":"HTTP Request: GET /listings - Status: 304 - Duration: 29ms - IP: ::1","timestamp":"2026-06-19 03:27:08"}
{"level":"info","message":"HTTP Request: GET /users - Status: 304 - Duration: 34ms - IP: ::1","timestamp":"2026-06-19 03:27:08"}
{"level":"info","message":"HTTP Request: GET /users - Status: 304 - Duration: 13ms - IP: ::1","timestamp":"2026-06-19 03:27:09"}
{"level":"info","message":"HTTP Request: GET /listings - Status: 304 - Duration: 15ms - IP: ::1","timestamp":"2026-06-19 03:27:09"}
{"level":"info","message":"HTTP Request: GET /stats - Status: 304 - Duration: 42ms - IP: ::1","timestamp":"2026-06-19 03:27:09"}
{"level":"info","message":"HTTP Request: GET /users - Status: 304 - Duration: 27ms - IP: ::1","timestamp":"2026-06-19 03:27:09"}
{"level":"info","message":"HTTP Request: GET /stats - Status: 304 - Duration: 40ms - IP: ::1","timestamp":"2026-06-19 03:27:09"}
{"level":"info","message":"HTTP Request: GET /listings - Status: 304 - Duration: 44ms - IP: ::1","timestamp":"2026-06-19 03:27:09"}
{"level":"info","message":"HTTP Request: GET /stats - Status: 304 - Duration: 11ms - IP: ::1","timestamp":"2026-06-19 03:27:09"}
{"level":"info","message":"HTTP Request: GET /users - Status: 304 - Duration: 22ms - IP: ::1","timestamp":"2026-06-19 03:27:09"}
{"level":"info","message":"HTTP Request: GET /listings - Status: 304 - Duration: 37ms - IP: ::1","timestamp":"2026-06-19 03:27:09"}
{"level":"info","message":"HTTP Request: GET /users - Status: 304 - Duration: 15ms - IP: ::1","timestamp":"2026-06-19 03:27:09"}
{"level":"info","message":"HTTP Request: GET /stats - Status: 304 - Duration: 28ms - IP: ::1","timestamp":"2026-06-19 03:27:09"}
{"level":"info","message":"HTTP Request: GET /listings - Status: 304 - Duration: 27ms - IP: ::1","timestamp":"2026-06-19 03:27:09"}
{"level":"info","message":"HTTP Request: GET /stats - Status: 304 - Duration: 27ms - IP: ::1","timestamp":"2026-06-19 03:27:09"}
{"level":"info","message":"HTTP Request: GET /users - Status: 304 - Duration: 27ms - IP: ::1","timestamp":"2026-06-19 03:27:09"}
{"level":"info","message":"HTTP Request: GET /listings - Status: 304 - Duration: 34ms - IP: ::1","timestamp":"2026-06-19 03:27:09"}
{"level":"info","message":"HTTP Request: GET /stats - Status: 304 - Duration: 16ms - IP: ::1","timestamp":"2026-06-19 03:27:09"}
{"level":"info","message":"HTTP Request: GET /listings - Status: 304 - Duration: 18ms - IP: ::1","timestamp":"2026-06-19 03:27:09"}
{"level":"info","message":"HTTP Request: GET /users - Status: 304 - Duration: 17ms - IP: ::1","timestamp":"2026-06-19 03:27:09"}
{"level":"info","message":"HTTP Request: GET /stats - Status: 304 - Duration: 12ms - IP: ::1","timestamp":"2026-06-19 03:27:09"}
{"level":"info","message":"HTTP Request: GET /users - Status: 304 - Duration: 18ms - IP: ::1","timestamp":"2026-06-19 03:27:09"}
{"level":"info","message":"HTTP Request: GET /listings - Status: 304 - Duration: 15ms - IP: ::1","timestamp":"2026-06-19 03:27:09"}
{"level":"info","message":"HTTP Request: GET /stats - Status: 304 - Duration: 18ms - IP: ::1","timestamp":"2026-06-19 03:27:09"}
{"level":"info","message":"HTTP Request: GET /users - Status: 304 - Duration: 17ms - IP: ::1","timestamp":"2026-06-19 03:27:09"}
{"level":"info","message":"HTTP Request: GET /listings - Status: 304 - Duration: 16ms - IP: ::1","timestamp":"2026-06-19 03:27:09"}
{"level":"info","message":"HTTP Request: GET /stats - Status: 304 - Duration: 14ms - IP: ::1","timestamp":"2026-06-19 03:27:09"}
{"level":"info","message":"HTTP Request: GET /listings - Status: 304 - Duration: 19ms - IP: ::1","timestamp":"2026-06-19 03:27:09"}
{"level":"info","message":"HTTP Request: GET /users - Status: 304 - Duration: 21ms - IP: ::1","timestamp":"2026-06-19 03:27:09"}
{"level":"info","message":"HTTP Request: GET /stats - Status: 304 - Duration: 11ms - IP: ::1","timestamp":"2026-06-19 03:27:09"}
{"level":"info","message":"HTTP Request: GET /users - Status: 304 - Duration: 21ms - IP: ::1","timestamp":"2026-06-19 03:27:09"}
{"level":"info","message":"HTTP Request: GET /listings - Status: 304 - Duration: 20ms - IP: ::1","timestamp":"2026-06-19 03:27:09"}
{"level":"info","message":"HTTP Request: GET /stats - Status: 304 - Duration: 33ms - IP: ::1","timestamp":"2026-06-19 03:27:09"}
{"level":"info","message":"HTTP Request: GET /listings - Status: 304 - Duration: 37ms - IP: ::1","timestamp":"2026-06-19 03:27:09"}
{"level":"info","message":"HTTP Request: GET /users - Status: 304 - Duration: 39ms - IP: ::1","timestamp":"2026-06-19 03:27:09"}
{"level":"info","message":"HTTP Request: GET /stats - Status: 304 - Duration: 14ms - IP: ::1","timestamp":"2026-06-19 03:27:09"}
{"level":"info","message":"HTTP Request: GET /users - Status: 304 - Duration: 24ms - IP: ::1","timestamp":"2026-06-19 03:27:09"}
{"level":"info","message":"HTTP Request: GET /listings - Status: 304 - Duration: 21ms - IP: ::1","timestamp":"2026-06-19 03:27:09"}
{"level":"info","message":"HTTP Request: GET /stats - Status: 304 - Duration: 15ms - IP: ::1","timestamp":"2026-06-19 03:27:09"}
{"level":"info","message":"HTTP Request: GET /listings - Status: 304 - Duration: 17ms - IP: ::1","timestamp":"2026-06-19 03:27:10"}
{"level":"info","message":"HTTP Request: GET /users - Status: 304 - Duration: 24ms - IP: ::1","timestamp":"2026-06-19 03:27:10"}
{"level":"info","message":"HTTP Request: GET /stats - Status: 304 - Duration: 11ms - IP: ::1","timestamp":"2026-06-19 03:27:10"}
{"level":"info","message":"HTTP Request: GET /listings - Status: 304 - Duration: 14ms - IP: ::1","timestamp":"2026-06-19 03:27:10"}
{"level":"info","message":"HTTP Request: GET /users - Status: 304 - Duration: 13ms - IP: ::1","timestamp":"2026-06-19 03:27:10"}
{"level":"info","message":"HTTP Request: GET /stats - Status: 304 - Duration: 11ms - IP: ::1","timestamp":"2026-06-19 03:27:10"}
{"level":"info","message":"HTTP Request: GET /listings - Status: 304 - Duration: 12ms - IP: ::1","timestamp":"2026-06-19 03:27:10"}
{"level":"info","message":"HTTP Request: GET /users - Status: 304 - Duration: 15ms - IP: ::1","timestamp":"2026-06-19 03:27:10"}
{"level":"info","message":"HTTP Request: GET /stats - Status: 304 - Duration: 11ms - IP: ::1","timestamp":"2026-06-19 03:27:10"}
{"level":"info","message":"HTTP Request: GET /listings - Status: 304 - Duration: 13ms - IP: ::1","timestamp":"2026-06-19 03:27:10"}
{"level":"info","message":"HTTP Request: GET /users - Status: 304 - Duration: 12ms - IP: ::1","timestamp":"2026-06-19 03:27:10"}
{"level":"info","message":"HTTP Request: GET /stats - Status: 304 - Duration: 10ms - IP: ::1","timestamp":"2026-06-19 03:27:10"}
{"level":"info","message":"HTTP Request: GET /users - Status: 304 - Duration: 16ms - IP: ::1","timestamp":"2026-06-19 03:27:10"}
{"level":"info","message":"HTTP Request: GET /listings - Status: 304 - Duration: 14ms - IP: ::1","timestamp":"2026-06-19 03:27:10"}
{"level":"info","message":"HTTP Request: GET /stats - Status: 304 - Duration: 9ms - IP: ::1","timestamp":"2026-06-19 03:27:10"}
{"level":"info","message":"HTTP Request: GET /listings - Status: 304 - Duration: 12ms - IP: ::1","timestamp":"2026-06-19 03:27:10"}
{"level":"info","message":"HTTP Request: GET /users - Status: 304 - Duration: 17ms - IP: ::1","timestamp":"2026-06-19 03:27:10"}
{"level":"info","message":"HTTP Request: GET /users - Status: 304 - Duration: 25ms - IP: ::1","timestamp":"2026-06-19 03:27:10"}
{"level":"info","message":"HTTP Request: GET /listings - Status: 304 - Duration: 25ms - IP: ::1","timestamp":"2026-06-19 03:27:10"}
{"level":"info","message":"HTTP Request: GET /stats - Status: 304 - Duration: 43ms - IP: ::1","timestamp":"2026-06-19 03:27:10"}
{"level":"info","message":"HTTP Request: GET /stats - Status: 304 - Duration: 12ms - IP: ::1","timestamp":"2026-06-19 03:27:10"}
{"level":"info","message":"HTTP Request: GET /listings - Status: 304 - Duration: 12ms - IP: ::1","timestamp":"2026-06-19 03:27:10"}
{"level":"info","message":"HTTP Request: GET /users - Status: 304 - Duration: 21ms - IP: ::1","timestamp":"2026-06-19 03:27:10"}
{"level":"info","message":"HTTP Request: GET /stats - Status: 304 - Duration: 13ms - IP: ::1","timestamp":"2026-06-19 03:27:10"}
{"level":"info","message":"HTTP Request: GET /listings - Status: 304 - Duration: 16ms - IP: ::1","timestamp":"2026-06-19 03:27:10"}
{"level":"info","message":"HTTP Request: GET /users - Status: 304 - Duration: 24ms - IP: ::1","timestamp":"2026-06-19 03:27:10"}
{"level":"info","message":"HTTP Request: GET /stats - Status: 304 - Duration: 17ms - IP: ::1","timestamp":"2026-06-19 03:27:10"}
{"level":"info","message":"HTTP Request: GET /users - Status: 304 - Duration: 16ms - IP: ::1","timestamp":"2026-06-19 03:27:10"}
{"level":"info","message":"HTTP Request: GET /listings - Status: 304 - Duration: 17ms - IP: ::1","timestamp":"2026-06-19 03:27:10"}
{"level":"info","message":"HTTP Request: GET /stats - Status: 304 - Duration: 17ms - IP: ::1","timestamp":"2026-06-19 03:27:10"}
{"level":"info","message":"HTTP Request: GET /users - Status: 304 - Duration: 16ms - IP: ::1","timestamp":"2026-06-19 03:27:10"}
{"level":"info","message":"HTTP Request: GET /listings - Status: 304 - Duration: 16ms - IP: ::1","timestamp":"2026-06-19 03:27:10"}
{"level":"info","message":"HTTP Request: GET /stats - Status: 304 - Duration: 16ms - IP: ::1","timestamp":"2026-06-19 03:27:10"}
{"level":"info","message":"HTTP Request: GET /users - Status: 304 - Duration: 18ms - IP: ::1","timestamp":"2026-06-19 03:27:10"}
{"level":"info","message":"HTTP Request: GET /listings - Status: 304 - Duration: 24ms - IP: ::1","timestamp":"2026-06-19 03:27:10"}
{"level":"info","message":"HTTP Request: GET /stats - Status: 304 - Duration: 15ms - IP: ::1","timestamp":"2026-06-19 03:27:10"}
{"level":"info","message":"HTTP Request: GET /users - Status: 304 - Duration: 15ms - IP: ::1","timestamp":"2026-06-19 03:27:10"}
{"level":"info","message":"HTTP Request: GET /listings - Status: 304 - Duration: 16ms - IP: ::1","timestamp":"2026-06-19 03:27:10"}
{"level":"info","message":"HTTP Request: GET /stats - Status: 304 - Duration: 15ms - IP: ::1","timestamp":"2026-06-19 03:27:10"}
{"level":"info","message":"HTTP Request: GET /users - Status: 304 - Duration: 21ms - IP: ::1","timestamp":"2026-06-19 03:27:10"}
{"level":"info","message":"HTTP Request: GET /listings - Status: 304 - Duration: 17ms - IP: ::1","timestamp":"2026-06-19 03:27:10"}
{"level":"info","message":"HTTP Request: GET /stats - Status: 304 - Duration: 19ms - IP: ::1","timestamp":"2026-06-19 03:27:10"}
{"level":"info","message":"HTTP Request: GET /users - Status: 304 - Duration: 23ms - IP: ::1","timestamp":"2026-06-19 03:27:10"}
{"level":"info","message":"HTTP Request: GET /listings - Status: 304 - Duration: 17ms - IP: ::1","timestamp":"2026-06-19 03:27:10"}
{"level":"info","message":"HTTP Request: GET /stats - Status: 304 - Duration: 16ms - IP: ::1","timestamp":"2026-06-19 03:27:10"}
{"level":"info","message":"HTTP Request: GET /listings - Status: 304 - Duration: 17ms - IP: ::1","timestamp":"2026-06-19 03:27:10"}
{"level":"info","message":"HTTP Request: GET /users - Status: 304 - Duration: 21ms - IP: ::1","timestamp":"2026-06-19 03:27:10"}
{"level":"info","message":"HTTP Request: GET /stats - Status: 304 - Duration: 16ms - IP: ::1","timestamp":"2026-06-19 03:27:10"}
{"level":"info","message":"HTTP Request: GET /users - Status: 304 - Duration: 18ms - IP: ::1","timestamp":"2026-06-19 03:27:10"}
{"level":"info","message":"HTTP Request: GET /listings - Status: 304 - Duration: 18ms - IP: ::1","timestamp":"2026-06-19 03:27:10"}
{"level":"info","message":"HTTP Request: GET /stats - Status: 304 - Duration: 32ms - IP: ::1","timestamp":"2026-06-19 03:27:11"}
{"level":"info","message":"HTTP Request: GET /listings - Status: 304 - Duration: 30ms - IP: ::1","timestamp":"2026-06-19 03:27:11"}
{"level":"info","message":"HTTP Request: GET /users - Status: 304 - Duration: 37ms - IP: ::1","timestamp":"2026-06-19 03:27:11"}
{"level":"info","message":"HTTP Request: GET /stats - Status: 304 - Duration: 15ms - IP: ::1","timestamp":"2026-06-19 03:27:11"}
{"level":"info","message":"HTTP Request: GET /users - Status: 304 - Duration: 19ms - IP: ::1","timestamp":"2026-06-19 03:27:11"}
{"level":"info","message":"HTTP Request: GET /listings - Status: 304 - Duration: 18ms - IP: ::1","timestamp":"2026-06-19 03:27:11"}
{"level":"info","message":"HTTP Request: GET /stats - Status: 304 - Duration: 15ms - IP: ::1","timestamp":"2026-06-19 03:27:11"}
{"level":"info","message":"HTTP Request: GET /users - Status: 304 - Duration: 19ms - IP: ::1","timestamp":"2026-06-19 03:27:11"}
{"level":"info","message":"HTTP Request: GET /listings - Status: 304 - Duration: 21ms - IP: ::1","timestamp":"2026-06-19 03:27:11"}
{"level":"info","message":"HTTP Request: GET /stats - Status: 304 - Duration: 28ms - IP: ::1","timestamp":"2026-06-19 03:27:11"}
{"level":"info","message":"HTTP Request: GET /listings - Status: 304 - Duration: 38ms - IP: ::1","timestamp":"2026-06-19 03:27:11"}
{"level":"info","message":"HTTP Request: GET /users - Status: 304 - Duration: 36ms - IP: ::1","timestamp":"2026-06-19 03:27:11"}
{"level":"info","message":"HTTP Request: GET /stats - Status: 304 - Duration: 20ms - IP: ::1","timestamp":"2026-06-19 03:27:19"}
{"level":"info","message":"HTTP Request: GET /listings - Status: 304 - Duration: 23ms - IP: ::1","timestamp":"2026-06-19 03:27:19"}
{"level":"info","message":"HTTP Request: GET /users - Status: 304 - Duration: 30ms - IP: ::1","timestamp":"2026-06-19 03:27:19"}
{"level":"info","message":"HTTP Request: GET /stats - Status: 304 - Duration: 19ms - IP: ::1","timestamp":"2026-06-19 03:27:19"}
{"level":"info","message":"HTTP Request: GET /users - Status: 304 - Duration: 24ms - IP: ::1","timestamp":"2026-06-19 03:27:19"}
{"level":"info","message":"HTTP Request: GET /listings - Status: 304 - Duration: 24ms - IP: ::1","timestamp":"2026-06-19 03:27:19"}
{"level":"info","message":"HTTP Request: GET /stats - Status: 304 - Duration: 15ms - IP: ::1","timestamp":"2026-06-19 03:27:20"}
{"level":"info","message":"HTTP Request: GET /users - Status: 304 - Duration: 20ms - IP: ::1","timestamp":"2026-06-19 03:27:20"}
{"level":"info","message":"HTTP Request: GET /listings - Status: 304 - Duration: 20ms - IP: ::1","timestamp":"2026-06-19 03:27:20"}
{"level":"info","message":"HTTP Request: GET /stats - Status: 304 - Duration: 13ms - IP: ::1","timestamp":"2026-06-19 03:27:20"}
{"level":"info","message":"HTTP Request: GET /users - Status: 304 - Duration: 18ms - IP: ::1","timestamp":"2026-06-19 03:27:20"}
{"level":"info","message":"HTTP Request: GET /listings - Status: 304 - Duration: 16ms - IP: ::1","timestamp":"2026-06-19 03:27:20"}
{"level":"info","message":"HTTP Request: GET /stats - Status: 304 - Duration: 17ms - IP: ::1","timestamp":"2026-06-19 03:27:20"}
{"level":"info","message":"HTTP Request: GET /users - Status: 304 - Duration: 23ms - IP: ::1","timestamp":"2026-06-19 03:27:20"}
{"level":"info","message":"HTTP Request: GET /listings - Status: 304 - Duration: 20ms - IP: ::1","timestamp":"2026-06-19 03:27:20"}
{"level":"info","message":"HTTP Request: GET /stats - Status: 304 - Duration: 17ms - IP: ::1","timestamp":"2026-06-19 03:27:20"}
{"level":"info","message":"HTTP Request: GET /users - Status: 304 - Duration: 15ms - IP: ::1","timestamp":"2026-06-19 03:27:20"}
{"level":"info","message":"HTTP Request: GET /listings - Status: 304 - Duration: 15ms - IP: ::1","timestamp":"2026-06-19 03:27:20"}
{"level":"info","message":"HTTP Request: GET /stats - Status: 304 - Duration: 14ms - IP: ::1","timestamp":"2026-06-19 03:27:20"}
{"level":"info","message":"HTTP Request: GET /listings - Status: 304 - Duration: 17ms - IP: ::1","timestamp":"2026-06-19 03:27:20"}
{"level":"info","message":"HTTP Request: GET /users - Status: 304 - Duration: 23ms - IP: ::1","timestamp":"2026-06-19 03:27:20"}
{"level":"info","message":"HTTP Request: GET /stats - Status: 304 - Duration: 39ms - IP: ::1","timestamp":"2026-06-19 03:27:20"}
{"level":"info","message":"HTTP Request: GET /listings - Status: 304 - Duration: 46ms - IP: ::1","timestamp":"2026-06-19 03:27:20"}
{"level":"info","message":"HTTP Request: GET /users - Status: 304 - Duration: 38ms - IP: ::1","timestamp":"2026-06-19 03:27:20"}
{"level":"info","message":"HTTP Request: GET /stats - Status: 304 - Duration: 21ms - IP: ::1","timestamp":"2026-06-19 03:27:20"}
{"level":"info","message":"HTTP Request: GET /users - Status: 304 - Duration: 23ms - IP: ::1","timestamp":"2026-06-19 03:27:20"}
{"level":"info","message":"HTTP Request: GET /listings - Status: 304 - Duration: 23ms - IP: ::1","timestamp":"2026-06-19 03:27:20"}
{"level":"info","message":"HTTP Request: GET /stats - Status: 304 - Duration: 18ms - IP: ::1","timestamp":"2026-06-19 03:27:20"}
{"level":"info","message":"HTTP Request: GET /users - Status: 304 - Duration: 16ms - IP: ::1","timestamp":"2026-06-19 03:27:20"}
{"level":"info","message":"HTTP Request: GET /listings - Status: 304 - Duration: 16ms - IP: ::1","timestamp":"2026-06-19 03:27:20"}
{"level":"info","message":"HTTP Request: GET /stats - Status: 304 - Duration: 17ms - IP: ::1","timestamp":"2026-06-19 03:27:20"}
{"level":"info","message":"HTTP Request: GET /users - Status: 304 - Duration: 20ms - IP: ::1","timestamp":"2026-06-19 03:27:20"}
{"level":"info","message":"HTTP Request: GET /listings - Status: 304 - Duration: 19ms - IP: ::1","timestamp":"2026-06-19 03:27:20"}
{"level":"info","message":"HTTP Request: GET /stats - Status: 304 - Duration: 18ms - IP: ::1","timestamp":"2026-06-19 03:27:20"}
{"level":"info","message":"HTTP Request: GET /users - Status: 304 - Duration: 18ms - IP: ::1","timestamp":"2026-06-19 03:27:20"}
{"level":"info","message":"HTTP Request: GET /listings - Status: 304 - Duration: 16ms - IP: ::1","timestamp":"2026-06-19 03:27:20"}
{"level":"info","message":"HTTP Request: GET /stats - Status: 304 - Duration: 18ms - IP: ::1","timestamp":"2026-06-19 03:27:20"}
{"level":"info","message":"HTTP Request: GET /users - Status: 304 - Duration: 30ms - IP: ::1","timestamp":"2026-06-19 03:27:20"}
{"level":"info","message":"HTTP Request: GET /listings - Status: 304 - Duration: 31ms - IP: ::1","timestamp":"2026-06-19 03:27:20"}
{"level":"info","message":"HTTP Request: GET /stats - Status: 304 - Duration: 24ms - IP: ::1","timestamp":"2026-06-19 03:27:20"}
{"level":"info","message":"HTTP Request: GET /users - Status: 304 - Duration: 37ms - IP: ::1","timestamp":"2026-06-19 03:27:20"}
{"level":"info","message":"HTTP Request: GET /listings - Status: 304 - Duration: 37ms - IP: ::1","timestamp":"2026-06-19 03:27:20"}
{"level":"info","message":"HTTP Request: GET /stats - Status: 304 - Duration: 14ms - IP: ::1","timestamp":"2026-06-19 03:27:20"}
{"level":"info","message":"HTTP Request: GET /listings - Status: 304 - Duration: 19ms - IP: ::1","timestamp":"2026-06-19 03:27:20"}
{"level":"info","message":"HTTP Request: GET /users - Status: 304 - Duration: 18ms - IP: ::1","timestamp":"2026-06-19 03:27:20"}
{"level":"info","message":"HTTP Request: GET /stats - Status: 304 - Duration: 16ms - IP: ::1","timestamp":"2026-06-19 03:27:21"}
{"level":"info","message":"HTTP Request: GET /users - Status: 304 - Duration: 20ms - IP: ::1","timestamp":"2026-06-19 03:27:21"}
{"level":"info","message":"HTTP Request: GET /listings - Status: 304 - Duration: 20ms - IP: ::1","timestamp":"2026-06-19 03:27:21"}
{"level":"info","message":"HTTP Request: GET /stats - Status: 304 - Duration: 17ms - IP: ::1","timestamp":"2026-06-19 03:27:21"}
{"level":"info","message":"HTTP Request: GET /users - Status: 304 - Duration: 18ms - IP: ::1","timestamp":"2026-06-19 03:27:21"}
{"level":"info","message":"HTTP Request: GET /listings - Status: 304 - Duration: 18ms - IP: ::1","timestamp":"2026-06-19 03:27:21"}
{"level":"info","message":"HTTP Request: GET /stats - Status: 304 - Duration: 14ms - IP: ::1","timestamp":"2026-06-19 03:27:21"}
{"level":"info","message":"HTTP Request: GET /users - Status: 304 - Duration: 25ms - IP: ::1","timestamp":"2026-06-19 03:27:21"}
{"level":"info","message":"HTTP Request: GET /listings - Status: 304 - Duration: 18ms - IP: ::1","timestamp":"2026-06-19 03:27:21"}
{"level":"info","message":"HTTP Request: GET /stats - Status: 304 - Duration: 20ms - IP: ::1","timestamp":"2026-06-19 03:27:21"}
{"level":"info","message":"HTTP Request: GET /users - Status: 304 - Duration: 37ms - IP: ::1","timestamp":"2026-06-19 03:27:21"}
{"level":"info","message":"HTTP Request: GET /listings - Status: 304 - Duration: 30ms - IP: ::1","timestamp":"2026-06-19 03:27:21"}
{"level":"info","message":"HTTP Request: GET /stats - Status: 304 - Duration: 12ms - IP: ::1","timestamp":"2026-06-19 03:27:21"}
{"level":"info","message":"HTTP Request: GET /listings - Status: 304 - Duration: 27ms - IP: ::1","timestamp":"2026-06-19 03:27:21"}
{"level":"info","message":"HTTP Request: GET /users - Status: 304 - Duration: 32ms - IP: ::1","timestamp":"2026-06-19 03:27:21"}
{"level":"info","message":"HTTP Request: GET /stats - Status: 304 - Duration: 21ms - IP: ::1","timestamp":"2026-06-19 03:27:21"}
{"level":"info","message":"HTTP Request: GET /users - Status: 304 - Duration: 36ms - IP: ::1","timestamp":"2026-06-19 03:27:21"}
{"level":"info","message":"HTTP Request: GET /listings - Status: 304 - Duration: 35ms - IP: ::1","timestamp":"2026-06-19 03:27:21"}
{"level":"info","message":"HTTP Request: GET /stats - Status: 304 - Duration: 13ms - IP: ::1","timestamp":"2026-06-19 03:27:21"}
{"level":"info","message":"HTTP Request: GET /users - Status: 304 - Duration: 16ms - IP: ::1","timestamp":"2026-06-19 03:27:21"}
{"level":"info","message":"HTTP Request: GET /listings - Status: 304 - Duration: 15ms - IP: ::1","timestamp":"2026-06-19 03:27:21"}
{"level":"info","message":"HTTP Request: GET /stats - Status: 304 - Duration: 11ms - IP: ::1","timestamp":"2026-06-19 03:27:21"}
{"level":"info","message":"HTTP Request: GET /users - Status: 304 - Duration: 14ms - IP: ::1","timestamp":"2026-06-19 03:27:21"}
{"level":"info","message":"HTTP Request: GET /listings - Status: 304 - Duration: 14ms - IP: ::1","timestamp":"2026-06-19 03:27:21"}
{"level":"info","message":"HTTP Request: GET /stats - Status: 304 - Duration: 12ms - IP: ::1","timestamp":"2026-06-19 03:27:21"}
{"level":"info","message":"HTTP Request: GET /users - Status: 304 - Duration: 14ms - IP: ::1","timestamp":"2026-06-19 03:27:21"}
{"level":"info","message":"HTTP Request: GET /listings - Status: 304 - Duration: 13ms - IP: ::1","timestamp":"2026-06-19 03:27:21"}
{"level":"info","message":"HTTP Request: GET /stats - Status: 304 - Duration: 13ms - IP: ::1","timestamp":"2026-06-19 03:27:21"}
{"level":"info","message":"HTTP Request: GET /users - Status: 304 - Duration: 21ms - IP: ::1","timestamp":"2026-06-19 03:27:21"}
{"level":"info","message":"HTTP Request: GET /listings - Status: 304 - Duration: 20ms - IP: ::1","timestamp":"2026-06-19 03:27:21"}
{"level":"info","message":"HTTP Request: GET /stats - Status: 304 - Duration: 12ms - IP: ::1","timestamp":"2026-06-19 03:27:21"}
{"level":"info","message":"HTTP Request: GET /users - Status: 304 - Duration: 13ms - IP: ::1","timestamp":"2026-06-19 03:27:21"}
{"level":"info","message":"HTTP Request: GET /listings - Status: 304 - Duration: 12ms - IP: ::1","timestamp":"2026-06-19 03:27:21"}
{"level":"info","message":"HTTP Request: GET /stats - Status: 304 - Duration: 10ms - IP: ::1","timestamp":"2026-06-19 03:27:21"}
{"level":"info","message":"HTTP Request: GET /users - Status: 304 - Duration: 12ms - IP: ::1","timestamp":"2026-06-19 03:27:21"}
{"level":"info","message":"HTTP Request: GET /listings - Status: 304 - Duration: 12ms - IP: ::1","timestamp":"2026-06-19 03:27:21"}
{"level":"info","message":"HTTP Request: GET /stats - Status: 304 - Duration: 12ms - IP: ::1","timestamp":"2026-06-19 03:27:21"}
{"level":"info","message":"HTTP Request: GET /users - Status: 304 - Duration: 15ms - IP: ::1","timestamp":"2026-06-19 03:27:21"}
{"level":"info","message":"HTTP Request: GET /listings - Status: 304 - Duration: 14ms - IP: ::1","timestamp":"2026-06-19 03:27:21"}
{"level":"info","message":"HTTP Request: GET /stats - Status: 304 - Duration: 20ms - IP: ::1","timestamp":"2026-06-19 03:27:21"}
{"level":"info","message":"HTTP Request: GET /users - Status: 304 - Duration: 22ms - IP: ::1","timestamp":"2026-06-19 03:27:21"}
{"level":"info","message":"HTTP Request: GET /listings - Status: 304 - Duration: 21ms - IP: ::1","timestamp":"2026-06-19 03:27:21"}
{"level":"info","message":"HTTP Request: GET /stats - Status: 304 - Duration: 19ms - IP: ::1","timestamp":"2026-06-19 03:27:21"}
{"level":"info","message":"HTTP Request: GET /users - Status: 304 - Duration: 22ms - IP: ::1","timestamp":"2026-06-19 03:27:21"}
{"level":"info","message":"HTTP Request: GET /listings - Status: 304 - Duration: 25ms - IP: ::1","timestamp":"2026-06-19 03:27:21"}
{"level":"info","message":"HTTP Request: GET /stats - Status: 304 - Duration: 15ms - IP: ::1","timestamp":"2026-06-19 03:27:21"}
{"level":"info","message":"HTTP Request: GET /users - Status: 304 - Duration: 20ms - IP: ::1","timestamp":"2026-06-19 03:27:21"}
{"level":"info","message":"HTTP Request: GET /listings - Status: 304 - Duration: 19ms - IP: ::1","timestamp":"2026-06-19 03:27:21"}
{"level":"info","message":"HTTP Request: GET /stats - Status: 304 - Duration: 16ms - IP: ::1","timestamp":"2026-06-19 03:27:21"}
{"level":"info","message":"HTTP Request: GET /users - Status: 304 - Duration: 19ms - IP: ::1","timestamp":"2026-06-19 03:27:21"}
{"level":"info","message":"HTTP Request: GET /listings - Status: 304 - Duration: 20ms - IP: ::1","timestamp":"2026-06-19 03:27:21"}
{"level":"info","message":"HTTP Request: GET /stats - Status: 304 - Duration: 14ms - IP: ::1","timestamp":"2026-06-19 03:27:22"}
{"level":"info","message":"HTTP Request: GET /listings - Status: 304 - Duration: 16ms - IP: ::1","timestamp":"2026-06-19 03:27:22"}
{"level":"info","message":"HTTP Request: GET /users - Status: 304 - Duration: 16ms - IP: ::1","timestamp":"2026-06-19 03:27:22"}
{"level":"info","message":"HTTP Request: GET /stats - Status: 304 - Duration: 13ms - IP: ::1","timestamp":"2026-06-19 03:27:22"}
{"level":"info","message":"HTTP Request: GET /users - Status: 304 - Duration: 19ms - IP: ::1","timestamp":"2026-06-19 03:27:22"}
{"level":"info","message":"HTTP Request: GET /listings - Status: 304 - Duration: 18ms - IP: ::1","timestamp":"2026-06-19 03:27:22"}
{"level":"info","message":"HTTP Request: GET /stats - Status: 304 - Duration: 14ms - IP: ::1","timestamp":"2026-06-19 03:27:22"}
{"level":"info","message":"HTTP Request: GET /users - Status: 304 - Duration: 15ms - IP: ::1","timestamp":"2026-06-19 03:27:22"}
{"level":"info","message":"HTTP Request: GET /listings - Status: 304 - Duration: 14ms - IP: ::1","timestamp":"2026-06-19 03:27:22"}
{"level":"info","message":"HTTP Request: GET /stats - Status: 304 - Duration: 13ms - IP: ::1","timestamp":"2026-06-19 03:27:22"}
{"level":"info","message":"HTTP Request: GET /users - Status: 304 - Duration: 15ms - IP: ::1","timestamp":"2026-06-19 03:27:22"}
{"level":"info","message":"HTTP Request: GET /listings - Status: 304 - Duration: 15ms - IP: ::1","timestamp":"2026-06-19 03:27:22"}
{"level":"info","message":"HTTP Request: GET /stats - Status: 304 - Duration: 11ms - IP: ::1","timestamp":"2026-06-19 03:27:22"}
{"level":"info","message":"HTTP Request: GET /users - Status: 304 - Duration: 16ms - IP: ::1","timestamp":"2026-06-19 03:27:22"}
{"level":"info","message":"HTTP Request: GET /listings - Status: 304 - Duration: 15ms - IP: ::1","timestamp":"2026-06-19 03:27:22"}
{"level":"info","message":"HTTP Request: GET /stats - Status: 304 - Duration: 13ms - IP: ::1","timestamp":"2026-06-19 03:27:22"}
{"level":"info","message":"HTTP Request: GET /users - Status: 304 - Duration: 16ms - IP: ::1","timestamp":"2026-06-19 03:27:22"}
{"level":"info","message":"HTTP Request: GET /listings - Status: 304 - Duration: 14ms - IP: ::1","timestamp":"2026-06-19 03:27:22"}
{"level":"info","message":"HTTP Request: GET /stats - Status: 304 - Duration: 12ms - IP: ::1","timestamp":"2026-06-19 03:27:22"}
{"level":"info","message":"HTTP Request: GET /users - Status: 304 - Duration: 15ms - IP: ::1","timestamp":"2026-06-19 03:27:22"}
{"level":"info","message":"HTTP Request: GET /listings - Status: 304 - Duration: 14ms - IP: ::1","timestamp":"2026-06-19 03:27:22"}
{"level":"info","message":"HTTP Request: GET /stats - Status: 304 - Duration: 18ms - IP: ::1","timestamp":"2026-06-19 03:27:22"}
{"level":"info","message":"HTTP Request: GET /users - Status: 304 - Duration: 42ms - IP: ::1","timestamp":"2026-06-19 03:27:22"}
{"level":"info","message":"HTTP Request: GET /listings - Status: 304 - Duration: 46ms - IP: ::1","timestamp":"2026-06-19 03:27:22"}
{"level":"info","message":"HTTP Request: GET /stats - Status: 304 - Duration: 13ms - IP: ::1","timestamp":"2026-06-19 03:27:22"}
{"level":"info","message":"HTTP Request: GET /users - Status: 304 - Duration: 25ms - IP: ::1","timestamp":"2026-06-19 03:27:22"}
{"level":"info","message":"HTTP Request: GET /listings - Status: 304 - Duration: 31ms - IP: ::1","timestamp":"2026-06-19 03:27:22"}
{"level":"info","message":"HTTP Request: GET /stats - Status: 304 - Duration: 15ms - IP: ::1","timestamp":"2026-06-19 03:27:22"}
{"level":"info","message":"HTTP Request: GET /users - Status: 304 - Duration: 22ms - IP: ::1","timestamp":"2026-06-19 03:27:22"}
{"level":"info","message":"HTTP Request: GET /listings - Status: 304 - Duration: 21ms - IP: ::1","timestamp":"2026-06-19 03:27:22"}
{"level":"info","message":"HTTP Request: GET /stats - Status: 304 - Duration: 14ms - IP: ::1","timestamp":"2026-06-19 03:27:22"}
{"level":"info","message":"HTTP Request: GET /users - Status: 304 - Duration: 16ms - IP: ::1","timestamp":"2026-06-19 03:27:22"}
{"level":"info","message":"HTTP Request: GET /listings - Status: 304 - Duration: 15ms - IP: ::1","timestamp":"2026-06-19 03:27:22"}
{"level":"info","message":"HTTP Request: GET /stats - Status: 304 - Duration: 12ms - IP: ::1","timestamp":"2026-06-19 03:27:22"}
{"level":"info","message":"HTTP Request: GET /users - Status: 304 - Duration: 17ms - IP: ::1","timestamp":"2026-06-19 03:27:22"}
{"level":"info","message":"HTTP Request: GET /listings - Status: 304 - Duration: 17ms - IP: ::1","timestamp":"2026-06-19 03:27:22"}
{"level":"info","message":"HTTP Request: GET /stats - Status: 304 - Duration: 14ms - IP: ::1","timestamp":"2026-06-19 03:27:22"}
{"level":"info","message":"HTTP Request: GET /users - Status: 304 - Duration: 14ms - IP: ::1","timestamp":"2026-06-19 03:27:22"}
{"level":"info","message":"HTTP Request: GET /listings - Status: 304 - Duration: 14ms - IP: ::1","timestamp":"2026-06-19 03:27:22"}
{"level":"info","message":"HTTP Request: GET /stats - Status: 304 - Duration: 12ms - IP: ::1","timestamp":"2026-06-19 03:27:22"}
{"level":"info","message":"HTTP Request: GET /users - Status: 304 - Duration: 17ms - IP: ::1","timestamp":"2026-06-19 03:27:22"}
{"level":"info","message":"HTTP Request: GET /listings - Status: 304 - Duration: 18ms - IP: ::1","timestamp":"2026-06-19 03:27:22"}
{"level":"info","message":"HTTP Request: GET /stats - Status: 304 - Duration: 14ms - IP: ::1","timestamp":"2026-06-19 03:27:22"}
{"level":"info","message":"HTTP Request: GET /users - Status: 304 - Duration: 20ms - IP: ::1","timestamp":"2026-06-19 03:27:22"}
{"level":"info","message":"HTTP Request: GET /listings - Status: 304 - Duration: 20ms - IP: ::1","timestamp":"2026-06-19 03:27:22"}
{"level":"info","message":"HTTP Request: GET /stats - Status: 304 - Duration: 12ms - IP: ::1","timestamp":"2026-06-19 03:27:22"}
{"level":"info","message":"HTTP Request: GET /users - Status: 304 - Duration: 20ms - IP: ::1","timestamp":"2026-06-19 03:27:22"}
{"level":"info","message":"HTTP Request: GET /listings - Status: 304 - Duration: 16ms - IP: ::1","timestamp":"2026-06-19 03:27:22"}
{"level":"info","message":"HTTP Request: GET /stats - Status: 304 - Duration: 14ms - IP: ::1","timestamp":"2026-06-19 03:27:22"}
{"level":"info","message":"HTTP Request: GET /users - Status: 304 - Duration: 17ms - IP: ::1","timestamp":"2026-06-19 03:27:22"}
{"level":"info","message":"HTTP Request: GET /listings - Status: 304 - Duration: 17ms - IP: ::1","timestamp":"2026-06-19 03:27:22"}
{"level":"info","message":"HTTP Request: GET /stats - Status: 304 - Duration: 14ms - IP: ::1","timestamp":"2026-06-19 03:27:22"}
{"level":"info","message":"HTTP Request: GET /users - Status: 304 - Duration: 16ms - IP: ::1","timestamp":"2026-06-19 03:27:22"}
{"level":"info","message":"HTTP Request: GET /listings - Status: 304 - Duration: 14ms - IP: ::1","timestamp":"2026-06-19 03:27:22"}
{"level":"info","message":"HTTP Request: GET /stats - Status: 304 - Duration: 14ms - IP: ::1","timestamp":"2026-06-19 03:27:22"}
{"level":"info","message":"HTTP Request: GET /users - Status: 304 - Duration: 19ms - IP: ::1","timestamp":"2026-06-19 03:27:22"}
{"level":"info","message":"HTTP Request: GET /listings - Status: 304 - Duration: 18ms - IP: ::1","timestamp":"2026-06-19 03:27:22"}
{"level":"info","message":"HTTP Request: GET /stats - Status: 304 - Duration: 13ms - IP: ::1","timestamp":"2026-06-19 03:27:23"}
{"level":"info","message":"HTTP Request: GET /users - Status: 304 - Duration: 17ms - IP: ::1","timestamp":"2026-06-19 03:27:23"}
{"level":"info","message":"HTTP Request: GET /listings - Status: 304 - Duration: 18ms - IP: ::1","timestamp":"2026-06-19 03:27:23"}
{"level":"info","message":"HTTP Request: GET /stats - Status: 304 - Duration: 13ms - IP: ::1","timestamp":"2026-06-19 03:27:23"}
{"level":"info","message":"HTTP Request: GET /users - Status: 304 - Duration: 15ms - IP: ::1","timestamp":"2026-06-19 03:27:23"}
{"level":"info","message":"HTTP Request: GET /listings - Status: 304 - Duration: 13ms - IP: ::1","timestamp":"2026-06-19 03:27:23"}
{"level":"info","message":"HTTP Request: GET /stats - Status: 304 - Duration: 14ms - IP: ::1","timestamp":"2026-06-19 03:27:23"}
{"level":"info","message":"HTTP Request: GET /users - Status: 304 - Duration: 17ms - IP: ::1","timestamp":"2026-06-19 03:27:23"}
{"level":"info","message":"HTTP Request: GET /listings - Status: 304 - Duration: 16ms - IP: ::1","timestamp":"2026-06-19 03:27:23"}
{"level":"info","message":"HTTP Request: GET /stats - Status: 304 - Duration: 13ms - IP: ::1","timestamp":"2026-06-19 03:27:23"}
{"level":"info","message":"HTTP Request: GET /users - Status: 304 - Duration: 14ms - IP: ::1","timestamp":"2026-06-19 03:27:23"}
{"level":"info","message":"HTTP Request: GET /listings - Status: 304 - Duration: 13ms - IP: ::1","timestamp":"2026-06-19 03:27:23"}
{"level":"info","message":"HTTP Request: GET /stats - Status: 304 - Duration: 10ms - IP: ::1","timestamp":"2026-06-19 03:27:23"}
{"level":"info","message":"HTTP Request: GET /users - Status: 304 - Duration: 29ms - IP: ::1","timestamp":"2026-06-19 03:27:23"}
{"level":"info","message":"HTTP Request: GET /listings - Status: 304 - Duration: 27ms - IP: ::1","timestamp":"2026-06-19 03:27:23"}
{"level":"info","message":"HTTP Request: GET /stats - Status: 304 - Duration: 14ms - IP: ::1","timestamp":"2026-06-19 03:27:23"}
{"level":"info","message":"HTTP Request: GET /users - Status: 304 - Duration: 24ms - IP: ::1","timestamp":"2026-06-19 03:27:23"}
{"level":"info","message":"HTTP Request: GET /listings - Status: 304 - Duration: 21ms - IP: ::1","timestamp":"2026-06-19 03:27:23"}
{"level":"info","message":"HTTP Request: GET /stats - Status: 304 - Duration: 10ms - IP: ::1","timestamp":"2026-06-19 03:27:23"}
{"level":"info","message":"HTTP Request: GET /listings - Status: 304 - Duration: 16ms - IP: ::1","timestamp":"2026-06-19 03:27:23"}
{"level":"info","message":"HTTP Request: GET /users - Status: 304 - Duration: 26ms - IP: ::1","timestamp":"2026-06-19 03:27:23"}
{"level":"info","message":"HTTP Request: GET /stats - Status: 304 - Duration: 14ms - IP: ::1","timestamp":"2026-06-19 03:27:23"}
{"level":"info","message":"HTTP Request: GET /listings - Status: 304 - Duration: 11ms - IP: ::1","timestamp":"2026-06-19 03:27:23"}
{"level":"info","message":"HTTP Request: GET /users - Status: 304 - Duration: 16ms - IP: ::1","timestamp":"2026-06-19 03:27:23"}
{"level":"info","message":"HTTP Request: GET /stats - Status: 304 - Duration: 19ms - IP: ::1","timestamp":"2026-06-19 03:27:23"}
{"level":"info","message":"HTTP Request: GET /users - Status: 304 - Duration: 20ms - IP: ::1","timestamp":"2026-06-19 03:27:23"}
{"level":"info","message":"HTTP Request: GET /listings - Status: 304 - Duration: 15ms - IP: ::1","timestamp":"2026-06-19 03:27:23"}
{"level":"info","message":"HTTP Request: GET /stats - Status: 304 - Duration: 12ms - IP: ::1","timestamp":"2026-06-19 03:27:23"}
{"level":"info","message":"HTTP Request: GET /users - Status: 304 - Duration: 15ms - IP: ::1","timestamp":"2026-06-19 03:27:23"}
{"level":"info","message":"HTTP Request: GET /listings - Status: 304 - Duration: 15ms - IP: ::1","timestamp":"2026-06-19 03:27:23"}
{"level":"info","message":"HTTP Request: GET /stats - Status: 304 - Duration: 13ms - IP: ::1","timestamp":"2026-06-19 03:27:23"}
{"level":"info","message":"HTTP Request: GET /users - Status: 304 - Duration: 16ms - IP: ::1","timestamp":"2026-06-19 03:27:23"}
{"level":"info","message":"HTTP Request: GET /listings - Status: 304 - Duration: 15ms - IP: ::1","timestamp":"2026-06-19 03:27:23"}
{"level":"info","message":"HTTP Request: GET /stats - Status: 304 - Duration: 12ms - IP: ::1","timestamp":"2026-06-19 03:27:23"}
{"level":"info","message":"HTTP Request: GET /users - Status: 304 - Duration: 16ms - IP: ::1","timestamp":"2026-06-19 03:27:23"}
{"level":"info","message":"HTTP Request: GET /listings - Status: 304 - Duration: 16ms - IP: ::1","timestamp":"2026-06-19 03:27:23"}
{"level":"info","message":"HTTP Request: GET /stats - Status: 304 - Duration: 13ms - IP: ::1","timestamp":"2026-06-19 03:27:23"}
{"level":"info","message":"HTTP Request: GET /users - Status: 304 - Duration: 13ms - IP: ::1","timestamp":"2026-06-19 03:27:23"}
{"level":"info","message":"HTTP Request: GET /listings - Status: 304 - Duration: 14ms - IP: ::1","timestamp":"2026-06-19 03:27:23"}
{"level":"info","message":"HTTP Request: GET /stats - Status: 304 - Duration: 10ms - IP: ::1","timestamp":"2026-06-19 03:27:23"}
{"level":"info","message":"HTTP Request: GET /users - Status: 304 - Duration: 16ms - IP: ::1","timestamp":"2026-06-19 03:27:23"}
{"level":"info","message":"HTTP Request: GET /listings - Status: 304 - Duration: 14ms - IP: ::1","timestamp":"2026-06-19 03:27:23"}
{"level":"info","message":"HTTP Request: GET /stats - Status: 304 - Duration: 14ms - IP: ::1","timestamp":"2026-06-19 03:27:23"}
{"level":"info","message":"HTTP Request: GET /users - Status: 304 - Duration: 15ms - IP: ::1","timestamp":"2026-06-19 03:27:23"}
{"level":"info","message":"HTTP Request: GET /listings - Status: 304 - Duration: 13ms - IP: ::1","timestamp":"2026-06-19 03:27:23"}
{"level":"info","message":"HTTP Request: GET /stats - Status: 304 - Duration: 10ms - IP: ::1","timestamp":"2026-06-19 03:27:23"}
{"level":"info","message":"HTTP Request: GET /users - Status: 304 - Duration: 14ms - IP: ::1","timestamp":"2026-06-19 03:27:23"}
{"level":"info","message":"HTTP Request: GET /listings - Status: 304 - Duration: 12ms - IP: ::1","timestamp":"2026-06-19 03:27:23"}
{"level":"info","message":"HTTP Request: GET /stats - Status: 304 - Duration: 13ms - IP: ::1","timestamp":"2026-06-19 03:27:23"}
{"level":"info","message":"HTTP Request: GET /users - Status: 304 - Duration: 15ms - IP: ::1","timestamp":"2026-06-19 03:27:23"}
{"level":"info","message":"HTTP Request: GET /listings - Status: 304 - Duration: 13ms - IP: ::1","timestamp":"2026-06-19 03:27:23"}
{"level":"info","message":"HTTP Request: GET /stats - Status: 304 - Duration: 13ms - IP: ::1","timestamp":"2026-06-19 03:27:23"}
{"level":"info","message":"HTTP Request: GET /users - Status: 304 - Duration: 17ms - IP: ::1","timestamp":"2026-06-19 03:27:23"}
{"level":"info","message":"HTTP Request: GET /listings - Status: 304 - Duration: 14ms - IP: ::1","timestamp":"2026-06-19 03:27:23"}
{"level":"info","message":"HTTP Request: GET /stats - Status: 304 - Duration: 11ms - IP: ::1","timestamp":"2026-06-19 03:27:23"}
{"level":"info","message":"HTTP Request: GET /listings - Status: 304 - Duration: 17ms - IP: ::1","timestamp":"2026-06-19 03:27:23"}
{"level":"info","message":"HTTP Request: GET /users - Status: 304 - Duration: 16ms - IP: ::1","timestamp":"2026-06-19 03:27:23"}
{"level":"info","message":"HTTP Request: GET /stats - Status: 304 - Duration: 16ms - IP: ::1","timestamp":"2026-06-19 03:27:24"}
{"level":"info","message":"HTTP Request: GET /listings - Status: 304 - Duration: 21ms - IP: ::1","timestamp":"2026-06-19 03:27:24"}
{"level":"info","message":"HTTP Request: GET /users - Status: 304 - Duration: 22ms - IP: ::1","timestamp":"2026-06-19 03:27:24"}
{"level":"info","message":"HTTP Request: GET /stats - Status: 304 - Duration: 15ms - IP: ::1","timestamp":"2026-06-19 03:27:24"}
{"level":"info","message":"HTTP Request: GET /users - Status: 304 - Duration: 19ms - IP: ::1","timestamp":"2026-06-19 03:27:24"}
{"level":"info","message":"HTTP Request: GET /listings - Status: 304 - Duration: 19ms - IP: ::1","timestamp":"2026-06-19 03:27:24"}
{"level":"info","message":"HTTP Request: GET /stats - Status: 304 - Duration: 37ms - IP: ::1","timestamp":"2026-06-19 03:27:24"}
{"level":"info","message":"HTTP Request: GET /users - Status: 304 - Duration: 35ms - IP: ::1","timestamp":"2026-06-19 03:27:24"}
{"level":"info","message":"HTTP Request: GET /listings - Status: 304 - Duration: 34ms - IP: ::1","timestamp":"2026-06-19 03:27:24"}
{"level":"info","message":"HTTP Request: GET /stats - Status: 304 - Duration: 32ms - IP: ::1","timestamp":"2026-06-19 03:27:24"}
{"level":"info","message":"HTTP Request: GET /listings - Status: 304 - Duration: 31ms - IP: ::1","timestamp":"2026-06-19 03:27:24"}
{"level":"info","message":"HTTP Request: GET /users - Status: 304 - Duration: 47ms - IP: ::1","timestamp":"2026-06-19 03:27:24"}
{"level":"info","message":"HTTP Request: GET /stats - Status: 304 - Duration: 12ms - IP: ::1","timestamp":"2026-06-19 03:27:24"}
{"level":"info","message":"HTTP Request: GET /listings - Status: 304 - Duration: 21ms - IP: ::1","timestamp":"2026-06-19 03:27:24"}
{"level":"info","message":"HTTP Request: GET /users - Status: 304 - Duration: 22ms - IP: ::1","timestamp":"2026-06-19 03:27:24"}
{"level":"info","message":"HTTP Request: GET /stats - Status: 304 - Duration: 13ms - IP: ::1","timestamp":"2026-06-19 03:27:24"}
{"level":"info","message":"HTTP Request: GET /users - Status: 304 - Duration: 17ms - IP: ::1","timestamp":"2026-06-19 03:27:24"}
{"level":"info","message":"HTTP Request: GET /listings - Status: 304 - Duration: 17ms - IP: ::1","timestamp":"2026-06-19 03:27:24"}
{"level":"info","message":"HTTP Request: GET /stats - Status: 304 - Duration: 15ms - IP: ::1","timestamp":"2026-06-19 03:27:24"}
{"level":"info","message":"HTTP Request: GET /users - Status: 304 - Duration: 17ms - IP: ::1","timestamp":"2026-06-19 03:27:24"}
{"level":"info","message":"HTTP Request: GET /listings - Status: 304 - Duration: 16ms - IP: ::1","timestamp":"2026-06-19 03:27:24"}
{"level":"info","message":"HTTP Request: GET /stats - Status: 304 - Duration: 13ms - IP: ::1","timestamp":"2026-06-19 03:27:24"}
{"level":"info","message":"HTTP Request: GET /users - Status: 304 - Duration: 20ms - IP: ::1","timestamp":"2026-06-19 03:27:24"}
{"level":"info","message":"HTTP Request: GET /listings - Status: 304 - Duration: 19ms - IP: ::1","timestamp":"2026-06-19 03:27:24"}
{"level":"info","message":"HTTP Request: GET /stats - Status: 304 - Duration: 15ms - IP: ::1","timestamp":"2026-06-19 03:27:24"}
{"level":"info","message":"HTTP Request: GET /users - Status: 304 - Duration: 16ms - IP: ::1","timestamp":"2026-06-19 03:27:24"}
{"level":"info","message":"HTTP Request: GET /listings - Status: 304 - Duration: 19ms - IP: ::1","timestamp":"2026-06-19 03:27:24"}
{"level":"info","message":"HTTP Request: GET /stats - Status: 304 - Duration: 13ms - IP: ::1","timestamp":"2026-06-19 03:27:24"}
{"level":"info","message":"HTTP Request: GET /users - Status: 304 - Duration: 18ms - IP: ::1","timestamp":"2026-06-19 03:27:24"}
{"level":"info","message":"HTTP Request: GET /listings - Status: 304 - Duration: 18ms - IP: ::1","timestamp":"2026-06-19 03:27:24"}
{"level":"info","message":"HTTP Request: GET /stats - Status: 304 - Duration: 13ms - IP: ::1","timestamp":"2026-06-19 03:27:24"}
{"level":"info","message":"HTTP Request: GET /users - Status: 304 - Duration: 18ms - IP: ::1","timestamp":"2026-06-19 03:27:24"}
{"level":"info","message":"HTTP Request: GET /listings - Status: 304 - Duration: 16ms - IP: ::1","timestamp":"2026-06-19 03:27:24"}
{"level":"info","message":"HTTP Request: GET /stats - Status: 304 - Duration: 12ms - IP: ::1","timestamp":"2026-06-19 03:27:24"}
{"level":"info","message":"HTTP Request: GET /users - Status: 304 - Duration: 20ms - IP: ::1","timestamp":"2026-06-19 03:27:24"}
{"level":"info","message":"HTTP Request: GET /listings - Status: 304 - Duration: 17ms - IP: ::1","timestamp":"2026-06-19 03:27:24"}
{"level":"info","message":"HTTP Request: GET /stats - Status: 304 - Duration: 13ms - IP: ::1","timestamp":"2026-06-19 03:27:24"}
{"level":"info","message":"HTTP Request: GET /users - Status: 304 - Duration: 15ms - IP: ::1","timestamp":"2026-06-19 03:27:24"}
{"level":"info","message":"HTTP Request: GET /listings - Status: 304 - Duration: 15ms - IP: ::1","timestamp":"2026-06-19 03:27:24"}
{"level":"info","message":"HTTP Request: GET /stats - Status: 304 - Duration: 13ms - IP: ::1","timestamp":"2026-06-19 03:27:24"}
{"level":"info","message":"HTTP Request: GET /users - Status: 304 - Duration: 16ms - IP: ::1","timestamp":"2026-06-19 03:27:24"}
{"level":"info","message":"HTTP Request: GET /listings - Status: 304 - Duration: 16ms - IP: ::1","timestamp":"2026-06-19 03:27:24"}
{"level":"info","message":"HTTP Request: GET /stats - Status: 304 - Duration: 14ms - IP: ::1","timestamp":"2026-06-19 03:27:24"}
{"level":"info","message":"HTTP Request: GET /users - Status: 304 - Duration: 16ms - IP: ::1","timestamp":"2026-06-19 03:27:24"}
{"level":"info","message":"HTTP Request: GET /listings - Status: 304 - Duration: 14ms - IP: ::1","timestamp":"2026-06-19 03:27:24"}
{"level":"info","message":"HTTP Request: GET /stats - Status: 304 - Duration: 12ms - IP: ::1","timestamp":"2026-06-19 03:27:24"}
{"level":"info","message":"HTTP Request: GET /users - Status: 304 - Duration: 18ms - IP: ::1","timestamp":"2026-06-19 03:27:24"}
{"level":"info","message":"HTTP Request: GET /listings - Status: 304 - Duration: 17ms - IP: ::1","timestamp":"2026-06-19 03:27:24"}
{"level":"info","message":"HTTP Request: GET /stats - Status: 304 - Duration: 12ms - IP: ::1","timestamp":"2026-06-19 03:27:24"}
{"level":"info","message":"HTTP Request: GET /users - Status: 304 - Duration: 17ms - IP: ::1","timestamp":"2026-06-19 03:27:24"}
{"level":"info","message":"HTTP Request: GET /listings - Status: 304 - Duration: 17ms - IP: ::1","timestamp":"2026-06-19 03:27:24"}
{"level":"info","message":"HTTP Request: GET /stats - Status: 304 - Duration: 11ms - IP: ::1","timestamp":"2026-06-19 03:27:24"}
{"level":"info","message":"HTTP Request: GET /users - Status: 304 - Duration: 16ms - IP: ::1","timestamp":"2026-06-19 03:27:24"}
{"level":"info","message":"HTTP Request: GET /listings - Status: 304 - Duration: 16ms - IP: ::1","timestamp":"2026-06-19 03:27:24"}
{"level":"info","message":"HTTP Request: GET /stats - Status: 304 - Duration: 14ms - IP: ::1","timestamp":"2026-06-19 03:27:25"}
{"level":"info","message":"HTTP Request: GET /users - Status: 304 - Duration: 16ms - IP: ::1","timestamp":"2026-06-19 03:27:25"}
{"level":"info","message":"HTTP Request: GET /listings - Status: 304 - Duration: 16ms - IP: ::1","timestamp":"2026-06-19 03:27:25"}
{"level":"info","message":"HTTP Request: GET /stats - Status: 304 - Duration: 11ms - IP: ::1","timestamp":"2026-06-19 03:27:25"}
{"level":"info","message":"HTTP Request: GET /users - Status: 304 - Duration: 16ms - IP: ::1","timestamp":"2026-06-19 03:27:25"}
{"level":"info","message":"HTTP Request: GET /listings - Status: 304 - Duration: 14ms - IP: ::1","timestamp":"2026-06-19 03:27:25"}
{"level":"info","message":"HTTP Request: GET /stats - Status: 304 - Duration: 15ms - IP: ::1","timestamp":"2026-06-19 03:27:25"}
{"level":"info","message":"HTTP Request: GET /users - Status: 304 - Duration: 17ms - IP: ::1","timestamp":"2026-06-19 03:27:25"}
{"level":"info","message":"HTTP Request: GET /listings - Status: 304 - Duration: 17ms - IP: ::1","timestamp":"2026-06-19 03:27:25"}
{"level":"info","message":"HTTP Request: GET /stats - Status: 304 - Duration: 11ms - IP: ::1","timestamp":"2026-06-19 03:27:25"}
{"level":"info","message":"HTTP Request: GET /users - Status: 304 - Duration: 15ms - IP: ::1","timestamp":"2026-06-19 03:27:25"}
{"level":"info","message":"HTTP Request: GET /listings - Status: 304 - Duration: 15ms - IP: ::1","timestamp":"2026-06-19 03:27:25"}
{"level":"info","message":"HTTP Request: GET /stats - Status: 304 - Duration: 21ms - IP: ::1","timestamp":"2026-06-19 03:27:25"}
{"level":"info","message":"HTTP Request: GET /users - Status: 304 - Duration: 23ms - IP: ::1","timestamp":"2026-06-19 03:27:25"}
{"level":"info","message":"HTTP Request: GET /listings - Status: 304 - Duration: 30ms - IP: ::1","timestamp":"2026-06-19 03:27:25"}
{"level":"info","message":"HTTP Request: GET /stats - Status: 304 - Duration: 20ms - IP: ::1","timestamp":"2026-06-19 03:27:25"}
{"level":"info","message":"HTTP Request: GET /users - Status: 304 - Duration: 29ms - IP: ::1","timestamp":"2026-06-19 03:27:25"}
{"level":"info","message":"HTTP Request: GET /listings - Status: 304 - Duration: 27ms - IP: ::1","timestamp":"2026-06-19 03:27:25"}
{"level":"info","message":"HTTP Request: GET /stats - Status: 304 - Duration: 16ms - IP: ::1","timestamp":"2026-06-19 03:27:25"}
{"level":"info","message":"HTTP Request: GET /users - Status: 304 - Duration: 22ms - IP: ::1","timestamp":"2026-06-19 03:27:25"}
{"level":"info","message":"HTTP Request: GET /listings - Status: 304 - Duration: 16ms - IP: ::1","timestamp":"2026-06-19 03:27:25"}
{"level":"info","message":"HTTP Request: GET /stats - Status: 304 - Duration: 11ms - IP: ::1","timestamp":"2026-06-19 03:27:25"}
{"level":"info","message":"HTTP Request: GET /listings - Status: 304 - Duration: 18ms - IP: ::1","timestamp":"2026-06-19 03:27:25"}
{"level":"info","message":"HTTP Request: GET /users - Status: 304 - Duration: 19ms - IP: ::1","timestamp":"2026-06-19 03:27:25"}
{"level":"info","message":"HTTP Request: GET /stats - Status: 304 - Duration: 11ms - IP: ::1","timestamp":"2026-06-19 03:27:25"}
{"level":"info","message":"HTTP Request: GET /users - Status: 304 - Duration: 17ms - IP: ::1","timestamp":"2026-06-19 03:27:25"}
{"level":"info","message":"HTTP Request: GET /listings - Status: 304 - Duration: 15ms - IP: ::1","timestamp":"2026-06-19 03:27:25"}
{"level":"info","message":"HTTP Request: GET /stats - Status: 304 - Duration: 13ms - IP: ::1","timestamp":"2026-06-19 03:27:25"}
{"level":"info","message":"HTTP Request: GET /listings - Status: 304 - Duration: 15ms - IP: ::1","timestamp":"2026-06-19 03:27:25"}
{"level":"info","message":"HTTP Request: GET /users - Status: 304 - Duration: 21ms - IP: ::1","timestamp":"2026-06-19 03:27:25"}
{"level":"info","message":"HTTP Request: GET /stats - Status: 304 - Duration: 26ms - IP: ::1","timestamp":"2026-06-19 03:27:25"}
{"level":"info","message":"HTTP Request: GET /listings - Status: 304 - Duration: 25ms - IP: ::1","timestamp":"2026-06-19 03:27:25"}
{"level":"info","message":"HTTP Request: GET /users - Status: 304 - Duration: 31ms - IP: ::1","timestamp":"2026-06-19 03:27:25"}
{"level":"info","message":"HTTP Request: GET /stats - Status: 304 - Duration: 12ms - IP: ::1","timestamp":"2026-06-19 03:27:25"}
{"level":"info","message":"HTTP Request: GET /users - Status: 304 - Duration: 17ms - IP: ::1","timestamp":"2026-06-19 03:27:25"}
{"level":"info","message":"HTTP Request: GET /listings - Status: 304 - Duration: 16ms - IP: ::1","timestamp":"2026-06-19 03:27:25"}
{"level":"info","message":"HTTP Request: GET /stats - Status: 304 - Duration: 12ms - IP: ::1","timestamp":"2026-06-19 03:27:25"}
{"level":"info","message":"HTTP Request: GET /users - Status: 304 - Duration: 17ms - IP: ::1","timestamp":"2026-06-19 03:27:25"}
{"level":"info","message":"HTTP Request: GET /listings - Status: 304 - Duration: 16ms - IP: ::1","timestamp":"2026-06-19 03:27:25"}
{"level":"info","message":"HTTP Request: GET /stats - Status: 304 - Duration: 12ms - IP: ::1","timestamp":"2026-06-19 03:27:25"}
{"level":"info","message":"HTTP Request: GET /users - Status: 304 - Duration: 13ms - IP: ::1","timestamp":"2026-06-19 03:27:25"}
{"level":"info","message":"HTTP Request: GET /listings - Status: 304 - Duration: 13ms - IP: ::1","timestamp":"2026-06-19 03:27:25"}
{"level":"info","message":"HTTP Request: GET /stats - Status: 304 - Duration: 11ms - IP: ::1","timestamp":"2026-06-19 03:27:25"}
{"level":"info","message":"HTTP Request: GET /users - Status: 304 - Duration: 14ms - IP: ::1","timestamp":"2026-06-19 03:27:25"}
{"level":"info","message":"HTTP Request: GET /listings - Status: 304 - Duration: 14ms - IP: ::1","timestamp":"2026-06-19 03:27:25"}
{"level":"info","message":"HTTP Request: GET /stats - Status: 304 - Duration: 13ms - IP: ::1","timestamp":"2026-06-19 03:27:25"}
{"level":"info","message":"HTTP Request: GET /users - Status: 304 - Duration: 17ms - IP: ::1","timestamp":"2026-06-19 03:27:25"}
{"level":"info","message":"HTTP Request: GET /listings - Status: 304 - Duration: 14ms - IP: ::1","timestamp":"2026-06-19 03:27:25"}
{"level":"info","message":"HTTP Request: GET /stats - Status: 304 - Duration: 10ms - IP: ::1","timestamp":"2026-06-19 03:27:25"}
{"level":"info","message":"HTTP Request: GET /users - Status: 304 - Duration: 12ms - IP: ::1","timestamp":"2026-06-19 03:27:25"}
{"level":"info","message":"HTTP Request: GET /listings - Status: 304 - Duration: 12ms - IP: ::1","timestamp":"2026-06-19 03:27:25"}
{"level":"info","message":"HTTP Request: GET /stats - Status: 304 - Duration: 11ms - IP: ::1","timestamp":"2026-06-19 03:27:25"}
{"level":"info","message":"HTTP Request: GET /users - Status: 304 - Duration: 19ms - IP: ::1","timestamp":"2026-06-19 03:27:25"}
{"level":"info","message":"HTTP Request: GET /listings - Status: 304 - Duration: 16ms - IP: ::1","timestamp":"2026-06-19 03:27:25"}
{"level":"info","message":"HTTP Request: GET /stats - Status: 304 - Duration: 10ms - IP: ::1","timestamp":"2026-06-19 03:27:25"}
{"level":"info","message":"HTTP Request: GET /listings - Status: 304 - Duration: 18ms - IP: ::1","timestamp":"2026-06-19 03:27:25"}
{"level":"info","message":"HTTP Request: GET /users - Status: 304 - Duration: 21ms - IP: ::1","timestamp":"2026-06-19 03:27:25"}
{"level":"info","message":"HTTP Request: GET /stats - Status: 304 - Duration: 10ms - IP: ::1","timestamp":"2026-06-19 03:27:25"}
{"level":"info","message":"HTTP Request: GET /listings - Status: 304 - Duration: 15ms - IP: ::1","timestamp":"2026-06-19 03:27:25"}
{"level":"info","message":"HTTP Request: GET /users - Status: 304 - Duration: 16ms - IP: ::1","timestamp":"2026-06-19 03:27:25"}
{"level":"info","message":"HTTP Request: GET /stats - Status: 304 - Duration: 10ms - IP: ::1","timestamp":"2026-06-19 03:27:26"}
{"level":"info","message":"HTTP Request: GET /users - Status: 304 - Duration: 15ms - IP: ::1","timestamp":"2026-06-19 03:27:26"}
{"level":"info","message":"HTTP Request: GET /listings - Status: 304 - Duration: 14ms - IP: ::1","timestamp":"2026-06-19 03:27:26"}
{"level":"info","message":"HTTP Request: GET /stats - Status: 304 - Duration: 14ms - IP: ::1","timestamp":"2026-06-19 03:27:26"}
{"level":"info","message":"HTTP Request: GET /users - Status: 304 - Duration: 17ms - IP: ::1","timestamp":"2026-06-19 03:27:26"}
{"level":"info","message":"HTTP Request: GET /listings - Status: 304 - Duration: 16ms - IP: ::1","timestamp":"2026-06-19 03:27:26"}
{"level":"info","message":"HTTP Request: GET /stats - Status: 304 - Duration: 13ms - IP: ::1","timestamp":"2026-06-19 03:27:26"}
{"level":"info","message":"HTTP Request: GET /users - Status: 304 - Duration: 16ms - IP: ::1","timestamp":"2026-06-19 03:27:26"}
{"level":"info","message":"HTTP Request: GET /listings - Status: 304 - Duration: 15ms - IP: ::1","timestamp":"2026-06-19 03:27:26"}
{"level":"info","message":"HTTP Request: GET /stats - Status: 304 - Duration: 11ms - IP: ::1","timestamp":"2026-06-19 03:27:26"}
{"level":"info","message":"HTTP Request: GET /users - Status: 304 - Duration: 16ms - IP: ::1","timestamp":"2026-06-19 03:27:26"}
{"level":"info","message":"HTTP Request: GET /listings - Status: 304 - Duration: 16ms - IP: ::1","timestamp":"2026-06-19 03:27:26"}
{"level":"info","message":"HTTP Request: GET /stats - Status: 304 - Duration: 11ms - IP: ::1","timestamp":"2026-06-19 03:27:26"}
{"level":"info","message":"HTTP Request: GET /users - Status: 304 - Duration: 12ms - IP: ::1","timestamp":"2026-06-19 03:27:26"}
{"level":"info","message":"HTTP Request: GET /listings - Status: 304 - Duration: 12ms - IP: ::1","timestamp":"2026-06-19 03:27:26"}
{"level":"info","message":"HTTP Request: GET /stats - Status: 304 - Duration: 11ms - IP: ::1","timestamp":"2026-06-19 03:27:26"}
{"level":"info","message":"HTTP Request: GET /users - Status: 304 - Duration: 15ms - IP: ::1","timestamp":"2026-06-19 03:27:26"}
{"level":"info","message":"HTTP Request: GET /listings - Status: 304 - Duration: 15ms - IP: ::1","timestamp":"2026-06-19 03:27:26"}
{"level":"info","message":"HTTP Request: GET /stats - Status: 304 - Duration: 12ms - IP: ::1","timestamp":"2026-06-19 03:27:26"}
{"level":"info","message":"HTTP Request: GET /users - Status: 304 - Duration: 16ms - IP: ::1","timestamp":"2026-06-19 03:27:26"}
{"level":"info","message":"HTTP Request: GET /listings - Status: 304 - Duration: 14ms - IP: ::1","timestamp":"2026-06-19 03:27:26"}
{"level":"info","message":"HTTP Request: GET /stats - Status: 304 - Duration: 10ms - IP: ::1","timestamp":"2026-06-19 03:27:26"}
{"level":"info","message":"HTTP Request: GET /users - Status: 304 - Duration: 16ms - IP: ::1","timestamp":"2026-06-19 03:27:26"}
{"level":"info","message":"HTTP Request: GET /listings - Status: 304 - Duration: 16ms - IP: ::1","timestamp":"2026-06-19 03:27:26"}
{"level":"info","message":"HTTP Request: GET /stats - Status: 304 - Duration: 12ms - IP: ::1","timestamp":"2026-06-19 03:27:26"}
{"level":"info","message":"HTTP Request: GET /users - Status: 304 - Duration: 15ms - IP: ::1","timestamp":"2026-06-19 03:27:26"}
{"level":"info","message":"HTTP Request: GET /listings - Status: 304 - Duration: 13ms - IP: ::1","timestamp":"2026-06-19 03:27:26"}
{"level":"info","message":"HTTP Request: GET /stats - Status: 304 - Duration: 12ms - IP: ::1","timestamp":"2026-06-19 03:27:26"}
{"level":"info","message":"HTTP Request: GET /users - Status: 304 - Duration: 14ms - IP: ::1","timestamp":"2026-06-19 03:27:26"}
{"level":"info","message":"HTTP Request: GET /listings - Status: 304 - Duration: 13ms - IP: ::1","timestamp":"2026-06-19 03:27:26"}
{"level":"info","message":"HTTP Request: GET /stats - Status: 304 - Duration: 10ms - IP: ::1","timestamp":"2026-06-19 03:27:26"}
{"level":"info","message":"HTTP Request: GET /users - Status: 304 - Duration: 14ms - IP: ::1","timestamp":"2026-06-19 03:27:26"}
{"level":"info","message":"HTTP Request: GET /listings - Status: 304 - Duration: 14ms - IP: ::1","timestamp":"2026-06-19 03:27:26"}
{"level":"info","message":"HTTP Request: GET /stats - Status: 304 - Duration: 10ms - IP: ::1","timestamp":"2026-06-19 03:27:26"}
{"level":"info","message":"HTTP Request: GET /users - Status: 304 - Duration: 18ms - IP: ::1","timestamp":"2026-06-19 03:27:26"}
{"level":"info","message":"HTTP Request: GET /listings - Status: 304 - Duration: 14ms - IP: ::1","timestamp":"2026-06-19 03:27:26"}
{"level":"info","message":"HTTP Request: GET /stats - Status: 304 - Duration: 12ms - IP: ::1","timestamp":"2026-06-19 03:27:26"}
{"level":"info","message":"HTTP Request: GET /users - Status: 304 - Duration: 12ms - IP: ::1","timestamp":"2026-06-19 03:27:26"}
{"level":"info","message":"HTTP Request: GET /listings - Status: 304 - Duration: 12ms - IP: ::1","timestamp":"2026-06-19 03:27:26"}
{"level":"info","message":"HTTP Request: GET /stats - Status: 304 - Duration: 12ms - IP: ::1","timestamp":"2026-06-19 03:27:26"}
{"level":"info","message":"HTTP Request: GET /users - Status: 304 - Duration: 14ms - IP: ::1","timestamp":"2026-06-19 03:27:26"}
{"level":"info","message":"HTTP Request: GET /listings - Status: 304 - Duration: 13ms - IP: ::1","timestamp":"2026-06-19 03:27:26"}
{"level":"info","message":"HTTP Request: GET /stats - Status: 304 - Duration: 11ms - IP: ::1","timestamp":"2026-06-19 03:27:26"}
{"level":"info","message":"HTTP Request: GET /users - Status: 304 - Duration: 12ms - IP: ::1","timestamp":"2026-06-19 03:27:26"}
{"level":"info","message":"HTTP Request: GET /listings - Status: 304 - Duration: 17ms - IP: ::1","timestamp":"2026-06-19 03:27:26"}
{"level":"info","message":"HTTP Request: GET /stats - Status: 304 - Duration: 17ms - IP: ::1","timestamp":"2026-06-19 03:27:26"}
{"level":"info","message":"HTTP Request: GET /users - Status: 304 - Duration: 19ms - IP: ::1","timestamp":"2026-06-19 03:27:26"}
{"level":"info","message":"HTTP Request: GET /listings - Status: 304 - Duration: 14ms - IP: ::1","timestamp":"2026-06-19 03:27:26"}
{"level":"info","message":"HTTP Request: GET /stats - Status: 304 - Duration: 12ms - IP: ::1","timestamp":"2026-06-19 03:27:26"}
{"level":"info","message":"HTTP Request: GET /listings - Status: 304 - Duration: 13ms - IP: ::1","timestamp":"2026-06-19 03:27:26"}
{"level":"info","message":"HTTP Request: GET /users - Status: 304 - Duration: 13ms - IP: ::1","timestamp":"2026-06-19 03:27:26"}
{"level":"info","message":"HTTP Request: GET /stats - Status: 304 - Duration: 12ms - IP: ::1","timestamp":"2026-06-19 03:27:26"}
{"level":"info","message":"HTTP Request: GET /users - Status: 304 - Duration: 16ms - IP: ::1","timestamp":"2026-06-19 03:27:26"}
{"level":"info","message":"HTTP Request: GET /listings - Status: 304 - Duration: 14ms - IP: ::1","timestamp":"2026-06-19 03:27:26"}
{"level":"info","message":"HTTP Request: GET /stats - Status: 304 - Duration: 10ms - IP: ::1","timestamp":"2026-06-19 03:27:26"}
{"level":"info","message":"HTTP Request: GET /users - Status: 304 - Duration: 15ms - IP: ::1","timestamp":"2026-06-19 03:27:26"}
{"level":"info","message":"HTTP Request: GET /listings - Status: 304 - Duration: 13ms - IP: ::1","timestamp":"2026-06-19 03:27:26"}
{"level":"info","message":"HTTP Request: GET /stats - Status: 304 - Duration: 11ms - IP: ::1","timestamp":"2026-06-19 03:27:26"}
{"level":"info","message":"HTTP Request: GET /users - Status: 304 - Duration: 17ms - IP: ::1","timestamp":"2026-06-19 03:27:26"}
{"level":"info","message":"HTTP Request: GET /listings - Status: 304 - Duration: 14ms - IP: ::1","timestamp":"2026-06-19 03:27:26"}
{"level":"info","message":"HTTP Request: GET /stats - Status: 304 - Duration: 10ms - IP: ::1","timestamp":"2026-06-19 03:27:26"}
{"level":"info","message":"HTTP Request: GET /users - Status: 304 - Duration: 13ms - IP: ::1","timestamp":"2026-06-19 03:27:26"}
{"level":"info","message":"HTTP Request: GET /listings - Status: 304 - Duration: 12ms - IP: ::1","timestamp":"2026-06-19 03:27:26"}
{"level":"info","message":"HTTP Request: GET /stats - Status: 304 - Duration: 10ms - IP: ::1","timestamp":"2026-06-19 03:27:26"}
{"level":"info","message":"HTTP Request: GET /users - Status: 304 - Duration: 15ms - IP: ::1","timestamp":"2026-06-19 03:27:26"}
{"level":"info","message":"HTTP Request: GET /listings - Status: 304 - Duration: 13ms - IP: ::1","timestamp":"2026-06-19 03:27:26"}
{"level":"info","message":"HTTP Request: GET /stats - Status: 304 - Duration: 11ms - IP: ::1","timestamp":"2026-06-19 03:27:27"}
{"level":"info","message":"HTTP Request: GET /users - Status: 304 - Duration: 13ms - IP: ::1","timestamp":"2026-06-19 03:27:27"}
{"level":"info","message":"HTTP Request: GET /listings - Status: 304 - Duration: 12ms - IP: ::1","timestamp":"2026-06-19 03:27:27"}
{"level":"info","message":"HTTP Request: GET /stats - Status: 304 - Duration: 13ms - IP: ::1","timestamp":"2026-06-19 03:27:27"}
{"level":"info","message":"HTTP Request: GET /users - Status: 304 - Duration: 11ms - IP: ::1","timestamp":"2026-06-19 03:27:27"}
{"level":"info","message":"HTTP Request: GET /listings - Status: 304 - Duration: 16ms - IP: ::1","timestamp":"2026-06-19 03:27:27"}
{"level":"info","message":"HTTP Request: GET /stats - Status: 304 - Duration: 10ms - IP: ::1","timestamp":"2026-06-19 03:27:27"}
{"level":"info","message":"HTTP Request: GET /users - Status: 304 - Duration: 15ms - IP: ::1","timestamp":"2026-06-19 03:27:27"}
{"level":"info","message":"HTTP Request: GET /listings - Status: 304 - Duration: 15ms - IP: ::1","timestamp":"2026-06-19 03:27:27"}
{"level":"info","message":"HTTP Request: GET /stats - Status: 304 - Duration: 11ms - IP: ::1","timestamp":"2026-06-19 03:27:27"}
{"level":"info","message":"HTTP Request: GET /users - Status: 304 - Duration: 14ms - IP: ::1","timestamp":"2026-06-19 03:27:27"}
{"level":"info","message":"HTTP Request: GET /listings - Status: 304 - Duration: 14ms - IP: ::1","timestamp":"2026-06-19 03:27:27"}
{"level":"info","message":"HTTP Request: GET /stats - Status: 304 - Duration: 12ms - IP: ::1","timestamp":"2026-06-19 03:27:27"}
{"level":"info","message":"HTTP Request: GET /users - Status: 304 - Duration: 15ms - IP: ::1","timestamp":"2026-06-19 03:27:27"}
{"level":"info","message":"HTTP Request: GET /listings - Status: 304 - Duration: 13ms - IP: ::1","timestamp":"2026-06-19 03:27:27"}
{"level":"info","message":"HTTP Request: GET /stats - Status: 304 - Duration: 10ms - IP: ::1","timestamp":"2026-06-19 03:27:27"}
{"level":"info","message":"HTTP Request: GET /users - Status: 304 - Duration: 14ms - IP: ::1","timestamp":"2026-06-19 03:27:27"}
{"level":"info","message":"HTTP Request: GET /listings - Status: 304 - Duration: 12ms - IP: ::1","timestamp":"2026-06-19 03:27:27"}
{"level":"info","message":"HTTP Request: GET /stats - Status: 304 - Duration: 12ms - IP: ::1","timestamp":"2026-06-19 03:27:27"}
{"level":"info","message":"HTTP Request: GET /listings - Status: 304 - Duration: 20ms - IP: ::1","timestamp":"2026-06-19 03:27:27"}
{"level":"info","message":"HTTP Request: GET /users - Status: 304 - Duration: 17ms - IP: ::1","timestamp":"2026-06-19 03:27:27"}
{"level":"info","message":"HTTP Request: GET /stats - Status: 304 - Duration: 13ms - IP: ::1","timestamp":"2026-06-19 03:27:27"}
{"level":"info","message":"HTTP Request: GET /listings - Status: 304 - Duration: 19ms - IP: ::1","timestamp":"2026-06-19 03:27:27"}
{"level":"info","message":"HTTP Request: GET /users - Status: 304 - Duration: 17ms - IP: ::1","timestamp":"2026-06-19 03:27:27"}
{"level":"info","message":"HTTP Request: GET /stats - Status: 304 - Duration: 10ms - IP: ::1","timestamp":"2026-06-19 03:27:27"}
{"level":"info","message":"HTTP Request: GET /listings - Status: 304 - Duration: 11ms - IP: ::1","timestamp":"2026-06-19 03:27:27"}
{"level":"info","message":"HTTP Request: GET /users - Status: 304 - Duration: 18ms - IP: ::1","timestamp":"2026-06-19 03:27:27"}
{"level":"info","message":"HTTP Request: GET /stats - Status: 304 - Duration: 11ms - IP: ::1","timestamp":"2026-06-19 03:27:27"}
{"level":"info","message":"HTTP Request: GET /users - Status: 304 - Duration: 15ms - IP: ::1","timestamp":"2026-06-19 03:27:27"}
{"level":"info","message":"HTTP Request: GET /listings - Status: 304 - Duration: 14ms - IP: ::1","timestamp":"2026-06-19 03:27:27"}
{"level":"info","message":"HTTP Request: GET /stats - Status: 304 - Duration: 10ms - IP: ::1","timestamp":"2026-06-19 03:27:27"}
{"level":"info","message":"HTTP Request: GET /listings - Status: 304 - Duration: 15ms - IP: ::1","timestamp":"2026-06-19 03:27:27"}
{"level":"info","message":"HTTP Request: GET /users - Status: 304 - Duration: 15ms - IP: ::1","timestamp":"2026-06-19 03:27:27"}
{"level":"info","message":"HTTP Request: GET /stats - Status: 304 - Duration: 10ms - IP: ::1","timestamp":"2026-06-19 03:27:27"}
{"level":"info","message":"HTTP Request: GET /users - Status: 304 - Duration: 14ms - IP: ::1","timestamp":"2026-06-19 03:27:27"}
{"level":"info","message":"HTTP Request: GET /listings - Status: 304 - Duration: 14ms - IP: ::1","timestamp":"2026-06-19 03:27:27"}
{"level":"info","message":"HTTP Request: GET /stats - Status: 304 - Duration: 12ms - IP: ::1","timestamp":"2026-06-19 03:27:27"}
{"level":"info","message":"HTTP Request: GET /listings - Status: 304 - Duration: 14ms - IP: ::1","timestamp":"2026-06-19 03:27:27"}
{"level":"info","message":"HTTP Request: GET /users - Status: 304 - Duration: 19ms - IP: ::1","timestamp":"2026-06-19 03:27:27"}
{"level":"info","message":"HTTP Request: GET /stats - Status: 304 - Duration: 16ms - IP: ::1","timestamp":"2026-06-19 03:27:27"}
{"level":"info","message":"HTTP Request: GET /users - Status: 304 - Duration: 18ms - IP: ::1","timestamp":"2026-06-19 03:27:27"}
{"level":"info","message":"HTTP Request: GET /listings - Status: 304 - Duration: 16ms - IP: ::1","timestamp":"2026-06-19 03:27:27"}
{"level":"info","message":"HTTP Request: GET /stats - Status: 304 - Duration: 10ms - IP: ::1","timestamp":"2026-06-19 03:27:27"}
{"level":"info","message":"HTTP Request: GET /users - Status: 304 - Duration: 12ms - IP: ::1","timestamp":"2026-06-19 03:27:27"}
{"level":"info","message":"HTTP Request: GET /listings - Status: 304 - Duration: 12ms - IP: ::1","timestamp":"2026-06-19 03:27:27"}
{"level":"info","message":"HTTP Request: GET /stats - Status: 304 - Duration: 11ms - IP: ::1","timestamp":"2026-06-19 03:27:27"}
{"level":"info","message":"HTTP Request: GET /listings - Status: 304 - Duration: 12ms - IP: ::1","timestamp":"2026-06-19 03:27:27"}
{"level":"info","message":"HTTP Request: GET /users - Status: 304 - Duration: 13ms - IP: ::1","timestamp":"2026-06-19 03:27:27"}
{"level":"info","message":"HTTP Request: GET /stats - Status: 304 - Duration: 11ms - IP: ::1","timestamp":"2026-06-19 03:27:27"}
{"level":"info","message":"HTTP Request: GET /users - Status: 304 - Duration: 15ms - IP: ::1","timestamp":"2026-06-19 03:27:27"}
{"level":"info","message":"HTTP Request: GET /listings - Status: 304 - Duration: 14ms - IP: ::1","timestamp":"2026-06-19 03:27:27"}
{"level":"info","message":"HTTP Request: GET /stats - Status: 304 - Duration: 13ms - IP: ::1","timestamp":"2026-06-19 03:27:27"}
{"level":"info","message":"HTTP Request: GET /users - Status: 304 - Duration: 13ms - IP: ::1","timestamp":"2026-06-19 03:27:27"}
{"level":"info","message":"HTTP Request: GET /listings - Status: 304 - Duration: 14ms - IP: ::1","timestamp":"2026-06-19 03:27:27"}
{"level":"info","message":"HTTP Request: GET /stats - Status: 304 - Duration: 11ms - IP: ::1","timestamp":"2026-06-19 03:27:27"}
{"level":"info","message":"HTTP Request: GET /users - Status: 304 - Duration: 13ms - IP: ::1","timestamp":"2026-06-19 03:27:27"}
{"level":"info","message":"HTTP Request: GET /listings - Status: 304 - Duration: 13ms - IP: ::1","timestamp":"2026-06-19 03:27:27"}
{"level":"info","message":"HTTP Request: GET /stats - Status: 304 - Duration: 10ms - IP: ::1","timestamp":"2026-06-19 03:27:27"}
{"level":"info","message":"HTTP Request: GET /users - Status: 304 - Duration: 14ms - IP: ::1","timestamp":"2026-06-19 03:27:27"}
{"level":"info","message":"HTTP Request: GET /listings - Status: 304 - Duration: 13ms - IP: ::1","timestamp":"2026-06-19 03:27:27"}
{"level":"info","message":"HTTP Request: GET /stats - Status: 304 - Duration: 12ms - IP: ::1","timestamp":"2026-06-19 03:27:27"}
{"level":"info","message":"HTTP Request: GET /users - Status: 304 - Duration: 14ms - IP: ::1","timestamp":"2026-06-19 03:27:27"}
{"level":"info","message":"HTTP Request: GET /listings - Status: 304 - Duration: 13ms - IP: ::1","timestamp":"2026-06-19 03:27:27"}
{"level":"info","message":"HTTP Request: GET /stats - Status: 304 - Duration: 10ms - IP: ::1","timestamp":"2026-06-19 03:27:27"}
{"level":"info","message":"HTTP Request: GET /listings - Status: 304 - Duration: 10ms - IP: ::1","timestamp":"2026-06-19 03:27:27"}
{"level":"info","message":"HTTP Request: GET /users - Status: 304 - Duration: 16ms - IP: ::1","timestamp":"2026-06-19 03:27:27"}
{"level":"info","message":"HTTP Request: GET /stats - Status: 304 - Duration: 11ms - IP: ::1","timestamp":"2026-06-19 03:27:27"}
{"level":"info","message":"HTTP Request: GET /users - Status: 304 - Duration: 16ms - IP: ::1","timestamp":"2026-06-19 03:27:27"}
{"level":"info","message":"HTTP Request: GET /listings - Status: 304 - Duration: 14ms - IP: ::1","timestamp":"2026-06-19 03:27:27"}
{"level":"info","message":"HTTP Request: GET /stats - Status: 304 - Duration: 12ms - IP: ::1","timestamp":"2026-06-19 03:27:27"}
{"level":"info","message":"HTTP Request: GET /listings - Status: 304 - Duration: 13ms - IP: ::1","timestamp":"2026-06-19 03:27:28"}
{"level":"info","message":"HTTP Request: GET /users - Status: 304 - Duration: 12ms - IP: ::1","timestamp":"2026-06-19 03:27:28"}
{"level":"info","message":"HTTP Request: GET /stats - Status: 304 - Duration: 11ms - IP: ::1","timestamp":"2026-06-19 03:27:28"}
{"level":"info","message":"HTTP Request: GET /users - Status: 304 - Duration: 14ms - IP: ::1","timestamp":"2026-06-19 03:27:28"}
{"level":"info","message":"HTTP Request: GET /listings - Status: 304 - Duration: 13ms - IP: ::1","timestamp":"2026-06-19 03:27:28"}
{"level":"info","message":"HTTP Request: GET /stats - Status: 304 - Duration: 11ms - IP: ::1","timestamp":"2026-06-19 03:27:28"}
{"level":"info","message":"HTTP Request: GET /users - Status: 304 - Duration: 15ms - IP: ::1","timestamp":"2026-06-19 03:27:28"}
{"level":"info","message":"HTTP Request: GET /listings - Status: 304 - Duration: 14ms - IP: ::1","timestamp":"2026-06-19 03:27:28"}
{"level":"info","message":"HTTP Request: GET /stats - Status: 304 - Duration: 10ms - IP: ::1","timestamp":"2026-06-19 03:27:28"}
{"level":"info","message":"HTTP Request: GET /users - Status: 304 - Duration: 12ms - IP: ::1","timestamp":"2026-06-19 03:27:28"}
{"level":"info","message":"HTTP Request: GET /listings - Status: 304 - Duration: 12ms - IP: ::1","timestamp":"2026-06-19 03:27:28"}
{"level":"info","message":"HTTP Request: GET /stats - Status: 304 - Duration: 11ms - IP: ::1","timestamp":"2026-06-19 03:27:28"}
{"level":"info","message":"HTTP Request: GET /listings - Status: 304 - Duration: 13ms - IP: ::1","timestamp":"2026-06-19 03:27:28"}
{"level":"info","message":"HTTP Request: GET /users - Status: 304 - Duration: 19ms - IP: ::1","timestamp":"2026-06-19 03:27:28"}
{"level":"info","message":"HTTP Request: GET /stats - Status: 304 - Duration: 13ms - IP: ::1","timestamp":"2026-06-19 03:27:28"}
{"level":"info","message":"HTTP Request: GET /listings - Status: 304 - Duration: 15ms - IP: ::1","timestamp":"2026-06-19 03:27:28"}
{"level":"info","message":"HTTP Request: GET /users - Status: 304 - Duration: 14ms - IP: ::1","timestamp":"2026-06-19 03:27:28"}
{"level":"info","message":"HTTP Request: GET /stats - Status: 304 - Duration: 10ms - IP: ::1","timestamp":"2026-06-19 03:27:28"}
{"level":"info","message":"HTTP Request: GET /users - Status: 304 - Duration: 13ms - IP: ::1","timestamp":"2026-06-19 03:27:28"}
{"level":"info","message":"HTTP Request: GET /listings - Status: 304 - Duration: 13ms - IP: ::1","timestamp":"2026-06-19 03:27:28"}
{"level":"info","message":"HTTP Request: GET /stats - Status: 304 - Duration: 11ms - IP: ::1","timestamp":"2026-06-19 03:27:28"}
{"level":"info","message":"HTTP Request: GET /users - Status: 304 - Duration: 12ms - IP: ::1","timestamp":"2026-06-19 03:27:28"}
{"level":"info","message":"HTTP Request: GET /listings - Status: 304 - Duration: 12ms - IP: ::1","timestamp":"2026-06-19 03:27:28"}
{"level":"info","message":"HTTP Request: GET /stats - Status: 304 - Duration: 11ms - IP: ::1","timestamp":"2026-06-19 03:27:28"}
{"level":"info","message":"HTTP Request: GET /users - Status: 304 - Duration: 15ms - IP: ::1","timestamp":"2026-06-19 03:27:28"}
{"level":"info","message":"HTTP Request: GET /listings - Status: 304 - Duration: 13ms - IP: ::1","timestamp":"2026-06-19 03:27:28"}
{"level":"info","message":"HTTP Request: GET /stats - Status: 304 - Duration: 11ms - IP: ::1","timestamp":"2026-06-19 03:27:28"}
{"level":"info","message":"HTTP Request: GET /users - Status: 304 - Duration: 16ms - IP: ::1","timestamp":"2026-06-19 03:27:28"}
{"level":"info","message":"HTTP Request: GET /listings - Status: 304 - Duration: 16ms - IP: ::1","timestamp":"2026-06-19 03:27:28"}
{"level":"info","message":"HTTP Request: GET /stats - Status: 304 - Duration: 14ms - IP: ::1","timestamp":"2026-06-19 03:27:28"}
{"level":"info","message":"HTTP Request: GET /users - Status: 304 - Duration: 16ms - IP: ::1","timestamp":"2026-06-19 03:27:28"}
{"level":"info","message":"HTTP Request: GET /listings - Status: 304 - Duration: 12ms - IP: ::1","timestamp":"2026-06-19 03:27:28"}
{"level":"info","message":"HTTP Request: GET /stats - Status: 304 - Duration: 10ms - IP: ::1","timestamp":"2026-06-19 03:27:28"}
{"level":"info","message":"HTTP Request: GET /users - Status: 304 - Duration: 17ms - IP: ::1","timestamp":"2026-06-19 03:27:28"}
{"level":"info","message":"HTTP Request: GET /listings - Status: 304 - Duration: 17ms - IP: ::1","timestamp":"2026-06-19 03:27:28"}
{"level":"info","message":"HTTP Request: GET /stats - Status: 304 - Duration: 10ms - IP: ::1","timestamp":"2026-06-19 03:27:28"}
{"level":"info","message":"HTTP Request: GET /users - Status: 304 - Duration: 14ms - IP: ::1","timestamp":"2026-06-19 03:27:28"}
{"level":"info","message":"HTTP Request: GET /listings - Status: 304 - Duration: 13ms - IP: ::1","timestamp":"2026-06-19 03:27:28"}
{"level":"info","message":"HTTP Request: GET /stats - Status: 304 - Duration: 11ms - IP: ::1","timestamp":"2026-06-19 03:27:28"}
{"level":"info","message":"HTTP Request: GET /users - Status: 304 - Duration: 17ms - IP: ::1","timestamp":"2026-06-19 03:27:28"}
{"level":"info","message":"HTTP Request: GET /listings - Status: 304 - Duration: 15ms - IP: ::1","timestamp":"2026-06-19 03:27:28"}
{"level":"info","message":"HTTP Request: GET /stats - Status: 304 - Duration: 10ms - IP: ::1","timestamp":"2026-06-19 03:27:28"}
{"level":"info","message":"HTTP Request: GET /users - Status: 304 - Duration: 13ms - IP: ::1","timestamp":"2026-06-19 03:27:28"}
{"level":"info","message":"HTTP Request: GET /listings - Status: 304 - Duration: 13ms - IP: ::1","timestamp":"2026-06-19 03:27:28"}
{"level":"info","message":"HTTP Request: GET /stats - Status: 304 - Duration: 12ms - IP: ::1","timestamp":"2026-06-19 03:27:28"}
{"level":"info","message":"HTTP Request: GET /listings - Status: 304 - Duration: 15ms - IP: ::1","timestamp":"2026-06-19 03:27:28"}
{"level":"info","message":"HTTP Request: GET /users - Status: 304 - Duration: 14ms - IP: ::1","timestamp":"2026-06-19 03:27:28"}
{"level":"info","message":"HTTP Request: GET /stats - Status: 304 - Duration: 10ms - IP: ::1","timestamp":"2026-06-19 03:27:29"}
{"level":"info","message":"HTTP Request: GET /listings - Status: 304 - Duration: 12ms - IP: ::1","timestamp":"2026-06-19 03:27:29"}
{"level":"info","message":"HTTP Request: GET /users - Status: 304 - Duration: 18ms - IP: ::1","timestamp":"2026-06-19 03:27:29"}
{"level":"info","message":"HTTP Request: GET /stats - Status: 304 - Duration: 11ms - IP: ::1","timestamp":"2026-06-19 03:27:29"}
{"level":"info","message":"HTTP Request: GET /users - Status: 304 - Duration: 15ms - IP: ::1","timestamp":"2026-06-19 03:27:29"}
{"level":"info","message":"HTTP Request: GET /listings - Status: 304 - Duration: 13ms - IP: ::1","timestamp":"2026-06-19 03:27:29"}
{"level":"info","message":"HTTP Request: GET /stats - Status: 304 - Duration: 12ms - IP: ::1","timestamp":"2026-06-19 03:27:29"}
{"level":"info","message":"HTTP Request: GET /users - Status: 304 - Duration: 13ms - IP: ::1","timestamp":"2026-06-19 03:27:29"}
{"level":"info","message":"HTTP Request: GET /listings - Status: 304 - Duration: 13ms - IP: ::1","timestamp":"2026-06-19 03:27:29"}
{"level":"info","message":"HTTP Request: GET /stats - Status: 304 - Duration: 12ms - IP: ::1","timestamp":"2026-06-19 03:27:29"}
{"level":"info","message":"HTTP Request: GET /listings - Status: 304 - Duration: 14ms - IP: ::1","timestamp":"2026-06-19 03:27:29"}
{"level":"info","message":"HTTP Request: GET /users - Status: 304 - Duration: 12ms - IP: ::1","timestamp":"2026-06-19 03:27:29"}
{"level":"info","message":"HTTP Request: GET /stats - Status: 304 - Duration: 11ms - IP: ::1","timestamp":"2026-06-19 03:27:29"}
{"level":"info","message":"HTTP Request: GET /users - Status: 304 - Duration: 12ms - IP: ::1","timestamp":"2026-06-19 03:27:29"}
{"level":"info","message":"HTTP Request: GET /listings - Status: 304 - Duration: 12ms - IP: ::1","timestamp":"2026-06-19 03:27:29"}
{"level":"info","message":"HTTP Request: GET /stats - Status: 304 - Duration: 11ms - IP: ::1","timestamp":"2026-06-19 03:27:29"}
{"level":"info","message":"HTTP Request: GET /users - Status: 304 - Duration: 12ms - IP: ::1","timestamp":"2026-06-19 03:27:29"}
{"level":"info","message":"HTTP Request: GET /listings - Status: 304 - Duration: 12ms - IP: ::1","timestamp":"2026-06-19 03:27:29"}
{"level":"info","message":"HTTP Request: GET /stats - Status: 304 - Duration: 10ms - IP: ::1","timestamp":"2026-06-19 03:27:29"}
{"level":"info","message":"HTTP Request: GET /users - Status: 304 - Duration: 14ms - IP: ::1","timestamp":"2026-06-19 03:27:29"}
{"level":"info","message":"HTTP Request: GET /listings - Status: 304 - Duration: 14ms - IP: ::1","timestamp":"2026-06-19 03:27:29"}
{"level":"info","message":"HTTP Request: GET /stats - Status: 304 - Duration: 11ms - IP: ::1","timestamp":"2026-06-19 03:27:29"}
{"level":"info","message":"HTTP Request: GET /users - Status: 304 - Duration: 12ms - IP: ::1","timestamp":"2026-06-19 03:27:29"}
{"level":"info","message":"HTTP Request: GET /listings - Status: 304 - Duration: 12ms - IP: ::1","timestamp":"2026-06-19 03:27:29"}
{"level":"info","message":"HTTP Request: GET /listings - Status: 304 - Duration: 14ms - IP: ::1","timestamp":"2026-06-19 03:27:29"}
{"level":"info","message":"HTTP Request: GET /stats - Status: 304 - Duration: 22ms - IP: ::1","timestamp":"2026-06-19 03:27:29"}
{"level":"info","message":"HTTP Request: GET /users - Status: 304 - Duration: 20ms - IP: ::1","timestamp":"2026-06-19 03:27:29"}
{"level":"info","message":"HTTP Request: GET /stats - Status: 304 - Duration: 12ms - IP: ::1","timestamp":"2026-06-19 03:27:29"}
{"level":"info","message":"HTTP Request: GET /users - Status: 304 - Duration: 15ms - IP: ::1","timestamp":"2026-06-19 03:27:29"}
{"level":"info","message":"HTTP Request: GET /listings - Status: 304 - Duration: 14ms - IP: ::1","timestamp":"2026-06-19 03:27:29"}
{"level":"info","message":"HTTP Request: GET /stats - Status: 304 - Duration: 13ms - IP: ::1","timestamp":"2026-06-19 03:27:29"}
{"level":"info","message":"HTTP Request: GET /users - Status: 304 - Duration: 13ms - IP: ::1","timestamp":"2026-06-19 03:27:29"}
{"level":"info","message":"HTTP Request: GET /listings - Status: 304 - Duration: 14ms - IP: ::1","timestamp":"2026-06-19 03:27:29"}
{"level":"info","message":"HTTP Request: GET /stats - Status: 304 - Duration: 10ms - IP: ::1","timestamp":"2026-06-19 03:27:29"}
{"level":"info","message":"HTTP Request: GET /users - Status: 304 - Duration: 14ms - IP: ::1","timestamp":"2026-06-19 03:27:29"}
{"level":"info","message":"HTTP Request: GET /listings - Status: 304 - Duration: 12ms - IP: ::1","timestamp":"2026-06-19 03:27:29"}
{"level":"info","message":"HTTP Request: GET /stats - Status: 304 - Duration: 12ms - IP: ::1","timestamp":"2026-06-19 03:27:29"}
{"level":"info","message":"HTTP Request: GET /users - Status: 304 - Duration: 14ms - IP: ::1","timestamp":"2026-06-19 03:27:29"}
{"level":"info","message":"HTTP Request: GET /listings - Status: 304 - Duration: 14ms - IP: ::1","timestamp":"2026-06-19 03:27:29"}
{"level":"info","message":"HTTP Request: GET /stats - Status: 304 - Duration: 10ms - IP: ::1","timestamp":"2026-06-19 03:27:29"}
{"level":"info","message":"HTTP Request: GET /users - Status: 304 - Duration: 15ms - IP: ::1","timestamp":"2026-06-19 03:27:29"}
{"level":"info","message":"HTTP Request: GET /listings - Status: 304 - Duration: 15ms - IP: ::1","timestamp":"2026-06-19 03:27:29"}
{"level":"info","message":"HTTP Request: GET /stats - Status: 304 - Duration: 14ms - IP: ::1","timestamp":"2026-06-19 03:27:29"}
{"level":"info","message":"HTTP Request: GET /listings - Status: 304 - Duration: 13ms - IP: ::1","timestamp":"2026-06-19 03:27:29"}
{"level":"info","message":"HTTP Request: GET /users - Status: 304 - Duration: 14ms - IP: ::1","timestamp":"2026-06-19 03:27:29"}
{"level":"info","message":"HTTP Request: GET /stats - Status: 304 - Duration: 11ms - IP: ::1","timestamp":"2026-06-19 03:27:29"}
{"level":"info","message":"HTTP Request: GET /users - Status: 304 - Duration: 14ms - IP: ::1","timestamp":"2026-06-19 03:27:29"}
{"level":"info","message":"HTTP Request: GET /listings - Status: 304 - Duration: 12ms - IP: ::1","timestamp":"2026-06-19 03:27:29"}
{"level":"info","message":"HTTP Request: GET /stats - Status: 304 - Duration: 10ms - IP: ::1","timestamp":"2026-06-19 03:27:29"}
{"level":"info","message":"HTTP Request: GET /users - Status: 304 - Duration: 12ms - IP: ::1","timestamp":"2026-06-19 03:27:29"}
{"level":"info","message":"HTTP Request: GET /listings - Status: 304 - Duration: 11ms - IP: ::1","timestamp":"2026-06-19 03:27:29"}
{"level":"info","message":"HTTP Request: GET /stats - Status: 304 - Duration: 12ms - IP: ::1","timestamp":"2026-06-19 03:27:29"}
{"level":"info","message":"HTTP Request: GET /listings - Status: 304 - Duration: 13ms - IP: ::1","timestamp":"2026-06-19 03:27:29"}
{"level":"info","message":"HTTP Request: GET /users - Status: 304 - Duration: 20ms - IP: ::1","timestamp":"2026-06-19 03:27:29"}
{"level":"info","message":"HTTP Request: GET /stats - Status: 304 - Duration: 9ms - IP: ::1","timestamp":"2026-06-19 03:27:29"}
{"level":"info","message":"HTTP Request: GET /listings - Status: 304 - Duration: 13ms - IP: ::1","timestamp":"2026-06-19 03:27:29"}
{"level":"info","message":"HTTP Request: GET /users - Status: 304 - Duration: 16ms - IP: ::1","timestamp":"2026-06-19 03:27:29"}
{"level":"info","message":"HTTP Request: GET /stats - Status: 304 - Duration: 11ms - IP: ::1","timestamp":"2026-06-19 03:27:29"}
{"level":"info","message":"HTTP Request: GET /listings - Status: 304 - Duration: 15ms - IP: ::1","timestamp":"2026-06-19 03:27:29"}
{"level":"info","message":"HTTP Request: GET /users - Status: 304 - Duration: 13ms - IP: ::1","timestamp":"2026-06-19 03:27:29"}
{"level":"info","message":"HTTP Request: GET /stats - Status: 304 - Duration: 11ms - IP: ::1","timestamp":"2026-06-19 03:27:29"}
{"level":"info","message":"HTTP Request: GET /users - Status: 304 - Duration: 13ms - IP: ::1","timestamp":"2026-06-19 03:27:29"}
{"level":"info","message":"HTTP Request: GET /listings - Status: 304 - Duration: 13ms - IP: ::1","timestamp":"2026-06-19 03:27:29"}
{"level":"info","message":"HTTP Request: GET /stats - Status: 304 - Duration: 12ms - IP: ::1","timestamp":"2026-06-19 03:27:29"}
{"level":"info","message":"HTTP Request: GET /users - Status: 304 - Duration: 16ms - IP: ::1","timestamp":"2026-06-19 03:27:29"}
{"level":"info","message":"HTTP Request: GET /listings - Status: 304 - Duration: 14ms - IP: ::1","timestamp":"2026-06-19 03:27:29"}
{"level":"info","message":"HTTP Request: GET /stats - Status: 304 - Duration: 11ms - IP: ::1","timestamp":"2026-06-19 03:27:29"}
{"level":"info","message":"HTTP Request: GET /users - Status: 304 - Duration: 14ms - IP: ::1","timestamp":"2026-06-19 03:27:29"}
{"level":"info","message":"HTTP Request: GET /listings - Status: 304 - Duration: 13ms - IP: ::1","timestamp":"2026-06-19 03:27:29"}
{"level":"info","message":"HTTP Request: GET /stats - Status: 304 - Duration: 11ms - IP: ::1","timestamp":"2026-06-19 03:27:29"}
{"level":"info","message":"HTTP Request: GET /users - Status: 304 - Duration: 13ms - IP: ::1","timestamp":"2026-06-19 03:27:29"}
{"level":"info","message":"HTTP Request: GET /listings - Status: 304 - Duration: 11ms - IP: ::1","timestamp":"2026-06-19 03:27:29"}
{"level":"info","message":"HTTP Request: GET /stats - Status: 304 - Duration: 12ms - IP: ::1","timestamp":"2026-06-19 03:27:29"}
{"level":"info","message":"HTTP Request: GET /users - Status: 304 - Duration: 18ms - IP: ::1","timestamp":"2026-06-19 03:27:30"}
{"level":"info","message":"HTTP Request: GET /listings - Status: 304 - Duration: 16ms - IP: ::1","timestamp":"2026-06-19 03:27:30"}
{"level":"info","message":"HTTP Request: GET /stats - Status: 304 - Duration: 10ms - IP: ::1","timestamp":"2026-06-19 03:27:30"}
{"level":"info","message":"HTTP Request: GET /users - Status: 304 - Duration: 15ms - IP: ::1","timestamp":"2026-06-19 03:27:30"}
{"level":"info","message":"HTTP Request: GET /listings - Status: 304 - Duration: 13ms - IP: ::1","timestamp":"2026-06-19 03:27:30"}
{"level":"info","message":"HTTP Request: GET /stats - Status: 304 - Duration: 11ms - IP: ::1","timestamp":"2026-06-19 03:27:30"}
{"level":"info","message":"HTTP Request: GET /users - Status: 304 - Duration: 14ms - IP: ::1","timestamp":"2026-06-19 03:27:30"}
{"level":"info","message":"HTTP Request: GET /listings - Status: 304 - Duration: 12ms - IP: ::1","timestamp":"2026-06-19 03:27:30"}
{"level":"info","message":"HTTP Request: GET /stats - Status: 304 - Duration: 12ms - IP: ::1","timestamp":"2026-06-19 03:27:30"}
{"level":"info","message":"HTTP Request: GET /users - Status: 304 - Duration: 14ms - IP: ::1","timestamp":"2026-06-19 03:27:30"}
{"level":"info","message":"HTTP Request: GET /listings - Status: 304 - Duration: 13ms - IP: ::1","timestamp":"2026-06-19 03:27:30"}
{"level":"info","message":"HTTP Request: GET /stats - Status: 304 - Duration: 9ms - IP: ::1","timestamp":"2026-06-19 03:27:30"}
{"level":"info","message":"HTTP Request: GET /users - Status: 304 - Duration: 13ms - IP: ::1","timestamp":"2026-06-19 03:27:30"}
{"level":"info","message":"HTTP Request: GET /listings - Status: 304 - Duration: 13ms - IP: ::1","timestamp":"2026-06-19 03:27:30"}
{"level":"info","message":"HTTP Request: GET /stats - Status: 304 - Duration: 12ms - IP: ::1","timestamp":"2026-06-19 03:27:30"}
{"level":"info","message":"HTTP Request: GET /users - Status: 304 - Duration: 15ms - IP: ::1","timestamp":"2026-06-19 03:27:30"}
{"level":"info","message":"HTTP Request: GET /listings - Status: 304 - Duration: 12ms - IP: ::1","timestamp":"2026-06-19 03:27:30"}
{"level":"info","message":"HTTP Request: GET /stats - Status: 304 - Duration: 11ms - IP: ::1","timestamp":"2026-06-19 03:27:30"}
{"level":"info","message":"HTTP Request: GET /users - Status: 304 - Duration: 12ms - IP: ::1","timestamp":"2026-06-19 03:27:30"}
{"level":"info","message":"HTTP Request: GET /listings - Status: 304 - Duration: 12ms - IP: ::1","timestamp":"2026-06-19 03:27:30"}
{"level":"info","message":"HTTP Request: GET /stats - Status: 304 - Duration: 10ms - IP: ::1","timestamp":"2026-06-19 03:27:30"}
{"level":"info","message":"HTTP Request: GET /listings - Status: 304 - Duration: 13ms - IP: ::1","timestamp":"2026-06-19 03:27:30"}
{"level":"info","message":"HTTP Request: GET /users - Status: 304 - Duration: 13ms - IP: ::1","timestamp":"2026-06-19 03:27:30"}
{"level":"info","message":"HTTP Request: GET /stats - Status: 304 - Duration: 12ms - IP: ::1","timestamp":"2026-06-19 03:27:30"}
{"level":"info","message":"HTTP Request: GET /users - Status: 304 - Duration: 13ms - IP: ::1","timestamp":"2026-06-19 03:27:30"}
{"level":"info","message":"HTTP Request: GET /listings - Status: 304 - Duration: 12ms - IP: ::1","timestamp":"2026-06-19 03:27:30"}
{"level":"info","message":"HTTP Request: GET /stats - Status: 304 - Duration: 11ms - IP: ::1","timestamp":"2026-06-19 03:27:30"}
{"level":"info","message":"HTTP Request: GET /users - Status: 304 - Duration: 15ms - IP: ::1","timestamp":"2026-06-19 03:27:30"}
{"level":"info","message":"HTTP Request: GET /listings - Status: 304 - Duration: 13ms - IP: ::1","timestamp":"2026-06-19 03:27:30"}
{"level":"info","message":"HTTP Request: GET /stats - Status: 304 - Duration: 18ms - IP: ::1","timestamp":"2026-06-19 03:27:30"}
{"level":"info","message":"HTTP Request: GET /users - Status: 304 - Duration: 21ms - IP: ::1","timestamp":"2026-06-19 03:27:30"}
{"level":"info","message":"HTTP Request: GET /listings - Status: 304 - Duration: 20ms - IP: ::1","timestamp":"2026-06-19 03:27:30"}
{"level":"info","message":"HTTP Request: GET /stats - Status: 304 - Duration: 10ms - IP: ::1","timestamp":"2026-06-19 03:27:30"}
{"level":"info","message":"HTTP Request: GET /users - Status: 304 - Duration: 14ms - IP: ::1","timestamp":"2026-06-19 03:27:30"}
{"level":"info","message":"HTTP Request: GET /listings - Status: 304 - Duration: 13ms - IP: ::1","timestamp":"2026-06-19 03:27:30"}
{"level":"info","message":"HTTP Request: GET /stats - Status: 304 - Duration: 12ms - IP: ::1","timestamp":"2026-06-19 03:27:30"}
{"level":"info","message":"HTTP Request: GET /users - Status: 304 - Duration: 16ms - IP: ::1","timestamp":"2026-06-19 03:27:30"}
{"level":"info","message":"HTTP Request: GET /listings - Status: 304 - Duration: 13ms - IP: ::1","timestamp":"2026-06-19 03:27:30"}
{"level":"info","message":"HTTP Request: GET /stats - Status: 304 - Duration: 10ms - IP: ::1","timestamp":"2026-06-19 03:27:30"}
{"level":"info","message":"HTTP Request: GET /users - Status: 304 - Duration: 13ms - IP: ::1","timestamp":"2026-06-19 03:27:30"}
{"level":"info","message":"HTTP Request: GET /listings - Status: 304 - Duration: 12ms - IP: ::1","timestamp":"2026-06-19 03:27:30"}
{"level":"info","message":"HTTP Request: GET /stats - Status: 304 - Duration: 11ms - IP: ::1","timestamp":"2026-06-19 03:27:30"}
{"level":"info","message":"HTTP Request: GET /users - Status: 304 - Duration: 15ms - IP: ::1","timestamp":"2026-06-19 03:27:30"}
{"level":"info","message":"HTTP Request: GET /listings - Status: 304 - Duration: 12ms - IP: ::1","timestamp":"2026-06-19 03:27:30"}
{"level":"info","message":"HTTP Request: GET /stats - Status: 304 - Duration: 11ms - IP: ::1","timestamp":"2026-06-19 03:27:30"}
{"level":"info","message":"HTTP Request: GET /users - Status: 304 - Duration: 15ms - IP: ::1","timestamp":"2026-06-19 03:27:30"}
{"level":"info","message":"HTTP Request: GET /listings - Status: 304 - Duration: 13ms - IP: ::1","timestamp":"2026-06-19 03:27:30"}
{"level":"info","message":"HTTP Request: GET /stats - Status: 304 - Duration: 11ms - IP: ::1","timestamp":"2026-06-19 03:27:30"}
{"level":"info","message":"HTTP Request: GET /users - Status: 304 - Duration: 12ms - IP: ::1","timestamp":"2026-06-19 03:27:30"}
{"level":"info","message":"HTTP Request: GET /listings - Status: 304 - Duration: 11ms - IP: ::1","timestamp":"2026-06-19 03:27:30"}
{"level":"info","message":"HTTP Request: GET /stats - Status: 304 - Duration: 11ms - IP: ::1","timestamp":"2026-06-19 03:27:30"}
{"level":"info","message":"HTTP Request: GET /users - Status: 304 - Duration: 13ms - IP: ::1","timestamp":"2026-06-19 03:27:30"}
{"level":"info","message":"HTTP Request: GET /listings - Status: 304 - Duration: 12ms - IP: ::1","timestamp":"2026-06-19 03:27:30"}
{"level":"info","message":"HTTP Request: GET /stats - Status: 304 - Duration: 11ms - IP: ::1","timestamp":"2026-06-19 03:27:30"}
{"level":"info","message":"HTTP Request: GET /users - Status: 304 - Duration: 13ms - IP: ::1","timestamp":"2026-06-19 03:27:30"}
{"level":"info","message":"HTTP Request: GET /listings - Status: 304 - Duration: 11ms - IP: ::1","timestamp":"2026-06-19 03:27:30"}
{"level":"info","message":"HTTP Request: GET /stats - Status: 304 - Duration: 10ms - IP: ::1","timestamp":"2026-06-19 03:27:30"}
{"level":"info","message":"HTTP Request: GET /listings - Status: 304 - Duration: 17ms - IP: ::1","timestamp":"2026-06-19 03:27:30"}
{"level":"info","message":"HTTP Request: GET /users - Status: 304 - Duration: 19ms - IP: ::1","timestamp":"2026-06-19 03:27:30"}
{"level":"info","message":"HTTP Request: GET /stats - Status: 304 - Duration: 12ms - IP: ::1","timestamp":"2026-06-19 03:27:30"}
{"level":"info","message":"HTTP Request: GET /users - Status: 304 - Duration: 14ms - IP: ::1","timestamp":"2026-06-19 03:27:30"}
{"level":"info","message":"HTTP Request: GET /listings - Status: 304 - Duration: 11ms - IP: ::1","timestamp":"2026-06-19 03:27:30"}
{"level":"info","message":"HTTP Request: GET /stats - Status: 304 - Duration: 9ms - IP: ::1","timestamp":"2026-06-19 03:27:30"}
{"level":"info","message":"HTTP Request: GET /users - Status: 304 - Duration: 14ms - IP: ::1","timestamp":"2026-06-19 03:27:30"}
{"level":"info","message":"HTTP Request: GET /listings - Status: 304 - Duration: 12ms - IP: ::1","timestamp":"2026-06-19 03:27:30"}
{"level":"info","message":"HTTP Request: GET /stats - Status: 304 - Duration: 12ms - IP: ::1","timestamp":"2026-06-19 03:27:31"}
{"level":"info","message":"HTTP Request: GET /listings - Status: 304 - Duration: 19ms - IP: ::1","timestamp":"2026-06-19 03:27:31"}
{"level":"info","message":"HTTP Request: GET /users - Status: 304 - Duration: 19ms - IP: ::1","timestamp":"2026-06-19 03:27:31"}
{"level":"info","message":"HTTP Request: GET /stats - Status: 304 - Duration: 11ms - IP: ::1","timestamp":"2026-06-19 03:27:31"}
{"level":"info","message":"HTTP Request: GET /users - Status: 304 - Duration: 15ms - IP: ::1","timestamp":"2026-06-19 03:27:31"}
{"level":"info","message":"HTTP Request: GET /listings - Status: 304 - Duration: 14ms - IP: ::1","timestamp":"2026-06-19 03:27:31"}
{"level":"info","message":"HTTP Request: GET /stats - Status: 304 - Duration: 13ms - IP: ::1","timestamp":"2026-06-19 03:27:31"}
{"level":"info","message":"HTTP Request: GET /users - Status: 304 - Duration: 17ms - IP: ::1","timestamp":"2026-06-19 03:27:31"}
{"level":"info","message":"HTTP Request: GET /listings - Status: 304 - Duration: 16ms - IP: ::1","timestamp":"2026-06-19 03:27:31"}
{"level":"info","message":"HTTP Request: GET /stats - Status: 304 - Duration: 11ms - IP: ::1","timestamp":"2026-06-19 03:27:31"}
{"level":"info","message":"HTTP Request: GET /listings - Status: 304 - Duration: 12ms - IP: ::1","timestamp":"2026-06-19 03:27:31"}
{"level":"info","message":"HTTP Request: GET /users - Status: 304 - Duration: 18ms - IP: ::1","timestamp":"2026-06-19 03:27:31"}
{"level":"info","message":"HTTP Request: GET /stats - Status: 304 - Duration: 10ms - IP: ::1","timestamp":"2026-06-19 03:27:31"}
{"level":"info","message":"HTTP Request: GET /users - Status: 304 - Duration: 14ms - IP: ::1","timestamp":"2026-06-19 03:27:31"}
{"level":"info","message":"HTTP Request: GET /listings - Status: 304 - Duration: 15ms - IP: ::1","timestamp":"2026-06-19 03:27:31"}
{"level":"info","message":"HTTP Request: GET /stats - Status: 304 - Duration: 11ms - IP: ::1","timestamp":"2026-06-19 03:27:31"}
{"level":"info","message":"HTTP Request: GET /listings - Status: 304 - Duration: 13ms - IP: ::1","timestamp":"2026-06-19 03:27:31"}
{"level":"info","message":"HTTP Request: GET /users - Status: 304 - Duration: 14ms - IP: ::1","timestamp":"2026-06-19 03:27:31"}
{"level":"info","message":"HTTP Request: GET /stats - Status: 304 - Duration: 12ms - IP: ::1","timestamp":"2026-06-19 03:27:31"}
{"level":"info","message":"HTTP Request: GET /users - Status: 304 - Duration: 15ms - IP: ::1","timestamp":"2026-06-19 03:27:31"}
{"level":"info","message":"HTTP Request: GET /listings - Status: 304 - Duration: 15ms - IP: ::1","timestamp":"2026-06-19 03:27:31"}
{"level":"info","message":"HTTP Request: GET /stats - Status: 304 - Duration: 12ms - IP: ::1","timestamp":"2026-06-19 03:27:31"}
{"level":"info","message":"HTTP Request: GET /users - Status: 304 - Duration: 14ms - IP: ::1","timestamp":"2026-06-19 03:27:31"}
{"level":"info","message":"HTTP Request: GET /listings - Status: 304 - Duration: 12ms - IP: ::1","timestamp":"2026-06-19 03:27:31"}
{"level":"info","message":"HTTP Request: GET /stats - Status: 304 - Duration: 10ms - IP: ::1","timestamp":"2026-06-19 03:27:31"}
{"level":"info","message":"HTTP Request: GET /users - Status: 304 - Duration: 14ms - IP: ::1","timestamp":"2026-06-19 03:27:31"}
{"level":"info","message":"HTTP Request: GET /listings - Status: 304 - Duration: 13ms - IP: ::1","timestamp":"2026-06-19 03:27:31"}
{"level":"info","message":"HTTP Request: GET /stats - Status: 304 - Duration: 11ms - IP: ::1","timestamp":"2026-06-19 03:27:31"}
{"level":"info","message":"HTTP Request: GET /users - Status: 304 - Duration: 11ms - IP: ::1","timestamp":"2026-06-19 03:27:31"}
{"level":"info","message":"HTTP Request: GET /listings - Status: 304 - Duration: 12ms - IP: ::1","timestamp":"2026-06-19 03:27:31"}
{"level":"info","message":"HTTP Request: GET /stats - Status: 304 - Duration: 10ms - IP: ::1","timestamp":"2026-06-19 03:27:31"}
{"level":"info","message":"HTTP Request: GET /users - Status: 304 - Duration: 15ms - IP: ::1","timestamp":"2026-06-19 03:27:31"}
{"level":"info","message":"HTTP Request: GET /listings - Status: 304 - Duration: 15ms - IP: ::1","timestamp":"2026-06-19 03:27:31"}
{"level":"info","message":"HTTP Request: GET /stats - Status: 304 - Duration: 11ms - IP: ::1","timestamp":"2026-06-19 03:27:31"}
{"level":"info","message":"HTTP Request: GET /users - Status: 304 - Duration: 13ms - IP: ::1","timestamp":"2026-06-19 03:27:31"}
{"level":"info","message":"HTTP Request: GET /listings - Status: 304 - Duration: 13ms - IP: ::1","timestamp":"2026-06-19 03:27:31"}
{"level":"info","message":"HTTP Request: GET /stats - Status: 304 - Duration: 11ms - IP: ::1","timestamp":"2026-06-19 03:27:31"}
{"level":"info","message":"HTTP Request: GET /users - Status: 304 - Duration: 13ms - IP: ::1","timestamp":"2026-06-19 03:27:31"}
{"level":"info","message":"HTTP Request: GET /listings - Status: 304 - Duration: 13ms - IP: ::1","timestamp":"2026-06-19 03:27:31"}
{"level":"info","message":"HTTP Request: GET /stats - Status: 304 - Duration: 12ms - IP: ::1","timestamp":"2026-06-19 03:27:31"}
{"level":"info","message":"HTTP Request: GET /listings - Status: 304 - Duration: 13ms - IP: ::1","timestamp":"2026-06-19 03:27:31"}
{"level":"info","message":"HTTP Request: GET /users - Status: 304 - Duration: 12ms - IP: ::1","timestamp":"2026-06-19 03:27:31"}
{"level":"info","message":"HTTP Request: GET /stats - Status: 304 - Duration: 12ms - IP: ::1","timestamp":"2026-06-19 03:27:31"}
{"level":"info","message":"HTTP Request: GET /users - Status: 304 - Duration: 13ms - IP: ::1","timestamp":"2026-06-19 03:27:31"}
{"level":"info","message":"HTTP Request: GET /listings - Status: 304 - Duration: 13ms - IP: ::1","timestamp":"2026-06-19 03:27:31"}
{"level":"info","message":"HTTP Request: GET /stats - Status: 304 - Duration: 11ms - IP: ::1","timestamp":"2026-06-19 03:27:31"}
{"level":"info","message":"HTTP Request: GET /users - Status: 304 - Duration: 14ms - IP: ::1","timestamp":"2026-06-19 03:27:31"}
{"level":"info","message":"HTTP Request: GET /listings - Status: 304 - Duration: 14ms - IP: ::1","timestamp":"2026-06-19 03:27:31"}
{"level":"info","message":"HTTP Request: GET /stats - Status: 304 - Duration: 10ms - IP: ::1","timestamp":"2026-06-19 03:27:31"}
{"level":"info","message":"HTTP Request: GET /users - Status: 304 - Duration: 16ms - IP: ::1","timestamp":"2026-06-19 03:27:31"}
{"level":"info","message":"HTTP Request: GET /listings - Status: 304 - Duration: 16ms - IP: ::1","timestamp":"2026-06-19 03:27:31"}
{"level":"info","message":"HTTP Request: GET /stats - Status: 304 - Duration: 11ms - IP: ::1","timestamp":"2026-06-19 03:27:31"}
{"level":"info","message":"HTTP Request: GET /users - Status: 304 - Duration: 14ms - IP: ::1","timestamp":"2026-06-19 03:27:31"}
{"level":"info","message":"HTTP Request: GET /listings - Status: 304 - Duration: 13ms - IP: ::1","timestamp":"2026-06-19 03:27:31"}
{"level":"info","message":"HTTP Request: GET /stats - Status: 304 - Duration: 11ms - IP: ::1","timestamp":"2026-06-19 03:27:31"}
{"level":"info","message":"HTTP Request: GET /listings - Status: 304 - Duration: 13ms - IP: ::1","timestamp":"2026-06-19 03:27:31"}
{"level":"info","message":"HTTP Request: GET /users - Status: 304 - Duration: 13ms - IP: ::1","timestamp":"2026-06-19 03:27:31"}
{"level":"info","message":"HTTP Request: GET /stats - Status: 304 - Duration: 12ms - IP: ::1","timestamp":"2026-06-19 03:27:31"}
{"level":"info","message":"HTTP Request: GET /users - Status: 304 - Duration: 16ms - IP: ::1","timestamp":"2026-06-19 03:27:31"}
{"level":"info","message":"HTTP Request: GET /listings - Status: 304 - Duration: 15ms - IP: ::1","timestamp":"2026-06-19 03:27:31"}
{"level":"info","message":"HTTP Request: GET /stats - Status: 304 - Duration: 12ms - IP: ::1","timestamp":"2026-06-19 03:27:32"}
{"level":"info","message":"HTTP Request: GET /users - Status: 304 - Duration: 16ms - IP: ::1","timestamp":"2026-06-19 03:27:32"}
{"level":"info","message":"HTTP Request: GET /listings - Status: 304 - Duration: 13ms - IP: ::1","timestamp":"2026-06-19 03:27:32"}
{"level":"info","message":"HTTP Request: GET /stats - Status: 304 - Duration: 10ms - IP: ::1","timestamp":"2026-06-19 03:27:32"}
{"level":"info","message":"HTTP Request: GET /users - Status: 304 - Duration: 15ms - IP: ::1","timestamp":"2026-06-19 03:27:32"}
{"level":"info","message":"HTTP Request: GET /listings - Status: 304 - Duration: 13ms - IP: ::1","timestamp":"2026-06-19 03:27:32"}
{"level":"info","message":"HTTP Request: GET /stats - Status: 304 - Duration: 12ms - IP: ::1","timestamp":"2026-06-19 03:27:32"}
{"level":"info","message":"HTTP Request: GET /users - Status: 304 - Duration: 15ms - IP: ::1","timestamp":"2026-06-19 03:27:32"}
{"level":"info","message":"HTTP Request: GET /listings - Status: 304 - Duration: 14ms - IP: ::1","timestamp":"2026-06-19 03:27:32"}
{"level":"info","message":"HTTP Request: GET /stats - Status: 304 - Duration: 10ms - IP: ::1","timestamp":"2026-06-19 03:27:32"}
{"level":"info","message":"HTTP Request: GET /users - Status: 304 - Duration: 13ms - IP: ::1","timestamp":"2026-06-19 03:27:32"}
{"level":"info","message":"HTTP Request: GET /listings - Status: 304 - Duration: 12ms - IP: ::1","timestamp":"2026-06-19 03:27:32"}
{"level":"info","message":"HTTP Request: GET /stats - Status: 304 - Duration: 11ms - IP: ::1","timestamp":"2026-06-19 03:27:32"}
{"level":"info","message":"HTTP Request: GET /users - Status: 304 - Duration: 16ms - IP: ::1","timestamp":"2026-06-19 03:27:32"}
{"level":"info","message":"HTTP Request: GET /listings - Status: 304 - Duration: 15ms - IP: ::1","timestamp":"2026-06-19 03:27:32"}
{"level":"info","message":"HTTP Request: GET /stats - Status: 304 - Duration: 13ms - IP: ::1","timestamp":"2026-06-19 03:27:32"}
{"level":"info","message":"HTTP Request: GET /users - Status: 304 - Duration: 14ms - IP: ::1","timestamp":"2026-06-19 03:27:32"}
{"level":"info","message":"HTTP Request: GET /listings - Status: 304 - Duration: 14ms - IP: ::1","timestamp":"2026-06-19 03:27:32"}
{"level":"info","message":"HTTP Request: GET /stats - Status: 304 - Duration: 10ms - IP: ::1","timestamp":"2026-06-19 03:27:32"}
{"level":"info","message":"HTTP Request: GET /users - Status: 304 - Duration: 14ms - IP: ::1","timestamp":"2026-06-19 03:27:32"}
{"level":"info","message":"HTTP Request: GET /listings - Status: 304 - Duration: 15ms - IP: ::1","timestamp":"2026-06-19 03:27:32"}
{"level":"info","message":"HTTP Request: GET /stats - Status: 304 - Duration: 11ms - IP: ::1","timestamp":"2026-06-19 03:27:32"}
{"level":"info","message":"HTTP Request: GET /users - Status: 304 - Duration: 15ms - IP: ::1","timestamp":"2026-06-19 03:27:32"}
{"level":"info","message":"HTTP Request: GET /listings - Status: 304 - Duration: 13ms - IP: ::1","timestamp":"2026-06-19 03:27:32"}
{"level":"info","message":"HTTP Request: GET /stats - Status: 304 - Duration: 10ms - IP: ::1","timestamp":"2026-06-19 03:27:32"}
{"level":"info","message":"HTTP Request: GET /listings - Status: 304 - Duration: 17ms - IP: ::1","timestamp":"2026-06-19 03:27:32"}
{"level":"info","message":"HTTP Request: GET /users - Status: 304 - Duration: 17ms - IP: ::1","timestamp":"2026-06-19 03:27:32"}
{"level":"info","message":"HTTP Request: GET /stats - Status: 304 - Duration: 10ms - IP: ::1","timestamp":"2026-06-19 03:27:32"}
{"level":"info","message":"HTTP Request: GET /listings - Status: 304 - Duration: 13ms - IP: ::1","timestamp":"2026-06-19 03:27:32"}
{"level":"info","message":"HTTP Request: GET /users - Status: 304 - Duration: 16ms - IP: ::1","timestamp":"2026-06-19 03:27:32"}
{"level":"info","message":"HTTP Request: GET /stats - Status: 304 - Duration: 15ms - IP: ::1","timestamp":"2026-06-19 03:27:32"}
{"level":"info","message":"HTTP Request: GET /users - Status: 304 - Duration: 17ms - IP: ::1","timestamp":"2026-06-19 03:27:32"}
{"level":"info","message":"HTTP Request: GET /listings - Status: 304 - Duration: 16ms - IP: ::1","timestamp":"2026-06-19 03:27:32"}
{"level":"info","message":"HTTP Request: GET /stats - Status: 304 - Duration: 10ms - IP: ::1","timestamp":"2026-06-19 03:27:32"}
{"level":"info","message":"HTTP Request: GET /users - Status: 304 - Duration: 13ms - IP: ::1","timestamp":"2026-06-19 03:27:32"}
{"level":"info","message":"HTTP Request: GET /listings - Status: 304 - Duration: 13ms - IP: ::1","timestamp":"2026-06-19 03:27:32"}
{"level":"info","message":"HTTP Request: GET /stats - Status: 304 - Duration: 10ms - IP: ::1","timestamp":"2026-06-19 03:27:32"}
{"level":"info","message":"HTTP Request: GET /users - Status: 304 - Duration: 14ms - IP: ::1","timestamp":"2026-06-19 03:27:32"}
{"level":"info","message":"HTTP Request: GET /listings - Status: 304 - Duration: 14ms - IP: ::1","timestamp":"2026-06-19 03:27:32"}
{"level":"info","message":"HTTP Request: GET /stats - Status: 304 - Duration: 11ms - IP: ::1","timestamp":"2026-06-19 03:27:32"}
{"level":"info","message":"HTTP Request: GET /users - Status: 304 - Duration: 14ms - IP: ::1","timestamp":"2026-06-19 03:27:32"}
{"level":"info","message":"HTTP Request: GET /listings - Status: 304 - Duration: 14ms - IP: ::1","timestamp":"2026-06-19 03:27:32"}
{"level":"info","message":"HTTP Request: GET /stats - Status: 304 - Duration: 11ms - IP: ::1","timestamp":"2026-06-19 03:27:32"}
{"level":"info","message":"HTTP Request: GET /users - Status: 304 - Duration: 15ms - IP: ::1","timestamp":"2026-06-19 03:27:32"}
{"level":"info","message":"HTTP Request: GET /listings - Status: 304 - Duration: 13ms - IP: ::1","timestamp":"2026-06-19 03:27:32"}
{"level":"info","message":"HTTP Request: GET /stats - Status: 304 - Duration: 10ms - IP: ::1","timestamp":"2026-06-19 03:27:32"}
{"level":"info","message":"HTTP Request: GET /users - Status: 304 - Duration: 12ms - IP: ::1","timestamp":"2026-06-19 03:27:32"}
{"level":"info","message":"HTTP Request: GET /listings - Status: 304 - Duration: 12ms - IP: ::1","timestamp":"2026-06-19 03:27:32"}
{"level":"info","message":"HTTP Request: GET /stats - Status: 304 - Duration: 11ms - IP: ::1","timestamp":"2026-06-19 03:27:32"}
{"level":"info","message":"HTTP Request: GET /users - Status: 304 - Duration: 13ms - IP: ::1","timestamp":"2026-06-19 03:27:32"}
{"level":"info","message":"HTTP Request: GET /listings - Status: 304 - Duration: 13ms - IP: ::1","timestamp":"2026-06-19 03:27:32"}
{"level":"info","message":"HTTP Request: GET /stats - Status: 304 - Duration: 9ms - IP: ::1","timestamp":"2026-06-19 03:27:32"}
{"level":"info","message":"HTTP Request: GET /users - Status: 304 - Duration: 13ms - IP: ::1","timestamp":"2026-06-19 03:27:32"}
{"level":"info","message":"HTTP Request: GET /listings - Status: 304 - Duration: 15ms - IP: ::1","timestamp":"2026-06-19 03:27:32"}
{"level":"info","message":"HTTP Request: GET /stats - Status: 304 - Duration: 11ms - IP: ::1","timestamp":"2026-06-19 03:27:32"}
{"level":"info","message":"HTTP Request: GET /users - Status: 304 - Duration: 13ms - IP: ::1","timestamp":"2026-06-19 03:27:32"}
{"level":"info","message":"HTTP Request: GET /listings - Status: 304 - Duration: 14ms - IP: ::1","timestamp":"2026-06-19 03:27:32"}
{"level":"info","message":"HTTP Request: GET /stats - Status: 304 - Duration: 13ms - IP: ::1","timestamp":"2026-06-19 03:27:32"}
{"level":"info","message":"HTTP Request: GET /users - Status: 304 - Duration: 14ms - IP: ::1","timestamp":"2026-06-19 03:27:32"}
{"level":"info","message":"HTTP Request: GET /listings - Status: 304 - Duration: 14ms - IP: ::1","timestamp":"2026-06-19 03:27:32"}
{"level":"info","message":"HTTP Request: GET /stats - Status: 304 - Duration: 10ms - IP: ::1","timestamp":"2026-06-19 03:27:32"}
{"level":"info","message":"HTTP Request: GET /listings - Status: 304 - Duration: 12ms - IP: ::1","timestamp":"2026-06-19 03:27:32"}
{"level":"info","message":"HTTP Request: GET /users - Status: 304 - Duration: 13ms - IP: ::1","timestamp":"2026-06-19 03:27:32"}
{"level":"info","message":"HTTP Request: GET /stats - Status: 304 - Duration: 11ms - IP: ::1","timestamp":"2026-06-19 03:27:32"}
{"level":"info","message":"HTTP Request: GET /users - Status: 304 - Duration: 17ms - IP: ::1","timestamp":"2026-06-19 03:27:32"}
{"level":"info","message":"HTTP Request: GET /listings - Status: 304 - Duration: 14ms - IP: ::1","timestamp":"2026-06-19 03:27:32"}
{"level":"info","message":"HTTP Request: GET /stats - Status: 304 - Duration: 11ms - IP: ::1","timestamp":"2026-06-19 03:27:32"}
{"level":"info","message":"HTTP Request: GET /users - Status: 304 - Duration: 16ms - IP: ::1","timestamp":"2026-06-19 03:27:32"}
{"level":"info","message":"HTTP Request: GET /listings - Status: 304 - Duration: 16ms - IP: ::1","timestamp":"2026-06-19 03:27:32"}
{"level":"info","message":"HTTP Request: GET /stats - Status: 304 - Duration: 11ms - IP: ::1","timestamp":"2026-06-19 03:27:32"}
{"level":"info","message":"HTTP Request: GET /users - Status: 304 - Duration: 14ms - IP: ::1","timestamp":"2026-06-19 03:27:32"}
{"level":"info","message":"HTTP Request: GET /listings - Status: 304 - Duration: 14ms - IP: ::1","timestamp":"2026-06-19 03:27:33"}
{"level":"info","message":"HTTP Request: GET /stats - Status: 304 - Duration: 10ms - IP: ::1","timestamp":"2026-06-19 03:27:33"}
{"level":"info","message":"HTTP Request: GET /users - Status: 304 - Duration: 16ms - IP: ::1","timestamp":"2026-06-19 03:27:33"}
{"level":"info","message":"HTTP Request: GET /listings - Status: 304 - Duration: 14ms - IP: ::1","timestamp":"2026-06-19 03:27:33"}
{"level":"info","message":"HTTP Request: GET /stats - Status: 304 - Duration: 9ms - IP: ::1","timestamp":"2026-06-19 03:27:33"}
{"level":"info","message":"HTTP Request: GET /users - Status: 304 - Duration: 13ms - IP: ::1","timestamp":"2026-06-19 03:27:33"}
{"level":"info","message":"HTTP Request: GET /listings - Status: 304 - Duration: 13ms - IP: ::1","timestamp":"2026-06-19 03:27:33"}
{"level":"info","message":"HTTP Request: GET /stats - Status: 304 - Duration: 10ms - IP: ::1","timestamp":"2026-06-19 03:27:33"}
{"level":"info","message":"HTTP Request: GET /users - Status: 304 - Duration: 13ms - IP: ::1","timestamp":"2026-06-19 03:27:33"}
{"level":"info","message":"HTTP Request: GET /listings - Status: 304 - Duration: 12ms - IP: ::1","timestamp":"2026-06-19 03:27:33"}
{"level":"info","message":"HTTP Request: GET /stats - Status: 304 - Duration: 10ms - IP: ::1","timestamp":"2026-06-19 03:27:33"}
{"level":"info","message":"HTTP Request: GET /users - Status: 304 - Duration: 15ms - IP: ::1","timestamp":"2026-06-19 03:27:33"}
{"level":"info","message":"HTTP Request: GET /listings - Status: 304 - Duration: 15ms - IP: ::1","timestamp":"2026-06-19 03:27:33"}
{"level":"info","message":"HTTP Request: GET /stats - Status: 304 - Duration: 10ms - IP: ::1","timestamp":"2026-06-19 03:27:33"}
{"level":"info","message":"HTTP Request: GET /users - Status: 304 - Duration: 11ms - IP: ::1","timestamp":"2026-06-19 03:27:33"}
{"level":"info","message":"HTTP Request: GET /listings - Status: 304 - Duration: 12ms - IP: ::1","timestamp":"2026-06-19 03:27:33"}
{"level":"info","message":"HTTP Request: GET /stats - Status: 304 - Duration: 13ms - IP: ::1","timestamp":"2026-06-19 03:27:33"}
{"level":"info","message":"HTTP Request: GET /users - Status: 304 - Duration: 15ms - IP: ::1","timestamp":"2026-06-19 03:27:33"}
{"level":"info","message":"HTTP Request: GET /listings - Status: 304 - Duration: 13ms - IP: ::1","timestamp":"2026-06-19 03:27:33"}
{"level":"info","message":"HTTP Request: GET /stats - Status: 304 - Duration: 11ms - IP: ::1","timestamp":"2026-06-19 03:27:33"}
{"level":"info","message":"HTTP Request: GET /users - Status: 304 - Duration: 15ms - IP: ::1","timestamp":"2026-06-19 03:27:33"}
{"level":"info","message":"HTTP Request: GET /listings - Status: 304 - Duration: 13ms - IP: ::1","timestamp":"2026-06-19 03:27:33"}
{"level":"info","message":"HTTP Request: GET /stats - Status: 304 - Duration: 15ms - IP: ::1","timestamp":"2026-06-19 03:27:33"}
{"level":"info","message":"HTTP Request: GET /users - Status: 304 - Duration: 21ms - IP: ::1","timestamp":"2026-06-19 03:27:33"}
{"level":"info","message":"HTTP Request: GET /listings - Status: 304 - Duration: 18ms - IP: ::1","timestamp":"2026-06-19 03:27:33"}
{"level":"info","message":"HTTP Request: GET /stats - Status: 304 - Duration: 11ms - IP: ::1","timestamp":"2026-06-19 03:27:33"}
{"level":"info","message":"HTTP Request: GET /users - Status: 304 - Duration: 16ms - IP: ::1","timestamp":"2026-06-19 03:27:33"}
{"level":"info","message":"HTTP Request: GET /listings - Status: 304 - Duration: 15ms - IP: ::1","timestamp":"2026-06-19 03:27:33"}
{"level":"info","message":"HTTP Request: GET /stats - Status: 304 - Duration: 12ms - IP: ::1","timestamp":"2026-06-19 03:27:33"}
{"level":"info","message":"HTTP Request: GET /users - Status: 304 - Duration: 14ms - IP: ::1","timestamp":"2026-06-19 03:27:33"}
{"level":"info","message":"HTTP Request: GET /listings - Status: 304 - Duration: 14ms - IP: ::1","timestamp":"2026-06-19 03:27:33"}
{"level":"info","message":"HTTP Request: GET /stats - Status: 304 - Duration: 19ms - IP: ::1","timestamp":"2026-06-19 03:27:33"}
{"level":"info","message":"HTTP Request: GET /users - Status: 304 - Duration: 30ms - IP: ::1","timestamp":"2026-06-19 03:27:33"}
{"level":"info","message":"HTTP Request: GET /listings - Status: 304 - Duration: 31ms - IP: ::1","timestamp":"2026-06-19 03:27:33"}
{"level":"info","message":"HTTP Request: GET /stats - Status: 304 - Duration: 16ms - IP: ::1","timestamp":"2026-06-19 03:27:33"}
{"level":"info","message":"HTTP Request: GET /users - Status: 304 - Duration: 26ms - IP: ::1","timestamp":"2026-06-19 03:27:33"}
{"level":"info","message":"HTTP Request: GET /listings - Status: 304 - Duration: 23ms - IP: ::1","timestamp":"2026-06-19 03:27:33"}
{"level":"info","message":"HTTP Request: GET /stats - Status: 304 - Duration: 14ms - IP: ::1","timestamp":"2026-06-19 03:27:33"}
{"level":"info","message":"HTTP Request: GET /listings - Status: 304 - Duration: 26ms - IP: ::1","timestamp":"2026-06-19 03:27:33"}
{"level":"info","message":"HTTP Request: GET /users - Status: 304 - Duration: 31ms - IP: ::1","timestamp":"2026-06-19 03:27:33"}
{"level":"info","message":"HTTP Request: GET /stats - Status: 304 - Duration: 12ms - IP: ::1","timestamp":"2026-06-19 03:27:33"}
{"level":"info","message":"HTTP Request: GET /users - Status: 304 - Duration: 14ms - IP: ::1","timestamp":"2026-06-19 03:27:33"}
{"level":"info","message":"HTTP Request: GET /listings - Status: 304 - Duration: 13ms - IP: ::1","timestamp":"2026-06-19 03:27:33"}
{"level":"info","message":"HTTP Request: GET /stats - Status: 304 - Duration: 12ms - IP: ::1","timestamp":"2026-06-19 03:27:33"}
{"level":"info","message":"HTTP Request: GET /users - Status: 304 - Duration: 16ms - IP: ::1","timestamp":"2026-06-19 03:27:33"}
{"level":"info","message":"HTTP Request: GET /listings - Status: 304 - Duration: 16ms - IP: ::1","timestamp":"2026-06-19 03:27:33"}
{"level":"info","message":"HTTP Request: GET /stats - Status: 304 - Duration: 11ms - IP: ::1","timestamp":"2026-06-19 03:27:33"}
{"level":"info","message":"HTTP Request: GET /users - Status: 304 - Duration: 13ms - IP: ::1","timestamp":"2026-06-19 03:27:33"}
{"level":"info","message":"HTTP Request: GET /listings - Status: 304 - Duration: 12ms - IP: ::1","timestamp":"2026-06-19 03:27:33"}
{"level":"info","message":"HTTP Request: GET /stats - Status: 304 - Duration: 12ms - IP: ::1","timestamp":"2026-06-19 03:27:33"}
{"level":"info","message":"HTTP Request: GET /users - Status: 304 - Duration: 14ms - IP: ::1","timestamp":"2026-06-19 03:27:33"}
{"level":"info","message":"HTTP Request: GET /listings - Status: 304 - Duration: 13ms - IP: ::1","timestamp":"2026-06-19 03:27:33"}
{"level":"info","message":"HTTP Request: GET /stats - Status: 304 - Duration: 12ms - IP: ::1","timestamp":"2026-06-19 03:27:33"}
{"level":"info","message":"HTTP Request: GET /users - Status: 304 - Duration: 16ms - IP: ::1","timestamp":"2026-06-19 03:27:33"}
{"level":"info","message":"HTTP Request: GET /listings - Status: 304 - Duration: 14ms - IP: ::1","timestamp":"2026-06-19 03:27:33"}
{"level":"info","message":"HTTP Request: GET /stats - Status: 304 - Duration: 12ms - IP: ::1","timestamp":"2026-06-19 03:27:33"}
{"level":"info","message":"HTTP Request: GET /users - Status: 304 - Duration: 16ms - IP: ::1","timestamp":"2026-06-19 03:27:33"}
{"level":"info","message":"HTTP Request: GET /listings - Status: 304 - Duration: 15ms - IP: ::1","timestamp":"2026-06-19 03:27:33"}
{"level":"info","message":"HTTP Request: GET /stats - Status: 304 - Duration: 11ms - IP: ::1","timestamp":"2026-06-19 03:27:33"}
{"level":"info","message":"HTTP Request: GET /listings - Status: 304 - Duration: 14ms - IP: ::1","timestamp":"2026-06-19 03:27:33"}
{"level":"info","message":"HTTP Request: GET /users - Status: 304 - Duration: 15ms - IP: ::1","timestamp":"2026-06-19 03:27:33"}
{"level":"info","message":"HTTP Request: GET /stats - Status: 304 - Duration: 13ms - IP: ::1","timestamp":"2026-06-19 03:27:33"}
{"level":"info","message":"HTTP Request: GET /listings - Status: 304 - Duration: 18ms - IP: ::1","timestamp":"2026-06-19 03:27:33"}
{"level":"info","message":"HTTP Request: GET /users - Status: 304 - Duration: 17ms - IP: ::1","timestamp":"2026-06-19 03:27:33"}
{"level":"info","message":"HTTP Request: GET /stats - Status: 304 - Duration: 11ms - IP: ::1","timestamp":"2026-06-19 03:27:33"}
{"level":"info","message":"HTTP Request: GET /users - Status: 304 - Duration: 16ms - IP: ::1","timestamp":"2026-06-19 03:27:33"}
{"level":"info","message":"HTTP Request: GET /listings - Status: 304 - Duration: 14ms - IP: ::1","timestamp":"2026-06-19 03:27:33"}
{"level":"info","message":"HTTP Request: GET /stats - Status: 304 - Duration: 14ms - IP: ::1","timestamp":"2026-06-19 03:27:33"}
{"level":"info","message":"HTTP Request: GET /listings - Status: 304 - Duration: 17ms - IP: ::1","timestamp":"2026-06-19 03:27:33"}
{"level":"info","message":"HTTP Request: GET /users - Status: 304 - Duration: 21ms - IP: ::1","timestamp":"2026-06-19 03:27:34"}
{"level":"info","message":"HTTP Request: GET /stats - Status: 304 - Duration: 11ms - IP: ::1","timestamp":"2026-06-19 03:27:34"}
{"level":"info","message":"HTTP Request: GET /listings - Status: 304 - Duration: 15ms - IP: ::1","timestamp":"2026-06-19 03:27:34"}
{"level":"info","message":"HTTP Request: GET /users - Status: 304 - Duration: 19ms - IP: ::1","timestamp":"2026-06-19 03:27:34"}
{"level":"info","message":"HTTP Request: GET /stats - Status: 304 - Duration: 10ms - IP: ::1","timestamp":"2026-06-19 03:27:34"}
{"level":"info","message":"HTTP Request: GET /users - Status: 304 - Duration: 16ms - IP: ::1","timestamp":"2026-06-19 03:27:34"}
{"level":"info","message":"HTTP Request: GET /listings - Status: 304 - Duration: 16ms - IP: ::1","timestamp":"2026-06-19 03:27:34"}
{"level":"info","message":"HTTP Request: GET /stats - Status: 304 - Duration: 11ms - IP: ::1","timestamp":"2026-06-19 03:27:34"}
{"level":"info","message":"HTTP Request: GET /users - Status: 304 - Duration: 14ms - IP: ::1","timestamp":"2026-06-19 03:27:34"}
{"level":"info","message":"HTTP Request: GET /listings - Status: 304 - Duration: 12ms - IP: ::1","timestamp":"2026-06-19 03:27:34"}
{"level":"info","message":"HTTP Request: GET /stats - Status: 304 - Duration: 11ms - IP: ::1","timestamp":"2026-06-19 03:27:34"}
{"level":"info","message":"HTTP Request: GET /users - Status: 304 - Duration: 22ms - IP: ::1","timestamp":"2026-06-19 03:27:34"}
{"level":"info","message":"HTTP Request: GET /listings - Status: 304 - Duration: 20ms - IP: ::1","timestamp":"2026-06-19 03:27:34"}
{"level":"info","message":"HTTP Request: GET /stats - Status: 304 - Duration: 9ms - IP: ::1","timestamp":"2026-06-19 03:27:34"}
{"level":"info","message":"HTTP Request: GET /listings - Status: 304 - Duration: 15ms - IP: ::1","timestamp":"2026-06-19 03:27:34"}
{"level":"info","message":"HTTP Request: GET /users - Status: 304 - Duration: 18ms - IP: ::1","timestamp":"2026-06-19 03:27:34"}
{"level":"info","message":"HTTP Request: GET /stats - Status: 304 - Duration: 10ms - IP: ::1","timestamp":"2026-06-19 03:27:34"}
{"level":"info","message":"HTTP Request: GET /users - Status: 304 - Duration: 13ms - IP: ::1","timestamp":"2026-06-19 03:27:34"}
{"level":"info","message":"HTTP Request: GET /listings - Status: 304 - Duration: 12ms - IP: ::1","timestamp":"2026-06-19 03:27:34"}
{"level":"info","message":"HTTP Request: GET /stats - Status: 304 - Duration: 11ms - IP: ::1","timestamp":"2026-06-19 03:27:34"}
{"level":"info","message":"HTTP Request: GET /users - Status: 304 - Duration: 12ms - IP: ::1","timestamp":"2026-06-19 03:27:34"}
{"level":"info","message":"HTTP Request: GET /listings - Status: 304 - Duration: 12ms - IP: ::1","timestamp":"2026-06-19 03:27:34"}
{"level":"info","message":"HTTP Request: GET /stats - Status: 304 - Duration: 11ms - IP: ::1","timestamp":"2026-06-19 03:27:34"}
{"level":"info","message":"HTTP Request: GET /users - Status: 304 - Duration: 13ms - IP: ::1","timestamp":"2026-06-19 03:27:34"}
{"level":"info","message":"HTTP Request: GET /listings - Status: 304 - Duration: 13ms - IP: ::1","timestamp":"2026-06-19 03:27:34"}
{"level":"info","message":"HTTP Request: GET /stats - Status: 304 - Duration: 11ms - IP: ::1","timestamp":"2026-06-19 03:27:34"}
{"level":"info","message":"HTTP Request: GET /users - Status: 304 - Duration: 14ms - IP: ::1","timestamp":"2026-06-19 03:27:34"}
{"level":"info","message":"HTTP Request: GET /listings - Status: 304 - Duration: 12ms - IP: ::1","timestamp":"2026-06-19 03:27:34"}
{"level":"info","message":"HTTP Request: GET /stats - Status: 304 - Duration: 10ms - IP: ::1","timestamp":"2026-06-19 03:27:34"}
{"level":"info","message":"HTTP Request: GET /users - Status: 304 - Duration: 13ms - IP: ::1","timestamp":"2026-06-19 03:27:34"}
{"level":"info","message":"HTTP Request: GET /listings - Status: 304 - Duration: 11ms - IP: ::1","timestamp":"2026-06-19 03:27:34"}
{"level":"info","message":"HTTP Request: GET /stats - Status: 304 - Duration: 11ms - IP: ::1","timestamp":"2026-06-19 03:27:34"}
{"level":"info","message":"HTTP Request: GET /users - Status: 304 - Duration: 17ms - IP: ::1","timestamp":"2026-06-19 03:27:34"}
{"level":"info","message":"HTTP Request: GET /listings - Status: 304 - Duration: 15ms - IP: ::1","timestamp":"2026-06-19 03:27:34"}
{"level":"info","message":"HTTP Request: GET /stats - Status: 304 - Duration: 10ms - IP: ::1","timestamp":"2026-06-19 03:27:34"}
{"level":"info","message":"HTTP Request: GET /users - Status: 304 - Duration: 16ms - IP: ::1","timestamp":"2026-06-19 03:27:34"}
{"level":"info","message":"HTTP Request: GET /listings - Status: 304 - Duration: 16ms - IP: ::1","timestamp":"2026-06-19 03:27:34"}
{"level":"info","message":"HTTP Request: GET /stats - Status: 304 - Duration: 11ms - IP: ::1","timestamp":"2026-06-19 03:27:34"}
{"level":"info","message":"HTTP Request: GET /users - Status: 304 - Duration: 13ms - IP: ::1","timestamp":"2026-06-19 03:27:34"}
{"level":"info","message":"HTTP Request: GET /listings - Status: 304 - Duration: 12ms - IP: ::1","timestamp":"2026-06-19 03:27:34"}
{"level":"info","message":"HTTP Request: GET /stats - Status: 304 - Duration: 11ms - IP: ::1","timestamp":"2026-06-19 03:27:34"}
{"level":"info","message":"HTTP Request: GET /users - Status: 304 - Duration: 13ms - IP: ::1","timestamp":"2026-06-19 03:27:34"}
{"level":"info","message":"HTTP Request: GET /listings - Status: 304 - Duration: 12ms - IP: ::1","timestamp":"2026-06-19 03:27:34"}
{"level":"info","message":"HTTP Request: GET /stats - Status: 304 - Duration: 12ms - IP: ::1","timestamp":"2026-06-19 03:27:34"}
{"level":"info","message":"HTTP Request: GET /users - Status: 304 - Duration: 14ms - IP: ::1","timestamp":"2026-06-19 03:27:34"}
{"level":"info","message":"HTTP Request: GET /listings - Status: 304 - Duration: 13ms - IP: ::1","timestamp":"2026-06-19 03:27:34"}
{"level":"info","message":"HTTP Request: GET /stats - Status: 304 - Duration: 10ms - IP: ::1","timestamp":"2026-06-19 03:27:34"}
{"level":"info","message":"HTTP Request: GET /users - Status: 304 - Duration: 15ms - IP: ::1","timestamp":"2026-06-19 03:27:34"}
{"level":"info","message":"HTTP Request: GET /listings - Status: 304 - Duration: 14ms - IP: ::1","timestamp":"2026-06-19 03:27:34"}
{"level":"info","message":"HTTP Request: GET /stats - Status: 304 - Duration: 10ms - IP: ::1","timestamp":"2026-06-19 03:27:34"}
{"level":"info","message":"HTTP Request: GET /listings - Status: 304 - Duration: 12ms - IP: ::1","timestamp":"2026-06-19 03:27:34"}
{"level":"info","message":"HTTP Request: GET /users - Status: 304 - Duration: 18ms - IP: ::1","timestamp":"2026-06-19 03:27:34"}
{"level":"info","message":"HTTP Request: GET /stats - Status: 304 - Duration: 11ms - IP: ::1","timestamp":"2026-06-19 03:27:34"}
{"level":"info","message":"HTTP Request: GET /users - Status: 304 - Duration: 17ms - IP: ::1","timestamp":"2026-06-19 03:27:34"}
{"level":"info","message":"HTTP Request: GET /listings - Status: 304 - Duration: 15ms - IP: ::1","timestamp":"2026-06-19 03:27:34"}
{"level":"info","message":"HTTP Request: GET /stats - Status: 304 - Duration: 10ms - IP: ::1","timestamp":"2026-06-19 03:27:34"}
{"level":"info","message":"HTTP Request: GET /users - Status: 304 - Duration: 13ms - IP: ::1","timestamp":"2026-06-19 03:27:34"}
{"level":"info","message":"HTTP Request: GET /listings - Status: 304 - Duration: 12ms - IP: ::1","timestamp":"2026-06-19 03:27:34"}
{"level":"info","message":"HTTP Request: GET /stats - Status: 304 - Duration: 13ms - IP: ::1","timestamp":"2026-06-19 03:27:35"}
{"level":"info","message":"HTTP Request: GET /users - Status: 304 - Duration: 17ms - IP: ::1","timestamp":"2026-06-19 03:27:35"}
{"level":"info","message":"HTTP Request: GET /listings - Status: 304 - Duration: 14ms - IP: ::1","timestamp":"2026-06-19 03:27:35"}
{"level":"info","message":"HTTP Request: GET /stats - Status: 304 - Duration: 12ms - IP: ::1","timestamp":"2026-06-19 03:27:35"}
{"level":"info","message":"HTTP Request: GET /users - Status: 304 - Duration: 16ms - IP: ::1","timestamp":"2026-06-19 03:27:35"}
{"level":"info","message":"HTTP Request: GET /listings - Status: 304 - Duration: 14ms - IP: ::1","timestamp":"2026-06-19 03:27:35"}
{"level":"info","message":"HTTP Request: GET /stats - Status: 304 - Duration: 11ms - IP: ::1","timestamp":"2026-06-19 03:27:35"}
{"level":"info","message":"HTTP Request: GET /users - Status: 304 - Duration: 18ms - IP: ::1","timestamp":"2026-06-19 03:27:35"}
{"level":"info","message":"HTTP Request: GET /listings - Status: 304 - Duration: 16ms - IP: ::1","timestamp":"2026-06-19 03:27:35"}
{"level":"info","message":"HTTP Request: GET /stats - Status: 304 - Duration: 9ms - IP: ::1","timestamp":"2026-06-19 03:27:35"}
{"level":"info","message":"HTTP Request: GET /users - Status: 304 - Duration: 13ms - IP: ::1","timestamp":"2026-06-19 03:27:35"}
{"level":"info","message":"HTTP Request: GET /listings - Status: 304 - Duration: 13ms - IP: ::1","timestamp":"2026-06-19 03:27:35"}
{"level":"info","message":"HTTP Request: GET /stats - Status: 304 - Duration: 10ms - IP: ::1","timestamp":"2026-06-19 03:27:35"}
{"level":"info","message":"HTTP Request: GET /users - Status: 304 - Duration: 15ms - IP: ::1","timestamp":"2026-06-19 03:27:35"}
{"level":"info","message":"HTTP Request: GET /listings - Status: 304 - Duration: 14ms - IP: ::1","timestamp":"2026-06-19 03:27:35"}
{"level":"info","message":"HTTP Request: GET /stats - Status: 304 - Duration: 12ms - IP: ::1","timestamp":"2026-06-19 03:27:35"}
{"level":"info","message":"HTTP Request: GET /users - Status: 304 - Duration: 16ms - IP: ::1","timestamp":"2026-06-19 03:27:35"}
{"level":"info","message":"HTTP Request: GET /listings - Status: 304 - Duration: 14ms - IP: ::1","timestamp":"2026-06-19 03:27:35"}
{"level":"info","message":"HTTP Request: GET /stats - Status: 304 - Duration: 11ms - IP: ::1","timestamp":"2026-06-19 03:27:35"}
{"level":"info","message":"HTTP Request: GET /listings - Status: 304 - Duration: 10ms - IP: ::1","timestamp":"2026-06-19 03:27:35"}
{"level":"info","message":"HTTP Request: GET /users - Status: 304 - Duration: 17ms - IP: ::1","timestamp":"2026-06-19 03:27:35"}
{"level":"info","message":"HTTP Request: GET /stats - Status: 304 - Duration: 10ms - IP: ::1","timestamp":"2026-06-19 03:27:35"}
{"level":"info","message":"HTTP Request: GET /users - Status: 304 - Duration: 12ms - IP: ::1","timestamp":"2026-06-19 03:27:35"}
{"level":"info","message":"HTTP Request: GET /listings - Status: 304 - Duration: 13ms - IP: ::1","timestamp":"2026-06-19 03:27:35"}
{"level":"info","message":"HTTP Request: GET /stats - Status: 304 - Duration: 11ms - IP: ::1","timestamp":"2026-06-19 03:27:35"}
{"level":"info","message":"HTTP Request: GET /users - Status: 304 - Duration: 13ms - IP: ::1","timestamp":"2026-06-19 03:27:35"}
{"level":"info","message":"HTTP Request: GET /listings - Status: 304 - Duration: 13ms - IP: ::1","timestamp":"2026-06-19 03:27:35"}
{"level":"info","message":"HTTP Request: GET /stats - Status: 304 - Duration: 11ms - IP: ::1","timestamp":"2026-06-19 03:27:35"}
{"level":"info","message":"HTTP Request: GET /listings - Status: 304 - Duration: 14ms - IP: ::1","timestamp":"2026-06-19 03:27:35"}
{"level":"info","message":"HTTP Request: GET /users - Status: 304 - Duration: 13ms - IP: ::1","timestamp":"2026-06-19 03:27:35"}
{"level":"info","message":"HTTP Request: GET /stats - Status: 304 - Duration: 11ms - IP: ::1","timestamp":"2026-06-19 03:27:35"}
{"level":"info","message":"HTTP Request: GET /listings - Status: 304 - Duration: 14ms - IP: ::1","timestamp":"2026-06-19 03:27:35"}
{"level":"info","message":"HTTP Request: GET /users - Status: 304 - Duration: 14ms - IP: ::1","timestamp":"2026-06-19 03:27:35"}
{"level":"info","message":"HTTP Request: GET /stats - Status: 304 - Duration: 10ms - IP: ::1","timestamp":"2026-06-19 03:27:35"}
{"level":"info","message":"HTTP Request: GET /users - Status: 304 - Duration: 14ms - IP: ::1","timestamp":"2026-06-19 03:27:35"}
{"level":"info","message":"HTTP Request: GET /listings - Status: 304 - Duration: 14ms - IP: ::1","timestamp":"2026-06-19 03:27:35"}
{"level":"info","message":"HTTP Request: GET /stats - Status: 304 - Duration: 11ms - IP: ::1","timestamp":"2026-06-19 03:27:35"}
{"level":"info","message":"HTTP Request: GET /listings - Status: 304 - Duration: 12ms - IP: ::1","timestamp":"2026-06-19 03:27:35"}
{"level":"info","message":"HTTP Request: GET /users - Status: 304 - Duration: 16ms - IP: ::1","timestamp":"2026-06-19 03:27:35"}
{"level":"info","message":"HTTP Request: GET /stats - Status: 304 - Duration: 11ms - IP: ::1","timestamp":"2026-06-19 03:27:35"}
{"level":"info","message":"HTTP Request: GET /users - Status: 304 - Duration: 13ms - IP: ::1","timestamp":"2026-06-19 03:27:35"}
{"level":"info","message":"HTTP Request: GET /listings - Status: 304 - Duration: 12ms - IP: ::1","timestamp":"2026-06-19 03:27:35"}
{"level":"info","message":"HTTP Request: GET /stats - Status: 304 - Duration: 12ms - IP: ::1","timestamp":"2026-06-19 03:27:35"}
{"level":"info","message":"HTTP Request: GET /listings - Status: 304 - Duration: 12ms - IP: ::1","timestamp":"2026-06-19 03:27:35"}
{"level":"info","message":"HTTP Request: GET /users - Status: 304 - Duration: 18ms - IP: ::1","timestamp":"2026-06-19 03:27:35"}
{"level":"info","message":"HTTP Request: GET /stats - Status: 304 - Duration: 11ms - IP: ::1","timestamp":"2026-06-19 03:27:35"}
{"level":"info","message":"HTTP Request: GET /users - Status: 304 - Duration: 16ms - IP: ::1","timestamp":"2026-06-19 03:27:35"}
{"level":"info","message":"HTTP Request: GET /listings - Status: 304 - Duration: 14ms - IP: ::1","timestamp":"2026-06-19 03:27:35"}
{"level":"info","message":"HTTP Request: GET /stats - Status: 304 - Duration: 10ms - IP: ::1","timestamp":"2026-06-19 03:27:35"}
{"level":"info","message":"HTTP Request: GET /users - Status: 304 - Duration: 15ms - IP: ::1","timestamp":"2026-06-19 03:27:35"}
{"level":"info","message":"HTTP Request: GET /listings - Status: 304 - Duration: 15ms - IP: ::1","timestamp":"2026-06-19 03:27:35"}
{"level":"info","message":"HTTP Request: GET /stats - Status: 304 - Duration: 12ms - IP: ::1","timestamp":"2026-06-19 03:27:35"}
{"level":"info","message":"HTTP Request: GET /users - Status: 304 - Duration: 17ms - IP: ::1","timestamp":"2026-06-19 03:27:35"}
{"level":"info","message":"HTTP Request: GET /listings - Status: 304 - Duration: 15ms - IP: ::1","timestamp":"2026-06-19 03:27:35"}
{"level":"info","message":"HTTP Request: GET /stats - Status: 304 - Duration: 9ms - IP: ::1","timestamp":"2026-06-19 03:27:35"}
{"level":"info","message":"HTTP Request: GET /listings - Status: 304 - Duration: 12ms - IP: ::1","timestamp":"2026-06-19 03:27:35"}
{"level":"info","message":"HTTP Request: GET /users - Status: 304 - Duration: 15ms - IP: ::1","timestamp":"2026-06-19 03:27:35"}
{"level":"info","message":"HTTP Request: GET /stats - Status: 304 - Duration: 13ms - IP: ::1","timestamp":"2026-06-19 03:27:35"}
{"level":"info","message":"HTTP Request: GET /users - Status: 304 - Duration: 15ms - IP: ::1","timestamp":"2026-06-19 03:27:35"}
{"level":"info","message":"HTTP Request: GET /listings - Status: 304 - Duration: 14ms - IP: ::1","timestamp":"2026-06-19 03:27:35"}
{"level":"info","message":"HTTP Request: GET /stats - Status: 304 - Duration: 10ms - IP: ::1","timestamp":"2026-06-19 03:27:35"}
{"level":"info","message":"HTTP Request: GET /listings - Status: 304 - Duration: 13ms - IP: ::1","timestamp":"2026-06-19 03:27:35"}
{"level":"info","message":"HTTP Request: GET /users - Status: 304 - Duration: 14ms - IP: ::1","timestamp":"2026-06-19 03:27:35"}
{"level":"info","message":"HTTP Request: GET /stats - Status: 304 - Duration: 10ms - IP: ::1","timestamp":"2026-06-19 03:27:36"}
{"level":"info","message":"HTTP Request: GET /users - Status: 304 - Duration: 13ms - IP: ::1","timestamp":"2026-06-19 03:27:36"}
{"level":"info","message":"HTTP Request: GET /listings - Status: 304 - Duration: 13ms - IP: ::1","timestamp":"2026-06-19 03:27:36"}
{"level":"info","message":"HTTP Request: GET /stats - Status: 304 - Duration: 10ms - IP: ::1","timestamp":"2026-06-19 03:27:36"}
{"level":"info","message":"HTTP Request: GET /users - Status: 304 - Duration: 14ms - IP: ::1","timestamp":"2026-06-19 03:27:36"}
{"level":"info","message":"HTTP Request: GET /listings - Status: 304 - Duration: 13ms - IP: ::1","timestamp":"2026-06-19 03:27:36"}
{"level":"info","message":"HTTP Request: GET /stats - Status: 304 - Duration: 10ms - IP: ::1","timestamp":"2026-06-19 03:27:36"}
{"level":"info","message":"HTTP Request: GET /users - Status: 304 - Duration: 13ms - IP: ::1","timestamp":"2026-06-19 03:27:36"}
{"level":"info","message":"HTTP Request: GET /listings - Status: 304 - Duration: 12ms - IP: ::1","timestamp":"2026-06-19 03:27:36"}
{"level":"info","message":"HTTP Request: GET /stats - Status: 304 - Duration: 11ms - IP: ::1","timestamp":"2026-06-19 03:27:36"}
{"level":"info","message":"HTTP Request: GET /listings - Status: 304 - Duration: 14ms - IP: ::1","timestamp":"2026-06-19 03:27:36"}
{"level":"info","message":"HTTP Request: GET /users - Status: 304 - Duration: 13ms - IP: ::1","timestamp":"2026-06-19 03:27:36"}
{"level":"info","message":"HTTP Request: GET /stats - Status: 304 - Duration: 17ms - IP: ::1","timestamp":"2026-06-19 03:27:36"}
{"level":"info","message":"HTTP Request: GET /users - Status: 304 - Duration: 22ms - IP: ::1","timestamp":"2026-06-19 03:27:36"}
{"level":"info","message":"HTTP Request: GET /listings - Status: 304 - Duration: 16ms - IP: ::1","timestamp":"2026-06-19 03:27:36"}
{"level":"info","message":"HTTP Request: GET /stats - Status: 304 - Duration: 10ms - IP: ::1","timestamp":"2026-06-19 03:27:36"}
{"level":"info","message":"HTTP Request: GET /users - Status: 304 - Duration: 15ms - IP: ::1","timestamp":"2026-06-19 03:27:36"}
{"level":"info","message":"HTTP Request: GET /listings - Status: 304 - Duration: 14ms - IP: ::1","timestamp":"2026-06-19 03:27:36"}
{"level":"info","message":"HTTP Request: GET /stats - Status: 304 - Duration: 11ms - IP: ::1","timestamp":"2026-06-19 03:27:36"}
{"level":"info","message":"HTTP Request: GET /users - Status: 304 - Duration: 17ms - IP: ::1","timestamp":"2026-06-19 03:27:36"}
{"level":"info","message":"HTTP Request: GET /listings - Status: 304 - Duration: 16ms - IP: ::1","timestamp":"2026-06-19 03:27:36"}
{"level":"info","message":"HTTP Request: GET /stats - Status: 304 - Duration: 10ms - IP: ::1","timestamp":"2026-06-19 03:27:36"}
{"level":"info","message":"HTTP Request: GET /users - Status: 304 - Duration: 16ms - IP: ::1","timestamp":"2026-06-19 03:27:36"}
{"level":"info","message":"HTTP Request: GET /listings - Status: 304 - Duration: 16ms - IP: ::1","timestamp":"2026-06-19 03:27:36"}
{"level":"info","message":"HTTP Request: GET /stats - Status: 304 - Duration: 10ms - IP: ::1","timestamp":"2026-06-19 03:27:36"}
{"level":"info","message":"HTTP Request: GET /users - Status: 304 - Duration: 15ms - IP: ::1","timestamp":"2026-06-19 03:27:36"}
{"level":"info","message":"HTTP Request: GET /listings - Status: 304 - Duration: 13ms - IP: ::1","timestamp":"2026-06-19 03:27:36"}
{"level":"info","message":"HTTP Request: GET /stats - Status: 304 - Duration: 10ms - IP: ::1","timestamp":"2026-06-19 03:27:36"}
{"level":"info","message":"HTTP Request: GET /users - Status: 304 - Duration: 14ms - IP: ::1","timestamp":"2026-06-19 03:27:36"}
{"level":"info","message":"HTTP Request: GET /listings - Status: 304 - Duration: 14ms - IP: ::1","timestamp":"2026-06-19 03:27:36"}
{"level":"info","message":"HTTP Request: GET /stats - Status: 304 - Duration: 10ms - IP: ::1","timestamp":"2026-06-19 03:27:36"}
{"level":"info","message":"HTTP Request: GET /users - Status: 304 - Duration: 12ms - IP: ::1","timestamp":"2026-06-19 03:27:36"}
{"level":"info","message":"HTTP Request: GET /listings - Status: 304 - Duration: 12ms - IP: ::1","timestamp":"2026-06-19 03:27:36"}
{"level":"info","message":"HTTP Request: GET /stats - Status: 304 - Duration: 11ms - IP: ::1","timestamp":"2026-06-19 03:27:36"}
{"level":"info","message":"HTTP Request: GET /listings - Status: 304 - Duration: 11ms - IP: ::1","timestamp":"2026-06-19 03:27:36"}
{"level":"info","message":"HTTP Request: GET /users - Status: 304 - Duration: 14ms - IP: ::1","timestamp":"2026-06-19 03:27:36"}
{"level":"info","message":"HTTP Request: GET /stats - Status: 304 - Duration: 11ms - IP: ::1","timestamp":"2026-06-19 03:27:36"}
{"level":"info","message":"HTTP Request: GET /users - Status: 304 - Duration: 12ms - IP: ::1","timestamp":"2026-06-19 03:27:36"}
{"level":"info","message":"HTTP Request: GET /listings - Status: 304 - Duration: 11ms - IP: ::1","timestamp":"2026-06-19 03:27:36"}
{"level":"info","message":"HTTP Request: GET /stats - Status: 304 - Duration: 11ms - IP: ::1","timestamp":"2026-06-19 03:27:36"}
{"level":"info","message":"HTTP Request: GET /listings - Status: 304 - Duration: 13ms - IP: ::1","timestamp":"2026-06-19 03:27:36"}
{"level":"info","message":"HTTP Request: GET /users - Status: 304 - Duration: 12ms - IP: ::1","timestamp":"2026-06-19 03:27:36"}
{"level":"info","message":"HTTP Request: GET /stats - Status: 304 - Duration: 11ms - IP: ::1","timestamp":"2026-06-19 03:27:36"}
{"level":"info","message":"HTTP Request: GET /listings - Status: 304 - Duration: 12ms - IP: ::1","timestamp":"2026-06-19 03:27:36"}
{"level":"info","message":"HTTP Request: GET /users - Status: 304 - Duration: 12ms - IP: ::1","timestamp":"2026-06-19 03:27:36"}
{"level":"info","message":"HTTP Request: GET /stats - Status: 304 - Duration: 13ms - IP: ::1","timestamp":"2026-06-19 03:27:36"}
{"level":"info","message":"HTTP Request: GET /users - Status: 304 - Duration: 15ms - IP: ::1","timestamp":"2026-06-19 03:27:36"}
{"level":"info","message":"HTTP Request: GET /listings - Status: 304 - Duration: 12ms - IP: ::1","timestamp":"2026-06-19 03:27:36"}
{"level":"info","message":"HTTP Request: GET /stats - Status: 304 - Duration: 12ms - IP: ::1","timestamp":"2026-06-19 03:27:36"}
{"level":"info","message":"HTTP Request: GET /users - Status: 304 - Duration: 14ms - IP: ::1","timestamp":"2026-06-19 03:27:36"}
{"level":"info","message":"HTTP Request: GET /listings - Status: 304 - Duration: 13ms - IP: ::1","timestamp":"2026-06-19 03:27:36"}
{"level":"info","message":"HTTP Request: GET /stats - Status: 304 - Duration: 11ms - IP: ::1","timestamp":"2026-06-19 03:27:36"}
{"level":"info","message":"HTTP Request: GET /users - Status: 304 - Duration: 15ms - IP: ::1","timestamp":"2026-06-19 03:27:36"}
{"level":"info","message":"HTTP Request: GET /listings - Status: 304 - Duration: 15ms - IP: ::1","timestamp":"2026-06-19 03:27:36"}
{"level":"info","message":"HTTP Request: GET /stats - Status: 304 - Duration: 10ms - IP: ::1","timestamp":"2026-06-19 03:27:36"}
{"level":"info","message":"HTTP Request: GET /users - Status: 304 - Duration: 14ms - IP: ::1","timestamp":"2026-06-19 03:27:36"}
{"level":"info","message":"HTTP Request: GET /listings - Status: 304 - Duration: 12ms - IP: ::1","timestamp":"2026-06-19 03:27:36"}
{"level":"info","message":"HTTP Request: GET /stats - Status: 304 - Duration: 10ms - IP: ::1","timestamp":"2026-06-19 03:27:36"}
{"level":"info","message":"HTTP Request: GET /listings - Status: 304 - Duration: 12ms - IP: ::1","timestamp":"2026-06-19 03:27:36"}
{"level":"info","message":"HTTP Request: GET /users - Status: 304 - Duration: 11ms - IP: ::1","timestamp":"2026-06-19 03:27:36"}
{"level":"info","message":"HTTP Request: GET /users - Status: 304 - Duration: 12ms - IP: ::1","timestamp":"2026-06-19 03:27:36"}
{"level":"info","message":"HTTP Request: GET /listings - Status: 304 - Duration: 11ms - IP: ::1","timestamp":"2026-06-19 03:27:36"}
{"level":"info","message":"HTTP Request: GET /stats - Status: 304 - Duration: 18ms - IP: ::1","timestamp":"2026-06-19 03:27:36"}
{"level":"info","message":"HTTP Request: GET /stats - Status: 304 - Duration: 11ms - IP: ::1","timestamp":"2026-06-19 03:27:37"}
{"level":"info","message":"HTTP Request: GET /listings - Status: 304 - Duration: 9ms - IP: ::1","timestamp":"2026-06-19 03:27:37"}
{"level":"info","message":"HTTP Request: GET /users - Status: 304 - Duration: 15ms - IP: ::1","timestamp":"2026-06-19 03:27:37"}
{"level":"info","message":"HTTP Request: GET /stats - Status: 304 - Duration: 11ms - IP: ::1","timestamp":"2026-06-19 03:27:37"}
{"level":"info","message":"HTTP Request: GET /listings - Status: 304 - Duration: 10ms - IP: ::1","timestamp":"2026-06-19 03:27:37"}
{"level":"info","message":"HTTP Request: GET /users - Status: 304 - Duration: 15ms - IP: ::1","timestamp":"2026-06-19 03:27:37"}
{"level":"info","message":"HTTP Request: GET /stats - Status: 304 - Duration: 11ms - IP: ::1","timestamp":"2026-06-19 03:27:37"}
{"level":"info","message":"HTTP Request: GET /listings - Status: 304 - Duration: 13ms - IP: ::1","timestamp":"2026-06-19 03:27:37"}
{"level":"info","message":"HTTP Request: GET /users - Status: 304 - Duration: 12ms - IP: ::1","timestamp":"2026-06-19 03:27:37"}
{"level":"info","message":"HTTP Request: GET /stats - Status: 304 - Duration: 10ms - IP: ::1","timestamp":"2026-06-19 03:27:37"}
{"level":"info","message":"HTTP Request: GET /users - Status: 304 - Duration: 13ms - IP: ::1","timestamp":"2026-06-19 03:27:37"}
{"level":"info","message":"HTTP Request: GET /listings - Status: 304 - Duration: 11ms - IP: ::1","timestamp":"2026-06-19 03:27:37"}
{"level":"info","message":"HTTP Request: GET /stats - Status: 304 - Duration: 11ms - IP: ::1","timestamp":"2026-06-19 03:27:37"}
{"level":"info","message":"HTTP Request: GET /users - Status: 304 - Duration: 14ms - IP: ::1","timestamp":"2026-06-19 03:27:37"}
{"level":"info","message":"HTTP Request: GET /listings - Status: 304 - Duration: 13ms - IP: ::1","timestamp":"2026-06-19 03:27:37"}
{"level":"info","message":"HTTP Request: GET /stats - Status: 304 - Duration: 10ms - IP: ::1","timestamp":"2026-06-19 03:27:37"}
{"level":"info","message":"HTTP Request: GET /users - Status: 304 - Duration: 15ms - IP: ::1","timestamp":"2026-06-19 03:27:37"}
{"level":"info","message":"HTTP Request: GET /listings - Status: 304 - Duration: 12ms - IP: ::1","timestamp":"2026-06-19 03:27:37"}
{"level":"info","message":"HTTP Request: GET /stats - Status: 304 - Duration: 11ms - IP: ::1","timestamp":"2026-06-19 03:27:37"}
{"level":"info","message":"HTTP Request: GET /users - Status: 304 - Duration: 14ms - IP: ::1","timestamp":"2026-06-19 03:27:37"}
{"level":"info","message":"HTTP Request: GET /listings - Status: 304 - Duration: 12ms - IP: ::1","timestamp":"2026-06-19 03:27:37"}
{"level":"info","message":"HTTP Request: GET /stats - Status: 304 - Duration: 11ms - IP: ::1","timestamp":"2026-06-19 03:27:37"}
{"level":"info","message":"HTTP Request: GET /users - Status: 304 - Duration: 13ms - IP: ::1","timestamp":"2026-06-19 03:27:37"}
{"level":"info","message":"HTTP Request: GET /listings - Status: 304 - Duration: 13ms - IP: ::1","timestamp":"2026-06-19 03:27:37"}
{"level":"info","message":"HTTP Request: GET /stats - Status: 304 - Duration: 10ms - IP: ::1","timestamp":"2026-06-19 03:27:37"}
{"level":"info","message":"HTTP Request: GET /listings - Status: 304 - Duration: 15ms - IP: ::1","timestamp":"2026-06-19 03:27:37"}
{"level":"info","message":"HTTP Request: GET /users - Status: 304 - Duration: 15ms - IP: ::1","timestamp":"2026-06-19 03:27:37"}
{"level":"info","message":"HTTP Request: GET /stats - Status: 304 - Duration: 7ms - IP: ::1","timestamp":"2026-06-19 03:27:37"}
{"level":"info","message":"HTTP Request: GET /users - Status: 304 - Duration: 15ms - IP: ::1","timestamp":"2026-06-19 03:27:37"}
{"level":"info","message":"HTTP Request: GET /listings - Status: 304 - Duration: 12ms - IP: ::1","timestamp":"2026-06-19 03:27:37"}
{"level":"info","message":"HTTP Request: GET /stats - Status: 304 - Duration: 9ms - IP: ::1","timestamp":"2026-06-19 03:27:37"}
{"level":"info","message":"HTTP Request: GET /users - Status: 304 - Duration: 13ms - IP: ::1","timestamp":"2026-06-19 03:27:37"}
{"level":"info","message":"HTTP Request: GET /listings - Status: 304 - Duration: 11ms - IP: ::1","timestamp":"2026-06-19 03:27:37"}
{"level":"info","message":"HTTP Request: GET /stats - Status: 304 - Duration: 11ms - IP: ::1","timestamp":"2026-06-19 03:27:37"}
{"level":"info","message":"HTTP Request: GET /users - Status: 304 - Duration: 15ms - IP: ::1","timestamp":"2026-06-19 03:27:37"}
{"level":"info","message":"HTTP Request: GET /listings - Status: 304 - Duration: 13ms - IP: ::1","timestamp":"2026-06-19 03:27:37"}
{"level":"info","message":"HTTP Request: GET /stats - Status: 304 - Duration: 11ms - IP: ::1","timestamp":"2026-06-19 03:27:37"}
{"level":"info","message":"HTTP Request: GET /users - Status: 304 - Duration: 14ms - IP: ::1","timestamp":"2026-06-19 03:27:37"}
{"level":"info","message":"HTTP Request: GET /listings - Status: 304 - Duration: 11ms - IP: ::1","timestamp":"2026-06-19 03:27:37"}
{"level":"info","message":"HTTP Request: GET /stats - Status: 304 - Duration: 11ms - IP: ::1","timestamp":"2026-06-19 03:27:37"}
{"level":"info","message":"HTTP Request: GET /listings - Status: 304 - Duration: 15ms - IP: ::1","timestamp":"2026-06-19 03:27:37"}
{"level":"info","message":"HTTP Request: GET /users - Status: 304 - Duration: 14ms - IP: ::1","timestamp":"2026-06-19 03:27:37"}
{"level":"info","message":"HTTP Request: GET /stats - Status: 304 - Duration: 11ms - IP: ::1","timestamp":"2026-06-19 03:27:37"}
{"level":"info","message":"HTTP Request: GET /listings - Status: 304 - Duration: 10ms - IP: ::1","timestamp":"2026-06-19 03:27:37"}
{"level":"info","message":"HTTP Request: GET /users - Status: 304 - Duration: 17ms - IP: ::1","timestamp":"2026-06-19 03:27:37"}
{"level":"info","message":"HTTP Request: GET /stats - Status: 304 - Duration: 16ms - IP: ::1","timestamp":"2026-06-19 03:27:37"}
{"level":"info","message":"HTTP Request: GET /users - Status: 304 - Duration: 19ms - IP: ::1","timestamp":"2026-06-19 03:27:37"}
{"level":"info","message":"HTTP Request: GET /listings - Status: 304 - Duration: 17ms - IP: ::1","timestamp":"2026-06-19 03:27:37"}
{"level":"info","message":"HTTP Request: GET /stats - Status: 304 - Duration: 12ms - IP: ::1","timestamp":"2026-06-19 03:27:37"}
{"level":"info","message":"HTTP Request: GET /listings - Status: 304 - Duration: 13ms - IP: ::1","timestamp":"2026-06-19 03:27:37"}
{"level":"info","message":"HTTP Request: GET /users - Status: 304 - Duration: 20ms - IP: ::1","timestamp":"2026-06-19 03:27:37"}
{"level":"info","message":"HTTP Request: GET /stats - Status: 304 - Duration: 11ms - IP: ::1","timestamp":"2026-06-19 03:27:37"}
{"level":"info","message":"HTTP Request: GET /listings - Status: 304 - Duration: 13ms - IP: ::1","timestamp":"2026-06-19 03:27:37"}
{"level":"info","message":"HTTP Request: GET /users - Status: 304 - Duration: 13ms - IP: ::1","timestamp":"2026-06-19 03:27:37"}
{"level":"info","message":"HTTP Request: GET /stats - Status: 304 - Duration: 13ms - IP: ::1","timestamp":"2026-06-19 03:27:37"}
{"level":"info","message":"HTTP Request: GET /users - Status: 304 - Duration: 18ms - IP: ::1","timestamp":"2026-06-19 03:27:37"}
{"level":"info","message":"HTTP Request: GET /listings - Status: 304 - Duration: 15ms - IP: ::1","timestamp":"2026-06-19 03:27:37"}
{"level":"info","message":"HTTP Request: GET /stats - Status: 304 - Duration: 10ms - IP: ::1","timestamp":"2026-06-19 03:27:37"}
{"level":"info","message":"HTTP Request: GET /listings - Status: 304 - Duration: 16ms - IP: ::1","timestamp":"2026-06-19 03:27:37"}
{"level":"info","message":"HTTP Request: GET /users - Status: 304 - Duration: 17ms - IP: ::1","timestamp":"2026-06-19 03:27:37"}
{"level":"info","message":"HTTP Request: GET /stats - Status: 304 - Duration: 12ms - IP: ::1","timestamp":"2026-06-19 03:27:37"}
{"level":"info","message":"HTTP Request: GET /users - Status: 304 - Duration: 16ms - IP: ::1","timestamp":"2026-06-19 03:27:37"}
{"level":"info","message":"HTTP Request: GET /listings - Status: 304 - Duration: 13ms - IP: ::1","timestamp":"2026-06-19 03:27:37"}
{"level":"info","message":"HTTP Request: GET /stats - Status: 304 - Duration: 11ms - IP: ::1","timestamp":"2026-06-19 03:27:37"}
{"level":"info","message":"HTTP Request: GET /listings - Status: 304 - Duration: 17ms - IP: ::1","timestamp":"2026-06-19 03:27:37"}
{"level":"info","message":"HTTP Request: GET /users - Status: 304 - Duration: 19ms - IP: ::1","timestamp":"2026-06-19 03:27:37"}
{"level":"info","message":"HTTP Request: GET /stats - Status: 304 - Duration: 9ms - IP: ::1","timestamp":"2026-06-19 03:27:37"}
{"level":"info","message":"HTTP Request: GET /listings - Status: 304 - Duration: 17ms - IP: ::1","timestamp":"2026-06-19 03:27:37"}
{"level":"info","message":"HTTP Request: GET /users - Status: 304 - Duration: 19ms - IP: ::1","timestamp":"2026-06-19 03:27:37"}
{"level":"info","message":"HTTP Request: GET /stats - Status: 304 - Duration: 12ms - IP: ::1","timestamp":"2026-06-19 03:27:37"}
{"level":"info","message":"HTTP Request: GET /listings - Status: 304 - Duration: 19ms - IP: ::1","timestamp":"2026-06-19 03:27:37"}
{"level":"info","message":"HTTP Request: GET /users - Status: 304 - Duration: 17ms - IP: ::1","timestamp":"2026-06-19 03:27:37"}
{"level":"info","message":"HTTP Request: GET /stats - Status: 304 - Duration: 11ms - IP: ::1","timestamp":"2026-06-19 03:27:37"}
{"level":"info","message":"HTTP Request: GET /listings - Status: 304 - Duration: 17ms - IP: ::1","timestamp":"2026-06-19 03:27:37"}
{"level":"info","message":"HTTP Request: GET /users - Status: 304 - Duration: 16ms - IP: ::1","timestamp":"2026-06-19 03:27:37"}
{"level":"info","message":"HTTP Request: GET /stats - Status: 304 - Duration: 11ms - IP: ::1","timestamp":"2026-06-19 03:27:37"}
{"level":"info","message":"HTTP Request: GET /users - Status: 304 - Duration: 15ms - IP: ::1","timestamp":"2026-06-19 03:27:38"}
{"level":"info","message":"HTTP Request: GET /listings - Status: 304 - Duration: 13ms - IP: ::1","timestamp":"2026-06-19 03:27:38"}
{"level":"info","message":"HTTP Request: GET /stats - Status: 304 - Duration: 10ms - IP: ::1","timestamp":"2026-06-19 03:27:38"}
{"level":"info","message":"HTTP Request: GET /listings - Status: 304 - Duration: 12ms - IP: ::1","timestamp":"2026-06-19 03:27:38"}
{"level":"info","message":"HTTP Request: GET /users - Status: 304 - Duration: 13ms - IP: ::1","timestamp":"2026-06-19 03:27:38"}
{"level":"info","message":"HTTP Request: GET /stats - Status: 304 - Duration: 11ms - IP: ::1","timestamp":"2026-06-19 03:27:38"}
{"level":"info","message":"HTTP Request: GET /users - Status: 304 - Duration: 16ms - IP: ::1","timestamp":"2026-06-19 03:27:38"}
{"level":"info","message":"HTTP Request: GET /listings - Status: 304 - Duration: 14ms - IP: ::1","timestamp":"2026-06-19 03:27:38"}
{"level":"info","message":"HTTP Request: GET /stats - Status: 304 - Duration: 13ms - IP: ::1","timestamp":"2026-06-19 03:27:38"}
{"level":"info","message":"HTTP Request: GET /users - Status: 304 - Duration: 13ms - IP: ::1","timestamp":"2026-06-19 03:27:38"}
{"level":"info","message":"HTTP Request: GET /listings - Status: 304 - Duration: 13ms - IP: ::1","timestamp":"2026-06-19 03:27:38"}
{"level":"info","message":"HTTP Request: GET /stats - Status: 304 - Duration: 10ms - IP: ::1","timestamp":"2026-06-19 03:27:38"}
{"level":"info","message":"HTTP Request: GET /users - Status: 304 - Duration: 14ms - IP: ::1","timestamp":"2026-06-19 03:27:38"}
{"level":"info","message":"HTTP Request: GET /listings - Status: 304 - Duration: 12ms - IP: ::1","timestamp":"2026-06-19 03:27:38"}
{"level":"info","message":"HTTP Request: GET /stats - Status: 304 - Duration: 13ms - IP: ::1","timestamp":"2026-06-19 03:27:38"}
{"level":"info","message":"HTTP Request: GET /listings - Status: 304 - Duration: 13ms - IP: ::1","timestamp":"2026-06-19 03:27:38"}
{"level":"info","message":"HTTP Request: GET /users - Status: 304 - Duration: 19ms - IP: ::1","timestamp":"2026-06-19 03:27:38"}
{"level":"info","message":"HTTP Request: GET /stats - Status: 304 - Duration: 11ms - IP: ::1","timestamp":"2026-06-19 03:27:38"}
{"level":"info","message":"HTTP Request: GET /users - Status: 304 - Duration: 14ms - IP: ::1","timestamp":"2026-06-19 03:27:38"}
{"level":"info","message":"HTTP Request: GET /listings - Status: 304 - Duration: 13ms - IP: ::1","timestamp":"2026-06-19 03:27:38"}
{"level":"info","message":"HTTP Request: GET /stats - Status: 304 - Duration: 13ms - IP: ::1","timestamp":"2026-06-19 03:27:38"}
{"level":"info","message":"HTTP Request: GET /listings - Status: 304 - Duration: 12ms - IP: ::1","timestamp":"2026-06-19 03:27:38"}
{"level":"info","message":"HTTP Request: GET /users - Status: 304 - Duration: 16ms - IP: ::1","timestamp":"2026-06-19 03:27:38"}
{"level":"info","message":"HTTP Request: GET /stats - Status: 304 - Duration: 10ms - IP: ::1","timestamp":"2026-06-19 03:27:38"}
{"level":"info","message":"HTTP Request: GET /users - Status: 304 - Duration: 15ms - IP: ::1","timestamp":"2026-06-19 03:27:38"}
{"level":"info","message":"HTTP Request: GET /listings - Status: 304 - Duration: 14ms - IP: ::1","timestamp":"2026-06-19 03:27:38"}
{"level":"info","message":"HTTP Request: GET /stats - Status: 304 - Duration: 9ms - IP: ::1","timestamp":"2026-06-19 03:27:38"}
{"level":"info","message":"HTTP Request: GET /listings - Status: 304 - Duration: 11ms - IP: ::1","timestamp":"2026-06-19 03:27:38"}
{"level":"info","message":"HTTP Request: GET /users - Status: 304 - Duration: 16ms - IP: ::1","timestamp":"2026-06-19 03:27:38"}
{"level":"info","message":"HTTP Request: GET /stats - Status: 304 - Duration: 12ms - IP: ::1","timestamp":"2026-06-19 03:27:38"}
{"level":"info","message":"HTTP Request: GET /users - Status: 304 - Duration: 16ms - IP: ::1","timestamp":"2026-06-19 03:27:38"}
{"level":"info","message":"HTTP Request: GET /listings - Status: 304 - Duration: 13ms - IP: ::1","timestamp":"2026-06-19 03:27:38"}
{"level":"info","message":"HTTP Request: GET /stats - Status: 304 - Duration: 11ms - IP: ::1","timestamp":"2026-06-19 03:27:38"}
{"level":"info","message":"HTTP Request: GET /users - Status: 304 - Duration: 13ms - IP: ::1","timestamp":"2026-06-19 03:27:38"}
{"level":"info","message":"HTTP Request: GET /listings - Status: 304 - Duration: 11ms - IP: ::1","timestamp":"2026-06-19 03:27:38"}
{"level":"info","message":"HTTP Request: GET /stats - Status: 304 - Duration: 10ms - IP: ::1","timestamp":"2026-06-19 03:27:38"}
{"level":"info","message":"HTTP Request: GET /users - Status: 304 - Duration: 13ms - IP: ::1","timestamp":"2026-06-19 03:27:38"}
{"level":"info","message":"HTTP Request: GET /listings - Status: 304 - Duration: 12ms - IP: ::1","timestamp":"2026-06-19 03:27:38"}
{"level":"info","message":"HTTP Request: GET /stats - Status: 304 - Duration: 10ms - IP: ::1","timestamp":"2026-06-19 03:27:38"}
{"level":"info","message":"HTTP Request: GET /listings - Status: 304 - Duration: 11ms - IP: ::1","timestamp":"2026-06-19 03:27:38"}
{"level":"info","message":"HTTP Request: GET /users - Status: 304 - Duration: 15ms - IP: ::1","timestamp":"2026-06-19 03:27:38"}
{"level":"info","message":"HTTP Request: GET /stats - Status: 304 - Duration: 11ms - IP: ::1","timestamp":"2026-06-19 03:27:38"}
{"level":"info","message":"HTTP Request: GET /users - Status: 304 - Duration: 15ms - IP: ::1","timestamp":"2026-06-19 03:27:38"}
{"level":"info","message":"HTTP Request: GET /listings - Status: 304 - Duration: 13ms - IP: ::1","timestamp":"2026-06-19 03:27:38"}
{"level":"info","message":"HTTP Request: GET /stats - Status: 304 - Duration: 12ms - IP: ::1","timestamp":"2026-06-19 03:27:38"}
{"level":"info","message":"HTTP Request: GET /users - Status: 304 - Duration: 15ms - IP: ::1","timestamp":"2026-06-19 03:27:38"}
{"level":"info","message":"HTTP Request: GET /listings - Status: 304 - Duration: 13ms - IP: ::1","timestamp":"2026-06-19 03:27:38"}
{"level":"info","message":"HTTP Request: GET /stats - Status: 304 - Duration: 11ms - IP: ::1","timestamp":"2026-06-19 03:27:38"}
{"level":"info","message":"HTTP Request: GET /listings - Status: 304 - Duration: 11ms - IP: ::1","timestamp":"2026-06-19 03:27:38"}
{"level":"info","message":"HTTP Request: GET /users - Status: 304 - Duration: 17ms - IP: ::1","timestamp":"2026-06-19 03:27:38"}
{"level":"info","message":"HTTP Request: GET /stats - Status: 304 - Duration: 14ms - IP: ::1","timestamp":"2026-06-19 03:27:38"}
{"level":"info","message":"HTTP Request: GET /users - Status: 304 - Duration: 15ms - IP: ::1","timestamp":"2026-06-19 03:27:38"}
{"level":"info","message":"HTTP Request: GET /listings - Status: 304 - Duration: 15ms - IP: ::1","timestamp":"2026-06-19 03:27:38"}
{"level":"info","message":"HTTP Request: GET /stats - Status: 304 - Duration: 10ms - IP: ::1","timestamp":"2026-06-19 03:27:38"}
{"level":"info","message":"HTTP Request: GET /users - Status: 304 - Duration: 15ms - IP: ::1","timestamp":"2026-06-19 03:27:38"}
{"level":"info","message":"HTTP Request: GET /listings - Status: 304 - Duration: 12ms - IP: ::1","timestamp":"2026-06-19 03:27:38"}
{"level":"info","message":"HTTP Request: GET /stats - Status: 304 - Duration: 9ms - IP: ::1","timestamp":"2026-06-19 03:27:38"}
{"level":"info","message":"HTTP Request: GET /users - Status: 304 - Duration: 13ms - IP: ::1","timestamp":"2026-06-19 03:27:38"}
{"level":"info","message":"HTTP Request: GET /listings - Status: 304 - Duration: 12ms - IP: ::1","timestamp":"2026-06-19 03:27:38"}
{"level":"info","message":"HTTP Request: GET /stats - Status: 304 - Duration: 10ms - IP: ::1","timestamp":"2026-06-19 03:27:38"}
{"level":"info","message":"HTTP Request: GET /users - Status: 304 - Duration: 12ms - IP: ::1","timestamp":"2026-06-19 03:27:38"}
{"level":"info","message":"HTTP Request: GET /listings - Status: 304 - Duration: 13ms - IP: ::1","timestamp":"2026-06-19 03:27:38"}
{"level":"info","message":"HTTP Request: GET /stats - Status: 304 - Duration: 11ms - IP: ::1","timestamp":"2026-06-19 03:27:38"}
{"level":"info","message":"HTTP Request: GET /users - Status: 304 - Duration: 14ms - IP: ::1","timestamp":"2026-06-19 03:27:38"}
{"level":"info","message":"HTTP Request: GET /listings - Status: 304 - Duration: 12ms - IP: ::1","timestamp":"2026-06-19 03:27:38"}
{"level":"info","message":"HTTP Request: GET /stats - Status: 304 - Duration: 11ms - IP: ::1","timestamp":"2026-06-19 03:27:38"}
{"level":"info","message":"HTTP Request: GET /users - Status: 304 - Duration: 14ms - IP: ::1","timestamp":"2026-06-19 03:27:38"}
{"level":"info","message":"HTTP Request: GET /listings - Status: 304 - Duration: 11ms - IP: ::1","timestamp":"2026-06-19 03:27:38"}
{"level":"info","message":"HTTP Request: GET /stats - Status: 304 - Duration: 10ms - IP: ::1","timestamp":"2026-06-19 03:27:38"}
{"level":"info","message":"HTTP Request: GET /users - Status: 304 - Duration: 11ms - IP: ::1","timestamp":"2026-06-19 03:27:38"}
{"level":"info","message":"HTTP Request: GET /listings - Status: 304 - Duration: 12ms - IP: ::1","timestamp":"2026-06-19 03:27:38"}
{"level":"info","message":"HTTP Request: GET /stats - Status: 304 - Duration: 9ms - IP: ::1","timestamp":"2026-06-19 03:27:38"}
{"level":"info","message":"HTTP Request: GET /users - Status: 304 - Duration: 13ms - IP: ::1","timestamp":"2026-06-19 03:27:38"}
{"level":"info","message":"HTTP Request: GET /listings - Status: 304 - Duration: 11ms - IP: ::1","timestamp":"2026-06-19 03:27:38"}
{"level":"info","message":"HTTP Request: GET /stats - Status: 304 - Duration: 9ms - IP: ::1","timestamp":"2026-06-19 03:27:38"}
{"level":"info","message":"HTTP Request: GET /users - Status: 304 - Duration: 13ms - IP: ::1","timestamp":"2026-06-19 03:27:38"}
{"level":"info","message":"HTTP Request: GET /listings - Status: 304 - Duration: 11ms - IP: ::1","timestamp":"2026-06-19 03:27:38"}
{"level":"info","message":"HTTP Request: GET /stats - Status: 304 - Duration: 10ms - IP: ::1","timestamp":"2026-06-19 03:27:38"}
{"level":"info","message":"HTTP Request: GET /users - Status: 304 - Duration: 14ms - IP: ::1","timestamp":"2026-06-19 03:27:38"}
{"level":"info","message":"HTTP Request: GET /listings - Status: 304 - Duration: 12ms - IP: ::1","timestamp":"2026-06-19 03:27:38"}
{"level":"info","message":"HTTP Request: GET /stats - Status: 304 - Duration: 9ms - IP: ::1","timestamp":"2026-06-19 03:27:39"}
{"level":"info","message":"HTTP Request: GET /users - Status: 304 - Duration: 13ms - IP: ::1","timestamp":"2026-06-19 03:27:39"}
{"level":"info","message":"HTTP Request: GET /listings - Status: 304 - Duration: 12ms - IP: ::1","timestamp":"2026-06-19 03:27:39"}
{"level":"info","message":"HTTP Request: GET /stats - Status: 304 - Duration: 11ms - IP: ::1","timestamp":"2026-06-19 03:27:39"}
{"level":"info","message":"HTTP Request: GET /users - Status: 304 - Duration: 13ms - IP: ::1","timestamp":"2026-06-19 03:27:39"}
{"level":"info","message":"HTTP Request: GET /listings - Status: 304 - Duration: 12ms - IP: ::1","timestamp":"2026-06-19 03:27:39"}
{"level":"info","message":"HTTP Request: GET /stats - Status: 304 - Duration: 11ms - IP: ::1","timestamp":"2026-06-19 03:27:39"}
{"level":"info","message":"HTTP Request: GET /users - Status: 304 - Duration: 15ms - IP: ::1","timestamp":"2026-06-19 03:27:39"}
{"level":"info","message":"HTTP Request: GET /listings - Status: 304 - Duration: 13ms - IP: ::1","timestamp":"2026-06-19 03:27:39"}
{"level":"info","message":"HTTP Request: GET /stats - Status: 304 - Duration: 11ms - IP: ::1","timestamp":"2026-06-19 03:27:39"}
{"level":"info","message":"HTTP Request: GET /users - Status: 304 - Duration: 13ms - IP: ::1","timestamp":"2026-06-19 03:27:39"}
{"level":"info","message":"HTTP Request: GET /listings - Status: 304 - Duration: 13ms - IP: ::1","timestamp":"2026-06-19 03:27:39"}
{"level":"info","message":"HTTP Request: GET /stats - Status: 304 - Duration: 9ms - IP: ::1","timestamp":"2026-06-19 03:27:39"}
{"level":"info","message":"HTTP Request: GET /users - Status: 304 - Duration: 13ms - IP: ::1","timestamp":"2026-06-19 03:27:39"}
{"level":"info","message":"HTTP Request: GET /listings - Status: 304 - Duration: 12ms - IP: ::1","timestamp":"2026-06-19 03:27:39"}
{"level":"info","message":"HTTP Request: GET /stats - Status: 304 - Duration: 11ms - IP: ::1","timestamp":"2026-06-19 03:27:39"}
{"level":"info","message":"HTTP Request: GET /users - Status: 304 - Duration: 13ms - IP: ::1","timestamp":"2026-06-19 03:27:39"}
{"level":"info","message":"HTTP Request: GET /listings - Status: 304 - Duration: 12ms - IP: ::1","timestamp":"2026-06-19 03:27:39"}
{"level":"info","message":"HTTP Request: GET /stats - Status: 304 - Duration: 11ms - IP: ::1","timestamp":"2026-06-19 03:27:39"}
{"level":"info","message":"HTTP Request: GET /users - Status: 304 - Duration: 15ms - IP: ::1","timestamp":"2026-06-19 03:27:39"}
{"level":"info","message":"HTTP Request: GET /listings - Status: 304 - Duration: 13ms - IP: ::1","timestamp":"2026-06-19 03:27:39"}
{"level":"info","message":"HTTP Request: GET /stats - Status: 304 - Duration: 10ms - IP: ::1","timestamp":"2026-06-19 03:27:39"}
{"level":"info","message":"HTTP Request: GET /users - Status: 304 - Duration: 26ms - IP: ::1","timestamp":"2026-06-19 03:27:39"}
{"level":"info","message":"HTTP Request: GET /listings - Status: 304 - Duration: 26ms - IP: ::1","timestamp":"2026-06-19 03:27:39"}
{"level":"info","message":"HTTP Request: GET /stats - Status: 304 - Duration: 10ms - IP: ::1","timestamp":"2026-06-19 03:27:39"}
{"level":"info","message":"HTTP Request: GET /users - Status: 304 - Duration: 14ms - IP: ::1","timestamp":"2026-06-19 03:27:39"}
{"level":"info","message":"HTTP Request: GET /listings - Status: 304 - Duration: 13ms - IP: ::1","timestamp":"2026-06-19 03:27:39"}
{"level":"info","message":"HTTP Request: GET /stats - Status: 304 - Duration: 11ms - IP: ::1","timestamp":"2026-06-19 03:27:39"}
{"level":"info","message":"HTTP Request: GET /users - Status: 304 - Duration: 13ms - IP: ::1","timestamp":"2026-06-19 03:27:39"}
{"level":"info","message":"HTTP Request: GET /listings - Status: 304 - Duration: 12ms - IP: ::1","timestamp":"2026-06-19 03:27:39"}
{"level":"info","message":"HTTP Request: GET /stats - Status: 304 - Duration: 10ms - IP: ::1","timestamp":"2026-06-19 03:27:39"}
{"level":"info","message":"HTTP Request: GET /listings - Status: 304 - Duration: 13ms - IP: ::1","timestamp":"2026-06-19 03:27:39"}
{"level":"info","message":"HTTP Request: GET /users - Status: 304 - Duration: 18ms - IP: ::1","timestamp":"2026-06-19 03:27:39"}
{"level":"info","message":"HTTP Request: GET /stats - Status: 304 - Duration: 12ms - IP: ::1","timestamp":"2026-06-19 03:27:39"}
{"level":"info","message":"HTTP Request: GET /users - Status: 304 - Duration: 15ms - IP: ::1","timestamp":"2026-06-19 03:27:39"}
{"level":"info","message":"HTTP Request: GET /listings - Status: 304 - Duration: 12ms - IP: ::1","timestamp":"2026-06-19 03:27:39"}
{"level":"info","message":"HTTP Request: GET /stats - Status: 304 - Duration: 20ms - IP: ::1","timestamp":"2026-06-19 03:27:39"}
{"level":"info","message":"HTTP Request: GET /users - Status: 304 - Duration: 20ms - IP: ::1","timestamp":"2026-06-19 03:27:39"}
{"level":"info","message":"HTTP Request: GET /listings - Status: 304 - Duration: 19ms - IP: ::1","timestamp":"2026-06-19 03:27:39"}
{"level":"info","message":"HTTP Request: GET /stats - Status: 304 - Duration: 12ms - IP: ::1","timestamp":"2026-06-19 03:27:39"}
{"level":"info","message":"HTTP Request: GET /listings - Status: 304 - Duration: 12ms - IP: ::1","timestamp":"2026-06-19 03:27:39"}
{"level":"info","message":"HTTP Request: GET /users - Status: 304 - Duration: 17ms - IP: ::1","timestamp":"2026-06-19 03:27:39"}
{"level":"info","message":"HTTP Request: GET /stats - Status: 304 - Duration: 11ms - IP: ::1","timestamp":"2026-06-19 03:27:39"}
{"level":"info","message":"HTTP Request: GET /users - Status: 304 - Duration: 12ms - IP: ::1","timestamp":"2026-06-19 03:27:39"}
{"level":"info","message":"HTTP Request: GET /listings - Status: 304 - Duration: 13ms - IP: ::1","timestamp":"2026-06-19 03:27:39"}
{"level":"info","message":"HTTP Request: GET /stats - Status: 304 - Duration: 10ms - IP: ::1","timestamp":"2026-06-19 03:27:39"}
{"level":"info","message":"HTTP Request: GET /users - Status: 304 - Duration: 15ms - IP: ::1","timestamp":"2026-06-19 03:27:39"}
{"level":"info","message":"HTTP Request: GET /listings - Status: 304 - Duration: 13ms - IP: ::1","timestamp":"2026-06-19 03:27:39"}
{"level":"info","message":"HTTP Request: GET /stats - Status: 304 - Duration: 8ms - IP: ::1","timestamp":"2026-06-19 03:27:39"}
{"level":"info","message":"HTTP Request: GET /listings - Status: 304 - Duration: 17ms - IP: ::1","timestamp":"2026-06-19 03:27:39"}
{"level":"info","message":"HTTP Request: GET /users - Status: 304 - Duration: 17ms - IP: ::1","timestamp":"2026-06-19 03:27:39"}
{"level":"info","message":"HTTP Request: GET /stats - Status: 304 - Duration: 12ms - IP: ::1","timestamp":"2026-06-19 03:27:39"}
{"level":"info","message":"HTTP Request: GET /users - Status: 304 - Duration: 16ms - IP: ::1","timestamp":"2026-06-19 03:27:39"}
{"level":"info","message":"HTTP Request: GET /listings - Status: 304 - Duration: 13ms - IP: ::1","timestamp":"2026-06-19 03:27:39"}
{"level":"info","message":"HTTP Request: GET /stats - Status: 304 - Duration: 11ms - IP: ::1","timestamp":"2026-06-19 03:27:39"}
{"level":"info","message":"HTTP Request: GET /users - Status: 304 - Duration: 14ms - IP: ::1","timestamp":"2026-06-19 03:27:39"}
{"level":"info","message":"HTTP Request: GET /listings - Status: 304 - Duration: 12ms - IP: ::1","timestamp":"2026-06-19 03:27:39"}
{"level":"info","message":"HTTP Request: GET /stats - Status: 304 - Duration: 12ms - IP: ::1","timestamp":"2026-06-19 03:27:39"}
{"level":"info","message":"HTTP Request: GET /listings - Status: 304 - Duration: 13ms - IP: ::1","timestamp":"2026-06-19 03:27:39"}
{"level":"info","message":"HTTP Request: GET /users - Status: 304 - Duration: 18ms - IP: ::1","timestamp":"2026-06-19 03:27:39"}
{"level":"info","message":"HTTP Request: GET /listings - Status: 304 - Duration: 11ms - IP: ::1","timestamp":"2026-06-19 03:27:39"}
{"level":"info","message":"HTTP Request: GET /users - Status: 304 - Duration: 11ms - IP: ::1","timestamp":"2026-06-19 03:27:39"}
{"level":"info","message":"HTTP Request: GET /stats - Status: 304 - Duration: 23ms - IP: ::1","timestamp":"2026-06-19 03:27:39"}
{"level":"info","message":"HTTP Request: GET /stats - Status: 304 - Duration: 10ms - IP: ::1","timestamp":"2026-06-19 03:27:39"}
{"level":"info","message":"HTTP Request: GET /users - Status: 304 - Duration: 16ms - IP: ::1","timestamp":"2026-06-19 03:27:39"}
{"level":"info","message":"HTTP Request: GET /listings - Status: 304 - Duration: 14ms - IP: ::1","timestamp":"2026-06-19 03:27:39"}
{"level":"info","message":"HTTP Request: GET /stats - Status: 304 - Duration: 12ms - IP: ::1","timestamp":"2026-06-19 03:27:39"}
{"level":"info","message":"HTTP Request: GET /listings - Status: 304 - Duration: 18ms - IP: ::1","timestamp":"2026-06-19 03:27:39"}
{"level":"info","message":"HTTP Request: GET /users - Status: 304 - Duration: 18ms - IP: ::1","timestamp":"2026-06-19 03:27:39"}
{"level":"info","message":"HTTP Request: GET /stats - Status: 304 - Duration: 11ms - IP: ::1","timestamp":"2026-06-19 03:27:39"}
{"level":"info","message":"HTTP Request: GET /users - Status: 304 - Duration: 14ms - IP: ::1","timestamp":"2026-06-19 03:27:39"}
{"level":"info","message":"HTTP Request: GET /listings - Status: 304 - Duration: 12ms - IP: ::1","timestamp":"2026-06-19 03:27:39"}
{"level":"info","message":"HTTP Request: GET /stats - Status: 304 - Duration: 13ms - IP: ::1","timestamp":"2026-06-19 03:27:39"}
{"level":"info","message":"HTTP Request: GET /listings - Status: 304 - Duration: 14ms - IP: ::1","timestamp":"2026-06-19 03:27:39"}
{"level":"info","message":"HTTP Request: GET /users - Status: 304 - Duration: 13ms - IP: ::1","timestamp":"2026-06-19 03:27:39"}
{"level":"info","message":"HTTP Request: GET /stats - Status: 304 - Duration: 12ms - IP: ::1","timestamp":"2026-06-19 03:27:39"}
{"level":"info","message":"HTTP Request: GET /users - Status: 304 - Duration: 14ms - IP: ::1","timestamp":"2026-06-19 03:27:39"}
{"level":"info","message":"HTTP Request: GET /listings - Status: 304 - Duration: 12ms - IP: ::1","timestamp":"2026-06-19 03:27:39"}
{"level":"info","message":"HTTP Request: GET /stats - Status: 304 - Duration: 10ms - IP: ::1","timestamp":"2026-06-19 03:27:40"}
{"level":"info","message":"HTTP Request: GET /listings - Status: 304 - Duration: 10ms - IP: ::1","timestamp":"2026-06-19 03:27:40"}
{"level":"info","message":"HTTP Request: GET /users - Status: 304 - Duration: 17ms - IP: ::1","timestamp":"2026-06-19 03:27:40"}
{"level":"info","message":"HTTP Request: GET /stats - Status: 304 - Duration: 10ms - IP: ::1","timestamp":"2026-06-19 03:27:40"}
{"level":"info","message":"HTTP Request: GET /users - Status: 304 - Duration: 13ms - IP: ::1","timestamp":"2026-06-19 03:27:40"}
{"level":"info","message":"HTTP Request: GET /listings - Status: 304 - Duration: 12ms - IP: ::1","timestamp":"2026-06-19 03:27:40"}
{"level":"info","message":"HTTP Request: GET /stats - Status: 304 - Duration: 11ms - IP: ::1","timestamp":"2026-06-19 03:27:40"}
{"level":"info","message":"HTTP Request: GET /users - Status: 304 - Duration: 12ms - IP: ::1","timestamp":"2026-06-19 03:27:40"}
{"level":"info","message":"HTTP Request: GET /listings - Status: 304 - Duration: 12ms - IP: ::1","timestamp":"2026-06-19 03:27:40"}
{"level":"info","message":"HTTP Request: GET /stats - Status: 304 - Duration: 10ms - IP: ::1","timestamp":"2026-06-19 03:27:40"}
{"level":"info","message":"HTTP Request: GET /users - Status: 304 - Duration: 15ms - IP: ::1","timestamp":"2026-06-19 03:27:40"}
{"level":"info","message":"HTTP Request: GET /listings - Status: 304 - Duration: 12ms - IP: ::1","timestamp":"2026-06-19 03:27:40"}
{"level":"info","message":"HTTP Request: GET /stats - Status: 304 - Duration: 10ms - IP: ::1","timestamp":"2026-06-19 03:27:40"}
{"level":"info","message":"HTTP Request: GET /users - Status: 304 - Duration: 13ms - IP: ::1","timestamp":"2026-06-19 03:27:40"}
{"level":"info","message":"HTTP Request: GET /listings - Status: 304 - Duration: 12ms - IP: ::1","timestamp":"2026-06-19 03:27:40"}
{"level":"info","message":"HTTP Request: GET /stats - Status: 304 - Duration: 11ms - IP: ::1","timestamp":"2026-06-19 03:27:40"}
{"level":"info","message":"HTTP Request: GET /users - Status: 304 - Duration: 12ms - IP: ::1","timestamp":"2026-06-19 03:27:40"}
{"level":"info","message":"HTTP Request: GET /listings - Status: 304 - Duration: 11ms - IP: ::1","timestamp":"2026-06-19 03:27:40"}
{"level":"info","message":"HTTP Request: GET /stats - Status: 304 - Duration: 10ms - IP: ::1","timestamp":"2026-06-19 03:27:40"}
{"level":"info","message":"HTTP Request: GET /users - Status: 304 - Duration: 12ms - IP: ::1","timestamp":"2026-06-19 03:27:40"}
{"level":"info","message":"HTTP Request: GET /listings - Status: 304 - Duration: 12ms - IP: ::1","timestamp":"2026-06-19 03:27:40"}
{"level":"info","message":"HTTP Request: GET /stats - Status: 304 - Duration: 9ms - IP: ::1","timestamp":"2026-06-19 03:27:40"}
{"level":"info","message":"HTTP Request: GET /listings - Status: 304 - Duration: 12ms - IP: ::1","timestamp":"2026-06-19 03:27:40"}
{"level":"info","message":"HTTP Request: GET /users - Status: 304 - Duration: 11ms - IP: ::1","timestamp":"2026-06-19 03:27:40"}
{"level":"info","message":"HTTP Request: GET /stats - Status: 304 - Duration: 11ms - IP: ::1","timestamp":"2026-06-19 03:27:40"}
{"level":"info","message":"HTTP Request: GET /users - Status: 304 - Duration: 12ms - IP: ::1","timestamp":"2026-06-19 03:27:40"}
{"level":"info","message":"HTTP Request: GET /listings - Status: 304 - Duration: 11ms - IP: ::1","timestamp":"2026-06-19 03:27:40"}
{"level":"info","message":"HTTP Request: GET /stats - Status: 304 - Duration: 11ms - IP: ::1","timestamp":"2026-06-19 03:27:40"}
{"level":"info","message":"HTTP Request: GET /listings - Status: 304 - Duration: 12ms - IP: ::1","timestamp":"2026-06-19 03:27:40"}
{"level":"info","message":"HTTP Request: GET /users - Status: 304 - Duration: 12ms - IP: ::1","timestamp":"2026-06-19 03:27:40"}
{"level":"info","message":"HTTP Request: GET /stats - Status: 304 - Duration: 11ms - IP: ::1","timestamp":"2026-06-19 03:27:40"}
{"level":"info","message":"HTTP Request: GET /users - Status: 304 - Duration: 15ms - IP: ::1","timestamp":"2026-06-19 03:27:40"}
{"level":"info","message":"HTTP Request: GET /listings - Status: 304 - Duration: 13ms - IP: ::1","timestamp":"2026-06-19 03:27:40"}
{"level":"info","message":"HTTP Request: GET /stats - Status: 304 - Duration: 10ms - IP: ::1","timestamp":"2026-06-19 03:27:40"}
{"level":"info","message":"HTTP Request: GET /listings - Status: 304 - Duration: 13ms - IP: ::1","timestamp":"2026-06-19 03:27:40"}
{"level":"info","message":"HTTP Request: GET /users - Status: 304 - Duration: 11ms - IP: ::1","timestamp":"2026-06-19 03:27:40"}
{"level":"info","message":"HTTP Request: GET /stats - Status: 304 - Duration: 11ms - IP: ::1","timestamp":"2026-06-19 03:27:40"}
{"level":"info","message":"HTTP Request: GET /users - Status: 304 - Duration: 14ms - IP: ::1","timestamp":"2026-06-19 03:27:40"}
{"level":"info","message":"HTTP Request: GET /listings - Status: 304 - Duration: 12ms - IP: ::1","timestamp":"2026-06-19 03:27:40"}
{"level":"info","message":"HTTP Request: GET /stats - Status: 304 - Duration: 10ms - IP: ::1","timestamp":"2026-06-19 03:27:40"}
{"level":"info","message":"HTTP Request: GET /users - Status: 304 - Duration: 12ms - IP: ::1","timestamp":"2026-06-19 03:27:40"}
{"level":"info","message":"HTTP Request: GET /listings - Status: 304 - Duration: 13ms - IP: ::1","timestamp":"2026-06-19 03:27:40"}
{"level":"info","message":"HTTP Request: GET /stats - Status: 304 - Duration: 10ms - IP: ::1","timestamp":"2026-06-19 03:27:40"}
{"level":"info","message":"HTTP Request: GET /users - Status: 304 - Duration: 13ms - IP: ::1","timestamp":"2026-06-19 03:27:40"}
{"level":"info","message":"HTTP Request: GET /listings - Status: 304 - Duration: 11ms - IP: ::1","timestamp":"2026-06-19 03:27:40"}
{"level":"info","message":"HTTP Request: GET /stats - Status: 304 - Duration: 10ms - IP: ::1","timestamp":"2026-06-19 03:27:40"}
{"level":"info","message":"HTTP Request: GET /users - Status: 304 - Duration: 12ms - IP: ::1","timestamp":"2026-06-19 03:27:40"}
{"level":"info","message":"HTTP Request: GET /listings - Status: 304 - Duration: 11ms - IP: ::1","timestamp":"2026-06-19 03:27:40"}
{"level":"info","message":"HTTP Request: GET /stats - Status: 304 - Duration: 11ms - IP: ::1","timestamp":"2026-06-19 03:27:40"}
{"level":"info","message":"HTTP Request: GET /listings - Status: 304 - Duration: 14ms - IP: ::1","timestamp":"2026-06-19 03:27:40"}
{"level":"info","message":"HTTP Request: GET /users - Status: 304 - Duration: 11ms - IP: ::1","timestamp":"2026-06-19 03:27:40"}
{"level":"info","message":"HTTP Request: GET /stats - Status: 304 - Duration: 11ms - IP: ::1","timestamp":"2026-06-19 03:27:40"}
{"level":"info","message":"HTTP Request: GET /users - Status: 304 - Duration: 14ms - IP: ::1","timestamp":"2026-06-19 03:27:40"}
{"level":"info","message":"HTTP Request: GET /listings - Status: 304 - Duration: 11ms - IP: ::1","timestamp":"2026-06-19 03:27:40"}
{"level":"info","message":"HTTP Request: GET /stats - Status: 304 - Duration: 10ms - IP: ::1","timestamp":"2026-06-19 03:27:40"}
{"level":"info","message":"HTTP Request: GET /users - Status: 304 - Duration: 14ms - IP: ::1","timestamp":"2026-06-19 03:27:40"}
{"level":"info","message":"HTTP Request: GET /listings - Status: 304 - Duration: 12ms - IP: ::1","timestamp":"2026-06-19 03:27:40"}
{"level":"info","message":"HTTP Request: GET /stats - Status: 304 - Duration: 10ms - IP: ::1","timestamp":"2026-06-19 03:27:40"}
{"level":"info","message":"HTTP Request: GET /users - Status: 304 - Duration: 15ms - IP: ::1","timestamp":"2026-06-19 03:27:40"}
{"level":"info","message":"HTTP Request: GET /listings - Status: 304 - Duration: 12ms - IP: ::1","timestamp":"2026-06-19 03:27:40"}
{"level":"info","message":"HTTP Request: GET /stats - Status: 304 - Duration: 18ms - IP: ::1","timestamp":"2026-06-19 03:27:40"}
{"level":"info","message":"HTTP Request: GET /users - Status: 304 - Duration: 19ms - IP: ::1","timestamp":"2026-06-19 03:27:40"}
{"level":"info","message":"HTTP Request: GET /listings - Status: 304 - Duration: 13ms - IP: ::1","timestamp":"2026-06-19 03:27:40"}
{"level":"info","message":"HTTP Request: GET /stats - Status: 304 - Duration: 10ms - IP: ::1","timestamp":"2026-06-19 03:27:41"}
{"level":"info","message":"HTTP Request: GET /users - Status: 304 - Duration: 15ms - IP: ::1","timestamp":"2026-06-19 03:27:41"}
{"level":"info","message":"HTTP Request: GET /listings - Status: 304 - Duration: 13ms - IP: ::1","timestamp":"2026-06-19 03:27:41"}
{"level":"info","message":"HTTP Request: GET /stats - Status: 304 - Duration: 10ms - IP: ::1","timestamp":"2026-06-19 03:27:41"}
{"level":"info","message":"HTTP Request: GET /users - Status: 304 - Duration: 11ms - IP: ::1","timestamp":"2026-06-19 03:27:41"}
{"level":"info","message":"HTTP Request: GET /listings - Status: 304 - Duration: 12ms - IP: ::1","timestamp":"2026-06-19 03:27:41"}
{"level":"info","message":"HTTP Request: GET /stats - Status: 304 - Duration: 11ms - IP: ::1","timestamp":"2026-06-19 03:27:41"}
{"level":"info","message":"HTTP Request: GET /users - Status: 304 - Duration: 13ms - IP: ::1","timestamp":"2026-06-19 03:27:41"}
{"level":"info","message":"HTTP Request: GET /listings - Status: 304 - Duration: 11ms - IP: ::1","timestamp":"2026-06-19 03:27:41"}
{"level":"info","message":"HTTP Request: GET /stats - Status: 304 - Duration: 10ms - IP: ::1","timestamp":"2026-06-19 03:27:41"}
{"level":"info","message":"HTTP Request: GET /users - Status: 304 - Duration: 13ms - IP: ::1","timestamp":"2026-06-19 03:27:41"}
{"level":"info","message":"HTTP Request: GET /listings - Status: 304 - Duration: 11ms - IP: ::1","timestamp":"2026-06-19 03:27:41"}
{"level":"info","message":"HTTP Request: GET /stats - Status: 304 - Duration: 11ms - IP: ::1","timestamp":"2026-06-19 03:27:41"}
{"level":"info","message":"HTTP Request: GET /users - Status: 304 - Duration: 14ms - IP: ::1","timestamp":"2026-06-19 03:27:41"}
{"level":"info","message":"HTTP Request: GET /listings - Status: 304 - Duration: 12ms - IP: ::1","timestamp":"2026-06-19 03:27:41"}
{"level":"info","message":"HTTP Request: GET /stats - Status: 304 - Duration: 11ms - IP: ::1","timestamp":"2026-06-19 03:27:41"}
{"level":"info","message":"HTTP Request: GET /users - Status: 304 - Duration: 12ms - IP: ::1","timestamp":"2026-06-19 03:27:41"}
{"level":"info","message":"HTTP Request: GET /listings - Status: 304 - Duration: 12ms - IP: ::1","timestamp":"2026-06-19 03:27:41"}
{"level":"info","message":"HTTP Request: GET /stats - Status: 304 - Duration: 18ms - IP: ::1","timestamp":"2026-06-19 03:27:41"}
{"level":"info","message":"HTTP Request: GET /listings - Status: 304 - Duration: 21ms - IP: ::1","timestamp":"2026-06-19 03:27:41"}
{"level":"info","message":"HTTP Request: GET /users - Status: 304 - Duration: 21ms - IP: ::1","timestamp":"2026-06-19 03:27:41"}
{"level":"info","message":"HTTP Request: GET /stats - Status: 304 - Duration: 10ms - IP: ::1","timestamp":"2026-06-19 03:27:41"}
{"level":"info","message":"HTTP Request: GET /users - Status: 304 - Duration: 12ms - IP: ::1","timestamp":"2026-06-19 03:27:41"}
{"level":"info","message":"HTTP Request: GET /listings - Status: 304 - Duration: 12ms - IP: ::1","timestamp":"2026-06-19 03:27:41"}
{"level":"info","message":"HTTP Request: GET /stats - Status: 304 - Duration: 11ms - IP: ::1","timestamp":"2026-06-19 03:27:41"}
{"level":"info","message":"HTTP Request: GET /users - Status: 304 - Duration: 13ms - IP: ::1","timestamp":"2026-06-19 03:27:41"}
{"level":"info","message":"HTTP Request: GET /listings - Status: 304 - Duration: 13ms - IP: ::1","timestamp":"2026-06-19 03:27:41"}
{"level":"info","message":"HTTP Request: GET /stats - Status: 304 - Duration: 10ms - IP: ::1","timestamp":"2026-06-19 03:27:41"}
{"level":"info","message":"HTTP Request: GET /users - Status: 304 - Duration: 14ms - IP: ::1","timestamp":"2026-06-19 03:27:41"}
{"level":"info","message":"HTTP Request: GET /listings - Status: 304 - Duration: 12ms - IP: ::1","timestamp":"2026-06-19 03:27:41"}
{"level":"info","message":"HTTP Request: GET /stats - Status: 304 - Duration: 11ms - IP: ::1","timestamp":"2026-06-19 03:27:41"}
{"level":"info","message":"HTTP Request: GET /users - Status: 304 - Duration: 14ms - IP: ::1","timestamp":"2026-06-19 03:27:41"}
{"level":"info","message":"HTTP Request: GET /listings - Status: 304 - Duration: 13ms - IP: ::1","timestamp":"2026-06-19 03:27:41"}
{"level":"info","message":"HTTP Request: GET /stats - Status: 304 - Duration: 11ms - IP: ::1","timestamp":"2026-06-19 03:27:41"}
{"level":"info","message":"HTTP Request: GET /users - Status: 304 - Duration: 14ms - IP: ::1","timestamp":"2026-06-19 03:27:41"}
{"level":"info","message":"HTTP Request: GET /listings - Status: 304 - Duration: 12ms - IP: ::1","timestamp":"2026-06-19 03:27:41"}
{"level":"info","message":"HTTP Request: GET /stats - Status: 304 - Duration: 11ms - IP: ::1","timestamp":"2026-06-19 03:27:41"}
{"level":"info","message":"HTTP Request: GET /users - Status: 304 - Duration: 14ms - IP: ::1","timestamp":"2026-06-19 03:27:41"}
{"level":"info","message":"HTTP Request: GET /listings - Status: 304 - Duration: 12ms - IP: ::1","timestamp":"2026-06-19 03:27:41"}
{"level":"info","message":"HTTP Request: GET /stats - Status: 304 - Duration: 11ms - IP: ::1","timestamp":"2026-06-19 03:27:41"}
{"level":"info","message":"HTTP Request: GET /users - Status: 304 - Duration: 13ms - IP: ::1","timestamp":"2026-06-19 03:27:41"}
{"level":"info","message":"HTTP Request: GET /listings - Status: 304 - Duration: 12ms - IP: ::1","timestamp":"2026-06-19 03:27:41"}
{"level":"info","message":"HTTP Request: GET /stats - Status: 304 - Duration: 11ms - IP: ::1","timestamp":"2026-06-19 03:27:41"}
{"level":"info","message":"HTTP Request: GET /users - Status: 304 - Duration: 14ms - IP: ::1","timestamp":"2026-06-19 03:27:41"}
{"level":"info","message":"HTTP Request: GET /listings - Status: 304 - Duration: 13ms - IP: ::1","timestamp":"2026-06-19 03:27:41"}
{"level":"info","message":"HTTP Request: GET /stats - Status: 304 - Duration: 12ms - IP: ::1","timestamp":"2026-06-19 03:27:41"}
{"level":"info","message":"HTTP Request: GET /users - Status: 304 - Duration: 13ms - IP: ::1","timestamp":"2026-06-19 03:27:41"}
{"level":"info","message":"HTTP Request: GET /listings - Status: 304 - Duration: 12ms - IP: ::1","timestamp":"2026-06-19 03:27:41"}
{"level":"info","message":"HTTP Request: GET /stats - Status: 304 - Duration: 11ms - IP: ::1","timestamp":"2026-06-19 03:27:41"}
{"level":"info","message":"HTTP Request: GET /users - Status: 304 - Duration: 15ms - IP: ::1","timestamp":"2026-06-19 03:27:41"}
{"level":"info","message":"HTTP Request: GET /listings - Status: 304 - Duration: 11ms - IP: ::1","timestamp":"2026-06-19 03:27:41"}
{"level":"info","message":"HTTP Request: GET /stats - Status: 304 - Duration: 10ms - IP: ::1","timestamp":"2026-06-19 03:27:41"}
{"level":"info","message":"HTTP Request: GET /listings - Status: 304 - Duration: 14ms - IP: ::1","timestamp":"2026-06-19 03:27:41"}
{"level":"info","message":"HTTP Request: GET /users - Status: 304 - Duration: 15ms - IP: ::1","timestamp":"2026-06-19 03:27:41"}
{"level":"info","message":"HTTP Request: GET /stats - Status: 304 - Duration: 11ms - IP: ::1","timestamp":"2026-06-19 03:27:41"}
{"level":"info","message":"HTTP Request: GET /users - Status: 304 - Duration: 12ms - IP: ::1","timestamp":"2026-06-19 03:27:41"}
{"level":"info","message":"HTTP Request: GET /listings - Status: 304 - Duration: 12ms - IP: ::1","timestamp":"2026-06-19 03:27:41"}
{"level":"info","message":"HTTP Request: GET /stats - Status: 304 - Duration: 11ms - IP: ::1","timestamp":"2026-06-19 03:27:41"}
{"level":"info","message":"HTTP Request: GET /users - Status: 304 - Duration: 13ms - IP: ::1","timestamp":"2026-06-19 03:27:41"}
{"level":"info","message":"HTTP Request: GET /listings - Status: 304 - Duration: 13ms - IP: ::1","timestamp":"2026-06-19 03:27:41"}
{"level":"info","message":"HTTP Request: GET /stats - Status: 304 - Duration: 14ms - IP: ::1","timestamp":"2026-06-19 03:27:41"}
{"level":"info","message":"HTTP Request: GET /users - Status: 304 - Duration: 15ms - IP: ::1","timestamp":"2026-06-19 03:27:41"}
{"level":"info","message":"HTTP Request: GET /listings - Status: 304 - Duration: 14ms - IP: ::1","timestamp":"2026-06-19 03:27:41"}
{"level":"info","message":"HTTP Request: GET /stats - Status: 304 - Duration: 10ms - IP: ::1","timestamp":"2026-06-19 03:27:42"}
{"level":"info","message":"HTTP Request: GET /users - Status: 304 - Duration: 13ms - IP: ::1","timestamp":"2026-06-19 03:27:42"}
{"level":"info","message":"HTTP Request: GET /listings - Status: 304 - Duration: 12ms - IP: ::1","timestamp":"2026-06-19 03:27:42"}
{"level":"info","message":"HTTP Request: GET /stats - Status: 304 - Duration: 10ms - IP: ::1","timestamp":"2026-06-19 03:27:42"}
{"level":"info","message":"HTTP Request: GET /users - Status: 304 - Duration: 12ms - IP: ::1","timestamp":"2026-06-19 03:27:42"}
{"level":"info","message":"HTTP Request: GET /listings - Status: 304 - Duration: 12ms - IP: ::1","timestamp":"2026-06-19 03:27:42"}
{"level":"info","message":"HTTP Request: GET /stats - Status: 304 - Duration: 11ms - IP: ::1","timestamp":"2026-06-19 03:27:42"}
{"level":"info","message":"HTTP Request: GET /users - Status: 304 - Duration: 11ms - IP: ::1","timestamp":"2026-06-19 03:27:42"}
{"level":"info","message":"HTTP Request: GET /listings - Status: 304 - Duration: 12ms - IP: ::1","timestamp":"2026-06-19 03:27:42"}
{"level":"info","message":"HTTP Request: GET /stats - Status: 304 - Duration: 10ms - IP: ::1","timestamp":"2026-06-19 03:27:42"}
{"level":"info","message":"HTTP Request: GET /users - Status: 304 - Duration: 13ms - IP: ::1","timestamp":"2026-06-19 03:27:42"}
{"level":"info","message":"HTTP Request: GET /listings - Status: 304 - Duration: 11ms - IP: ::1","timestamp":"2026-06-19 03:27:42"}
{"level":"info","message":"HTTP Request: GET /stats - Status: 304 - Duration: 12ms - IP: ::1","timestamp":"2026-06-19 03:27:42"}
{"level":"info","message":"HTTP Request: GET /listings - Status: 304 - Duration: 11ms - IP: ::1","timestamp":"2026-06-19 03:27:42"}
{"level":"info","message":"HTTP Request: GET /users - Status: 304 - Duration: 17ms - IP: ::1","timestamp":"2026-06-19 03:27:42"}
{"level":"info","message":"HTTP Request: GET /stats - Status: 304 - Duration: 10ms - IP: ::1","timestamp":"2026-06-19 03:27:42"}
{"level":"info","message":"HTTP Request: GET /users - Status: 304 - Duration: 13ms - IP: ::1","timestamp":"2026-06-19 03:27:42"}
{"level":"info","message":"HTTP Request: GET /listings - Status: 304 - Duration: 11ms - IP: ::1","timestamp":"2026-06-19 03:27:42"}
{"level":"info","message":"HTTP Request: GET /stats - Status: 304 - Duration: 10ms - IP: ::1","timestamp":"2026-06-19 03:27:42"}
{"level":"info","message":"HTTP Request: GET /users - Status: 304 - Duration: 14ms - IP: ::1","timestamp":"2026-06-19 03:27:42"}
{"level":"info","message":"HTTP Request: GET /listings - Status: 304 - Duration: 12ms - IP: ::1","timestamp":"2026-06-19 03:27:42"}
{"level":"info","message":"HTTP Request: GET /stats - Status: 304 - Duration: 9ms - IP: ::1","timestamp":"2026-06-19 03:27:42"}
{"level":"info","message":"HTTP Request: GET /users - Status: 304 - Duration: 13ms - IP: ::1","timestamp":"2026-06-19 03:27:42"}
{"level":"info","message":"HTTP Request: GET /listings - Status: 304 - Duration: 11ms - IP: ::1","timestamp":"2026-06-19 03:27:42"}
{"level":"info","message":"HTTP Request: GET /stats - Status: 304 - Duration: 11ms - IP: ::1","timestamp":"2026-06-19 03:27:42"}
{"level":"info","message":"HTTP Request: GET /users - Status: 304 - Duration: 13ms - IP: ::1","timestamp":"2026-06-19 03:27:42"}
{"level":"info","message":"HTTP Request: GET /listings - Status: 304 - Duration: 11ms - IP: ::1","timestamp":"2026-06-19 03:27:42"}
{"level":"info","message":"HTTP Request: GET /stats - Status: 304 - Duration: 11ms - IP: ::1","timestamp":"2026-06-19 03:27:42"}
{"level":"info","message":"HTTP Request: GET /users - Status: 304 - Duration: 10ms - IP: ::1","timestamp":"2026-06-19 03:27:42"}
{"level":"info","message":"HTTP Request: GET /listings - Status: 304 - Duration: 15ms - IP: ::1","timestamp":"2026-06-19 03:27:42"}
{"level":"info","message":"HTTP Request: GET /stats - Status: 304 - Duration: 11ms - IP: ::1","timestamp":"2026-06-19 03:27:42"}
{"level":"info","message":"HTTP Request: GET /users - Status: 304 - Duration: 11ms - IP: ::1","timestamp":"2026-06-19 03:27:42"}
{"level":"info","message":"HTTP Request: GET /listings - Status: 304 - Duration: 11ms - IP: ::1","timestamp":"2026-06-19 03:27:42"}
{"level":"info","message":"HTTP Request: GET /stats - Status: 304 - Duration: 9ms - IP: ::1","timestamp":"2026-06-19 03:27:42"}
{"level":"info","message":"HTTP Request: GET /listings - Status: 304 - Duration: 9ms - IP: ::1","timestamp":"2026-06-19 03:27:42"}
{"level":"info","message":"HTTP Request: GET /users - Status: 304 - Duration: 15ms - IP: ::1","timestamp":"2026-06-19 03:27:42"}
{"level":"info","message":"HTTP Request: GET /stats - Status: 304 - Duration: 10ms - IP: ::1","timestamp":"2026-06-19 03:27:42"}
{"level":"info","message":"HTTP Request: GET /users - Status: 304 - Duration: 14ms - IP: ::1","timestamp":"2026-06-19 03:27:42"}
{"level":"info","message":"HTTP Request: GET /listings - Status: 304 - Duration: 13ms - IP: ::1","timestamp":"2026-06-19 03:27:42"}
{"level":"info","message":"HTTP Request: GET /stats - Status: 304 - Duration: 10ms - IP: ::1","timestamp":"2026-06-19 03:27:42"}
{"level":"info","message":"HTTP Request: GET /users - Status: 304 - Duration: 13ms - IP: ::1","timestamp":"2026-06-19 03:27:42"}
{"level":"info","message":"HTTP Request: GET /listings - Status: 304 - Duration: 14ms - IP: ::1","timestamp":"2026-06-19 03:27:42"}
{"level":"info","message":"HTTP Request: GET /stats - Status: 304 - Duration: 9ms - IP: ::1","timestamp":"2026-06-19 03:27:42"}
{"level":"info","message":"HTTP Request: GET /users - Status: 304 - Duration: 13ms - IP: ::1","timestamp":"2026-06-19 03:27:42"}
{"level":"info","message":"HTTP Request: GET /listings - Status: 304 - Duration: 11ms - IP: ::1","timestamp":"2026-06-19 03:27:42"}
{"level":"info","message":"HTTP Request: GET /stats - Status: 304 - Duration: 10ms - IP: ::1","timestamp":"2026-06-19 03:27:42"}
{"level":"info","message":"HTTP Request: GET /users - Status: 304 - Duration: 12ms - IP: ::1","timestamp":"2026-06-19 03:27:42"}
{"level":"info","message":"HTTP Request: GET /listings - Status: 304 - Duration: 11ms - IP: ::1","timestamp":"2026-06-19 03:27:42"}
{"level":"info","message":"HTTP Request: GET /stats - Status: 304 - Duration: 12ms - IP: ::1","timestamp":"2026-06-19 03:27:42"}
{"level":"info","message":"HTTP Request: GET /users - Status: 304 - Duration: 14ms - IP: ::1","timestamp":"2026-06-19 03:27:42"}
{"level":"info","message":"HTTP Request: GET /listings - Status: 304 - Duration: 12ms - IP: ::1","timestamp":"2026-06-19 03:27:42"}
{"level":"info","message":"HTTP Request: GET /stats - Status: 304 - Duration: 9ms - IP: ::1","timestamp":"2026-06-19 03:27:42"}
{"level":"info","message":"HTTP Request: GET /users - Status: 304 - Duration: 14ms - IP: ::1","timestamp":"2026-06-19 03:27:42"}
{"level":"info","message":"HTTP Request: GET /listings - Status: 304 - Duration: 12ms - IP: ::1","timestamp":"2026-06-19 03:27:42"}
{"level":"info","message":"HTTP Request: GET /stats - Status: 304 - Duration: 10ms - IP: ::1","timestamp":"2026-06-19 03:27:42"}
{"level":"info","message":"HTTP Request: GET /users - Status: 304 - Duration: 11ms - IP: ::1","timestamp":"2026-06-19 03:27:42"}
{"level":"info","message":"HTTP Request: GET /listings - Status: 304 - Duration: 11ms - IP: ::1","timestamp":"2026-06-19 03:27:42"}
{"level":"info","message":"HTTP Request: GET /stats - Status: 304 - Duration: 10ms - IP: ::1","timestamp":"2026-06-19 03:27:42"}
{"level":"info","message":"HTTP Request: GET /users - Status: 304 - Duration: 14ms - IP: ::1","timestamp":"2026-06-19 03:27:42"}
{"level":"info","message":"HTTP Request: GET /listings - Status: 304 - Duration: 12ms - IP: ::1","timestamp":"2026-06-19 03:27:42"}
{"level":"info","message":"HTTP Request: GET /stats - Status: 304 - Duration: 10ms - IP: ::1","timestamp":"2026-06-19 03:27:42"}
{"level":"info","message":"HTTP Request: GET /listings - Status: 304 - Duration: 14ms - IP: ::1","timestamp":"2026-06-19 03:27:42"}
{"level":"info","message":"HTTP Request: GET /users - Status: 304 - Duration: 12ms - IP: ::1","timestamp":"2026-06-19 03:27:42"}
{"level":"info","message":"HTTP Request: GET /stats - Status: 304 - Duration: 8ms - IP: ::1","timestamp":"2026-06-19 03:27:42"}
{"level":"info","message":"HTTP Request: GET /listings - Status: 304 - Duration: 18ms - IP: ::1","timestamp":"2026-06-19 03:27:42"}
{"level":"info","message":"HTTP Request: GET /users - Status: 304 - Duration: 18ms - IP: ::1","timestamp":"2026-06-19 03:27:42"}
{"level":"info","message":"HTTP Request: GET /stats - Status: 304 - Duration: 12ms - IP: ::1","timestamp":"2026-06-19 03:27:42"}
{"level":"info","message":"HTTP Request: GET /users - Status: 304 - Duration: 18ms - IP: ::1","timestamp":"2026-06-19 03:27:42"}
{"level":"info","message":"HTTP Request: GET /listings - Status: 304 - Duration: 15ms - IP: ::1","timestamp":"2026-06-19 03:27:42"}
{"level":"info","message":"HTTP Request: GET /stats - Status: 304 - Duration: 10ms - IP: ::1","timestamp":"2026-06-19 03:27:43"}
{"level":"info","message":"HTTP Request: GET /listings - Status: 304 - Duration: 16ms - IP: ::1","timestamp":"2026-06-19 03:27:43"}
{"level":"info","message":"HTTP Request: GET /users - Status: 304 - Duration: 16ms - IP: ::1","timestamp":"2026-06-19 03:27:43"}
{"level":"info","message":"HTTP Request: GET /stats - Status: 304 - Duration: 12ms - IP: ::1","timestamp":"2026-06-19 03:27:43"}
{"level":"info","message":"HTTP Request: GET /users - Status: 304 - Duration: 16ms - IP: ::1","timestamp":"2026-06-19 03:27:43"}
{"level":"info","message":"HTTP Request: GET /listings - Status: 304 - Duration: 12ms - IP: ::1","timestamp":"2026-06-19 03:27:43"}
{"level":"info","message":"HTTP Request: GET /stats - Status: 304 - Duration: 12ms - IP: ::1","timestamp":"2026-06-19 03:27:43"}
{"level":"info","message":"HTTP Request: GET /users - Status: 304 - Duration: 17ms - IP: ::1","timestamp":"2026-06-19 03:27:43"}
{"level":"info","message":"HTTP Request: GET /listings - Status: 304 - Duration: 14ms - IP: ::1","timestamp":"2026-06-19 03:27:43"}
{"level":"info","message":"HTTP Request: GET /stats - Status: 304 - Duration: 15ms - IP: ::1","timestamp":"2026-06-19 03:27:43"}
{"level":"info","message":"HTTP Request: GET /listings - Status: 304 - Duration: 27ms - IP: ::1","timestamp":"2026-06-19 03:27:43"}
{"level":"info","message":"HTTP Request: GET /users - Status: 304 - Duration: 29ms - IP: ::1","timestamp":"2026-06-19 03:27:43"}
{"level":"info","message":"HTTP Request: GET /stats - Status: 304 - Duration: 12ms - IP: ::1","timestamp":"2026-06-19 03:27:43"}
{"level":"info","message":"HTTP Request: GET /listings - Status: 304 - Duration: 22ms - IP: ::1","timestamp":"2026-06-19 03:27:43"}
{"level":"info","message":"HTTP Request: GET /users - Status: 304 - Duration: 20ms - IP: ::1","timestamp":"2026-06-19 03:27:43"}
{"level":"info","message":"HTTP Request: GET /stats - Status: 304 - Duration: 11ms - IP: ::1","timestamp":"2026-06-19 03:27:43"}
{"level":"info","message":"HTTP Request: GET /users - Status: 304 - Duration: 13ms - IP: ::1","timestamp":"2026-06-19 03:27:43"}
{"level":"info","message":"HTTP Request: GET /listings - Status: 304 - Duration: 14ms - IP: ::1","timestamp":"2026-06-19 03:27:43"}
{"level":"info","message":"HTTP Request: GET /stats - Status: 304 - Duration: 12ms - IP: ::1","timestamp":"2026-06-19 03:27:43"}
{"level":"info","message":"HTTP Request: GET /users - Status: 304 - Duration: 13ms - IP: ::1","timestamp":"2026-06-19 03:27:43"}
{"level":"info","message":"HTTP Request: GET /listings - Status: 304 - Duration: 12ms - IP: ::1","timestamp":"2026-06-19 03:27:43"}
{"level":"info","message":"HTTP Request: GET /stats - Status: 304 - Duration: 12ms - IP: ::1","timestamp":"2026-06-19 03:27:43"}
{"level":"info","message":"HTTP Request: GET /users - Status: 304 - Duration: 15ms - IP: ::1","timestamp":"2026-06-19 03:27:43"}
{"level":"info","message":"HTTP Request: GET /listings - Status: 304 - Duration: 13ms - IP: ::1","timestamp":"2026-06-19 03:27:43"}
{"level":"info","message":"HTTP Request: GET /stats - Status: 304 - Duration: 10ms - IP: ::1","timestamp":"2026-06-19 03:27:43"}
{"level":"info","message":"HTTP Request: GET /users - Status: 304 - Duration: 13ms - IP: ::1","timestamp":"2026-06-19 03:27:43"}
{"level":"info","message":"HTTP Request: GET /listings - Status: 304 - Duration: 8ms - IP: ::1","timestamp":"2026-06-19 03:27:43"}
{"level":"info","message":"HTTP Request: GET /stats - Status: 304 - Duration: 11ms - IP: ::1","timestamp":"2026-06-19 03:27:43"}
{"level":"info","message":"HTTP Request: GET /users - Status: 304 - Duration: 15ms - IP: ::1","timestamp":"2026-06-19 03:27:43"}
{"level":"info","message":"HTTP Request: GET /listings - Status: 304 - Duration: 13ms - IP: ::1","timestamp":"2026-06-19 03:27:43"}
{"level":"info","message":"HTTP Request: GET /stats - Status: 304 - Duration: 11ms - IP: ::1","timestamp":"2026-06-19 03:27:43"}
{"level":"info","message":"HTTP Request: GET /users - Status: 304 - Duration: 19ms - IP: ::1","timestamp":"2026-06-19 03:27:43"}
{"level":"info","message":"HTTP Request: GET /listings - Status: 304 - Duration: 15ms - IP: ::1","timestamp":"2026-06-19 03:27:43"}
{"level":"info","message":"HTTP Request: GET /stats - Status: 304 - Duration: 13ms - IP: ::1","timestamp":"2026-06-19 03:27:43"}
{"level":"info","message":"HTTP Request: GET /users - Status: 304 - Duration: 18ms - IP: ::1","timestamp":"2026-06-19 03:27:43"}
{"level":"info","message":"HTTP Request: GET /listings - Status: 304 - Duration: 14ms - IP: ::1","timestamp":"2026-06-19 03:27:43"}
{"level":"info","message":"HTTP Request: GET /stats - Status: 304 - Duration: 14ms - IP: ::1","timestamp":"2026-06-19 03:27:43"}
{"level":"info","message":"HTTP Request: GET /listings - Status: 304 - Duration: 14ms - IP: ::1","timestamp":"2026-06-19 03:27:43"}
{"level":"info","message":"HTTP Request: GET /users - Status: 304 - Duration: 13ms - IP: ::1","timestamp":"2026-06-19 03:27:43"}
{"level":"info","message":"HTTP Request: GET /stats - Status: 304 - Duration: 11ms - IP: ::1","timestamp":"2026-06-19 03:27:43"}
{"level":"info","message":"HTTP Request: GET /users - Status: 304 - Duration: 13ms - IP: ::1","timestamp":"2026-06-19 03:27:43"}
{"level":"info","message":"HTTP Request: GET /listings - Status: 304 - Duration: 13ms - IP: ::1","timestamp":"2026-06-19 03:27:43"}
{"level":"info","message":"HTTP Request: GET /stats - Status: 304 - Duration: 11ms - IP: ::1","timestamp":"2026-06-19 03:27:43"}
{"level":"info","message":"HTTP Request: GET /listings - Status: 304 - Duration: 13ms - IP: ::1","timestamp":"2026-06-19 03:27:43"}
{"level":"info","message":"HTTP Request: GET /users - Status: 304 - Duration: 18ms - IP: ::1","timestamp":"2026-06-19 03:27:43"}
{"level":"info","message":"HTTP Request: GET /stats - Status: 304 - Duration: 23ms - IP: ::1","timestamp":"2026-06-19 03:27:43"}
{"level":"info","message":"HTTP Request: GET /listings - Status: 304 - Duration: 25ms - IP: ::1","timestamp":"2026-06-19 03:27:43"}
{"level":"info","message":"HTTP Request: GET /users - Status: 304 - Duration: 33ms - IP: ::1","timestamp":"2026-06-19 03:27:43"}
{"level":"info","message":"HTTP Request: GET /stats - Status: 304 - Duration: 20ms - IP: ::1","timestamp":"2026-06-19 03:27:43"}
{"level":"info","message":"HTTP Request: GET /listings - Status: 304 - Duration: 14ms - IP: ::1","timestamp":"2026-06-19 03:27:43"}
{"level":"info","message":"HTTP Request: GET /users - Status: 304 - Duration: 18ms - IP: ::1","timestamp":"2026-06-19 03:27:43"}
{"level":"info","message":"HTTP Request: GET /listings - Status: 304 - Duration: 12ms - IP: ::1","timestamp":"2026-06-19 03:27:43"}
{"level":"info","message":"HTTP Request: GET /users - Status: 304 - Duration: 14ms - IP: ::1","timestamp":"2026-06-19 03:27:43"}
{"level":"info","message":"HTTP Request: GET /stats - Status: 304 - Duration: 22ms - IP: ::1","timestamp":"2026-06-19 03:27:43"}
{"level":"info","message":"HTTP Request: GET /stats - Status: 304 - Duration: 49ms - IP: ::1","timestamp":"2026-06-19 03:27:44"}
{"level":"info","message":"HTTP Request: GET /users - Status: 304 - Duration: 55ms - IP: ::1","timestamp":"2026-06-19 03:27:44"}
{"level":"info","message":"HTTP Request: GET /listings - Status: 304 - Duration: 68ms - IP: ::1","timestamp":"2026-06-19 03:27:44"}
{"level":"info","message":"HTTP Request: GET /stats - Status: 304 - Duration: 13ms - IP: ::1","timestamp":"2026-06-19 03:27:44"}
{"level":"info","message":"HTTP Request: GET /listings - Status: 304 - Duration: 16ms - IP: ::1","timestamp":"2026-06-19 03:27:44"}
{"level":"info","message":"HTTP Request: GET /users - Status: 304 - Duration: 16ms - IP: ::1","timestamp":"2026-06-19 03:27:44"}
{"level":"info","message":"HTTP Request: GET /stats - Status: 304 - Duration: 14ms - IP: ::1","timestamp":"2026-06-19 03:27:44"}
{"level":"info","message":"HTTP Request: GET /users - Status: 304 - Duration: 18ms - IP: ::1","timestamp":"2026-06-19 03:27:44"}
{"level":"info","message":"HTTP Request: GET /listings - Status: 304 - Duration: 22ms - IP: ::1","timestamp":"2026-06-19 03:27:44"}
{"level":"info","message":"HTTP Request: GET /stats - Status: 304 - Duration: 15ms - IP: ::1","timestamp":"2026-06-19 03:27:44"}
{"level":"info","message":"HTTP Request: GET /users - Status: 304 - Duration: 22ms - IP: ::1","timestamp":"2026-06-19 03:27:44"}
{"level":"info","message":"HTTP Request: GET /listings - Status: 304 - Duration: 18ms - IP: ::1","timestamp":"2026-06-19 03:27:44"}
{"level":"info","message":"HTTP Request: GET /stats - Status: 304 - Duration: 13ms - IP: ::1","timestamp":"2026-06-19 03:27:44"}
{"level":"info","message":"HTTP Request: GET /listings - Status: 304 - Duration: 17ms - IP: ::1","timestamp":"2026-06-19 03:27:44"}
{"level":"info","message":"HTTP Request: GET /users - Status: 304 - Duration: 22ms - IP: ::1","timestamp":"2026-06-19 03:27:44"}
{"level":"info","message":"HTTP Request: GET /stats - Status: 304 - Duration: 13ms - IP: ::1","timestamp":"2026-06-19 03:27:44"}
{"level":"info","message":"HTTP Request: GET /listings - Status: 304 - Duration: 13ms - IP: ::1","timestamp":"2026-06-19 03:27:44"}
{"level":"info","message":"HTTP Request: GET /users - Status: 304 - Duration: 19ms - IP: ::1","timestamp":"2026-06-19 03:27:44"}
{"level":"info","message":"HTTP Request: GET /stats - Status: 304 - Duration: 10ms - IP: ::1","timestamp":"2026-06-19 03:27:44"}
{"level":"info","message":"HTTP Request: GET /listings - Status: 304 - Duration: 16ms - IP: ::1","timestamp":"2026-06-19 03:27:44"}
{"level":"info","message":"HTTP Request: GET /users - Status: 304 - Duration: 13ms - IP: ::1","timestamp":"2026-06-19 03:27:44"}
{"level":"info","message":"HTTP Request: GET /stats - Status: 304 - Duration: 13ms - IP: ::1","timestamp":"2026-06-19 03:27:44"}
{"level":"info","message":"HTTP Request: GET /users - Status: 304 - Duration: 19ms - IP: ::1","timestamp":"2026-06-19 03:27:44"}
{"level":"info","message":"HTTP Request: GET /listings - Status: 304 - Duration: 16ms - IP: ::1","timestamp":"2026-06-19 03:27:44"}
{"level":"info","message":"HTTP Request: GET /stats - Status: 304 - Duration: 14ms - IP: ::1","timestamp":"2026-06-19 03:27:44"}
{"level":"info","message":"HTTP Request: GET /users - Status: 304 - Duration: 14ms - IP: ::1","timestamp":"2026-06-19 03:27:44"}
{"level":"info","message":"HTTP Request: GET /listings - Status: 304 - Duration: 14ms - IP: ::1","timestamp":"2026-06-19 03:27:44"}
{"level":"info","message":"HTTP Request: GET /stats - Status: 304 - Duration: 14ms - IP: ::1","timestamp":"2026-06-19 03:27:44"}
{"level":"info","message":"HTTP Request: GET /users - Status: 304 - Duration: 13ms - IP: ::1","timestamp":"2026-06-19 03:27:44"}
{"level":"info","message":"HTTP Request: GET /listings - Status: 304 - Duration: 15ms - IP: ::1","timestamp":"2026-06-19 03:27:44"}
{"level":"info","message":"HTTP Request: GET /stats - Status: 304 - Duration: 13ms - IP: ::1","timestamp":"2026-06-19 03:27:44"}
{"level":"info","message":"HTTP Request: GET /users - Status: 304 - Duration: 17ms - IP: ::1","timestamp":"2026-06-19 03:27:44"}
{"level":"info","message":"HTTP Request: GET /listings - Status: 304 - Duration: 15ms - IP: ::1","timestamp":"2026-06-19 03:27:44"}
{"level":"info","message":"HTTP Request: GET /stats - Status: 304 - Duration: 12ms - IP: ::1","timestamp":"2026-06-19 03:27:44"}
{"level":"info","message":"HTTP Request: GET /users - Status: 304 - Duration: 16ms - IP: ::1","timestamp":"2026-06-19 03:27:44"}
{"level":"info","message":"HTTP Request: GET /listings - Status: 304 - Duration: 15ms - IP: ::1","timestamp":"2026-06-19 03:27:44"}
{"level":"info","message":"HTTP Request: GET /stats - Status: 304 - Duration: 13ms - IP: ::1","timestamp":"2026-06-19 03:27:44"}
{"level":"info","message":"HTTP Request: GET /users - Status: 304 - Duration: 18ms - IP: ::1","timestamp":"2026-06-19 03:27:44"}
{"level":"info","message":"HTTP Request: GET /listings - Status: 304 - Duration: 16ms - IP: ::1","timestamp":"2026-06-19 03:27:44"}
{"level":"info","message":"HTTP Request: GET /stats - Status: 304 - Duration: 13ms - IP: ::1","timestamp":"2026-06-19 03:27:44"}
{"level":"info","message":"HTTP Request: GET /users - Status: 304 - Duration: 16ms - IP: ::1","timestamp":"2026-06-19 03:27:44"}
{"level":"info","message":"HTTP Request: GET /listings - Status: 304 - Duration: 12ms - IP: ::1","timestamp":"2026-06-19 03:27:44"}
{"level":"info","message":"HTTP Request: GET /stats - Status: 304 - Duration: 12ms - IP: ::1","timestamp":"2026-06-19 03:27:44"}
{"level":"info","message":"HTTP Request: GET /users - Status: 304 - Duration: 19ms - IP: ::1","timestamp":"2026-06-19 03:27:44"}
{"level":"info","message":"HTTP Request: GET /listings - Status: 304 - Duration: 15ms - IP: ::1","timestamp":"2026-06-19 03:27:44"}
{"level":"info","message":"HTTP Request: GET /stats - Status: 304 - Duration: 12ms - IP: ::1","timestamp":"2026-06-19 03:27:44"}
{"level":"info","message":"HTTP Request: GET /users - Status: 304 - Duration: 16ms - IP: ::1","timestamp":"2026-06-19 03:27:44"}
{"level":"info","message":"HTTP Request: GET /listings - Status: 304 - Duration: 16ms - IP: ::1","timestamp":"2026-06-19 03:27:44"}
{"level":"info","message":"HTTP Request: GET /stats - Status: 304 - Duration: 14ms - IP: ::1","timestamp":"2026-06-19 03:27:44"}
{"level":"info","message":"HTTP Request: GET /users - Status: 304 - Duration: 16ms - IP: ::1","timestamp":"2026-06-19 03:27:44"}
{"level":"info","message":"HTTP Request: GET /listings - Status: 304 - Duration: 14ms - IP: ::1","timestamp":"2026-06-19 03:27:44"}
{"level":"info","message":"HTTP Request: GET /stats - Status: 304 - Duration: 10ms - IP: ::1","timestamp":"2026-06-19 03:27:45"}
{"level":"info","message":"HTTP Request: GET /listings - Status: 304 - Duration: 16ms - IP: ::1","timestamp":"2026-06-19 03:27:45"}
{"level":"info","message":"HTTP Request: GET /users - Status: 304 - Duration: 14ms - IP: ::1","timestamp":"2026-06-19 03:27:45"}
{"level":"info","message":"HTTP Request: GET /stats - Status: 304 - Duration: 14ms - IP: ::1","timestamp":"2026-06-19 03:27:45"}
{"level":"info","message":"HTTP Request: GET /users - Status: 304 - Duration: 17ms - IP: ::1","timestamp":"2026-06-19 03:27:45"}
{"level":"info","message":"HTTP Request: GET /listings - Status: 304 - Duration: 15ms - IP: ::1","timestamp":"2026-06-19 03:27:45"}
{"level":"info","message":"HTTP Request: GET /stats - Status: 304 - Duration: 14ms - IP: ::1","timestamp":"2026-06-19 03:27:45"}
{"level":"info","message":"HTTP Request: GET /users - Status: 304 - Duration: 15ms - IP: ::1","timestamp":"2026-06-19 03:27:45"}
{"level":"info","message":"HTTP Request: GET /listings - Status: 304 - Duration: 15ms - IP: ::1","timestamp":"2026-06-19 03:27:45"}
{"level":"info","message":"HTTP Request: GET /stats - Status: 304 - Duration: 12ms - IP: ::1","timestamp":"2026-06-19 03:27:45"}
{"level":"info","message":"HTTP Request: GET /users - Status: 304 - Duration: 17ms - IP: ::1","timestamp":"2026-06-19 03:27:45"}
{"level":"info","message":"HTTP Request: GET /listings - Status: 304 - Duration: 13ms - IP: ::1","timestamp":"2026-06-19 03:27:45"}
{"level":"info","message":"HTTP Request: GET /stats - Status: 304 - Duration: 13ms - IP: ::1","timestamp":"2026-06-19 03:27:45"}
{"level":"info","message":"HTTP Request: GET /users - Status: 304 - Duration: 16ms - IP: ::1","timestamp":"2026-06-19 03:27:45"}
{"level":"info","message":"HTTP Request: GET /listings - Status: 304 - Duration: 15ms - IP: ::1","timestamp":"2026-06-19 03:27:45"}
{"level":"info","message":"HTTP Request: GET /stats - Status: 304 - Duration: 10ms - IP: ::1","timestamp":"2026-06-19 03:27:45"}
{"level":"info","message":"HTTP Request: GET /users - Status: 304 - Duration: 14ms - IP: ::1","timestamp":"2026-06-19 03:27:45"}
{"level":"info","message":"HTTP Request: GET /listings - Status: 304 - Duration: 13ms - IP: ::1","timestamp":"2026-06-19 03:27:45"}
{"level":"info","message":"HTTP Request: GET /stats - Status: 304 - Duration: 15ms - IP: ::1","timestamp":"2026-06-19 03:27:45"}
{"level":"info","message":"HTTP Request: GET /listings - Status: 304 - Duration: 11ms - IP: ::1","timestamp":"2026-06-19 03:27:45"}
{"level":"info","message":"HTTP Request: GET /users - Status: 304 - Duration: 18ms - IP: ::1","timestamp":"2026-06-19 03:27:45"}
{"level":"info","message":"HTTP Request: GET /stats - Status: 304 - Duration: 11ms - IP: ::1","timestamp":"2026-06-19 03:27:45"}
{"level":"info","message":"HTTP Request: GET /users - Status: 304 - Duration: 13ms - IP: ::1","timestamp":"2026-06-19 03:27:45"}
{"level":"info","message":"HTTP Request: GET /listings - Status: 304 - Duration: 13ms - IP: ::1","timestamp":"2026-06-19 03:27:45"}
{"level":"info","message":"HTTP Request: GET /stats - Status: 304 - Duration: 12ms - IP: ::1","timestamp":"2026-06-19 03:27:45"}
{"level":"info","message":"HTTP Request: GET /users - Status: 304 - Duration: 13ms - IP: ::1","timestamp":"2026-06-19 03:27:45"}
{"level":"info","message":"HTTP Request: GET /listings - Status: 304 - Duration: 13ms - IP: ::1","timestamp":"2026-06-19 03:27:45"}
{"level":"info","message":"HTTP Request: GET /stats - Status: 304 - Duration: 10ms - IP: ::1","timestamp":"2026-06-19 03:27:45"}
{"level":"info","message":"HTTP Request: GET /listings - Status: 304 - Duration: 19ms - IP: ::1","timestamp":"2026-06-19 03:27:45"}
{"level":"info","message":"HTTP Request: GET /users - Status: 304 - Duration: 18ms - IP: ::1","timestamp":"2026-06-19 03:27:45"}
{"level":"info","message":"HTTP Request: GET /stats - Status: 304 - Duration: 14ms - IP: ::1","timestamp":"2026-06-19 03:27:45"}
{"level":"info","message":"HTTP Request: GET /users - Status: 304 - Duration: 14ms - IP: ::1","timestamp":"2026-06-19 03:27:45"}
{"level":"info","message":"HTTP Request: GET /listings - Status: 304 - Duration: 13ms - IP: ::1","timestamp":"2026-06-19 03:27:45"}
{"level":"info","message":"HTTP Request: GET /stats - Status: 304 - Duration: 11ms - IP: ::1","timestamp":"2026-06-19 03:27:45"}
{"level":"info","message":"HTTP Request: GET /users - Status: 304 - Duration: 13ms - IP: ::1","timestamp":"2026-06-19 03:27:45"}
{"level":"info","message":"HTTP Request: GET /listings - Status: 304 - Duration: 14ms - IP: ::1","timestamp":"2026-06-19 03:27:45"}
{"level":"info","message":"HTTP Request: GET /stats - Status: 304 - Duration: 10ms - IP: ::1","timestamp":"2026-06-19 03:27:45"}
{"level":"info","message":"HTTP Request: GET /users - Status: 304 - Duration: 14ms - IP: ::1","timestamp":"2026-06-19 03:27:45"}
{"level":"info","message":"HTTP Request: GET /listings - Status: 304 - Duration: 14ms - IP: ::1","timestamp":"2026-06-19 03:27:45"}
{"level":"info","message":"HTTP Request: GET /stats - Status: 304 - Duration: 15ms - IP: ::1","timestamp":"2026-06-19 03:27:45"}
{"level":"info","message":"HTTP Request: GET /listings - Status: 304 - Duration: 19ms - IP: ::1","timestamp":"2026-06-19 03:27:45"}
{"level":"info","message":"HTTP Request: GET /users - Status: 304 - Duration: 17ms - IP: ::1","timestamp":"2026-06-19 03:27:45"}
{"level":"info","message":"HTTP Request: GET /stats - Status: 304 - Duration: 10ms - IP: ::1","timestamp":"2026-06-19 03:27:45"}
{"level":"info","message":"HTTP Request: GET /users - Status: 304 - Duration: 13ms - IP: ::1","timestamp":"2026-06-19 03:27:45"}
{"level":"info","message":"HTTP Request: GET /listings - Status: 304 - Duration: 12ms - IP: ::1","timestamp":"2026-06-19 03:27:45"}
{"level":"info","message":"HTTP Request: GET /stats - Status: 304 - Duration: 12ms - IP: ::1","timestamp":"2026-06-19 03:27:45"}
{"level":"info","message":"HTTP Request: GET /listings - Status: 304 - Duration: 11ms - IP: ::1","timestamp":"2026-06-19 03:27:45"}
{"level":"info","message":"HTTP Request: GET /users - Status: 304 - Duration: 16ms - IP: ::1","timestamp":"2026-06-19 03:27:45"}
{"level":"info","message":"HTTP Request: GET /stats - Status: 304 - Duration: 10ms - IP: ::1","timestamp":"2026-06-19 03:27:45"}
{"level":"info","message":"HTTP Request: GET /users - Status: 304 - Duration: 14ms - IP: ::1","timestamp":"2026-06-19 03:27:45"}
{"level":"info","message":"HTTP Request: GET /listings - Status: 304 - Duration: 13ms - IP: ::1","timestamp":"2026-06-19 03:27:45"}
{"level":"info","message":"HTTP Request: GET /stats - Status: 304 - Duration: 12ms - IP: ::1","timestamp":"2026-06-19 03:27:45"}
{"level":"info","message":"HTTP Request: GET /listings - Status: 304 - Duration: 14ms - IP: ::1","timestamp":"2026-06-19 03:27:45"}
{"level":"info","message":"HTTP Request: GET /users - Status: 304 - Duration: 13ms - IP: ::1","timestamp":"2026-06-19 03:27:45"}
{"level":"info","message":"HTTP Request: GET /stats - Status: 304 - Duration: 10ms - IP: ::1","timestamp":"2026-06-19 03:27:45"}
{"level":"info","message":"HTTP Request: GET /users - Status: 304 - Duration: 16ms - IP: ::1","timestamp":"2026-06-19 03:27:45"}
{"level":"info","message":"HTTP Request: GET /listings - Status: 304 - Duration: 12ms - IP: ::1","timestamp":"2026-06-19 03:27:45"}
{"level":"info","message":"HTTP Request: GET /stats - Status: 304 - Duration: 13ms - IP: ::1","timestamp":"2026-06-19 03:27:45"}
{"level":"info","message":"HTTP Request: GET /listings - Status: 304 - Duration: 12ms - IP: ::1","timestamp":"2026-06-19 03:27:45"}
{"level":"info","message":"HTTP Request: GET /users - Status: 304 - Duration: 15ms - IP: ::1","timestamp":"2026-06-19 03:27:45"}
{"level":"info","message":"HTTP Request: GET /stats - Status: 304 - Duration: 15ms - IP: ::1","timestamp":"2026-06-19 03:27:45"}
{"level":"info","message":"HTTP Request: GET /users - Status: 304 - Duration: 12ms - IP: ::1","timestamp":"2026-06-19 03:27:45"}
{"level":"info","message":"HTTP Request: GET /listings - Status: 304 - Duration: 12ms - IP: ::1","timestamp":"2026-06-19 03:27:45"}
{"level":"info","message":"HTTP Request: GET /stats - Status: 304 - Duration: 10ms - IP: ::1","timestamp":"2026-06-19 03:27:45"}
{"level":"info","message":"HTTP Request: GET /users - Status: 304 - Duration: 12ms - IP: ::1","timestamp":"2026-06-19 03:27:45"}
{"level":"info","message":"HTTP Request: GET /listings - Status: 304 - Duration: 12ms - IP: ::1","timestamp":"2026-06-19 03:27:45"}
{"level":"info","message":"HTTP Request: GET /stats - Status: 304 - Duration: 11ms - IP: ::1","timestamp":"2026-06-19 03:27:45"}
{"level":"info","message":"HTTP Request: GET /users - Status: 304 - Duration: 17ms - IP: ::1","timestamp":"2026-06-19 03:27:45"}
{"level":"info","message":"HTTP Request: GET /listings - Status: 304 - Duration: 15ms - IP: ::1","timestamp":"2026-06-19 03:27:45"}
{"level":"info","message":"HTTP Request: GET /stats - Status: 304 - Duration: 9ms - IP: ::1","timestamp":"2026-06-19 03:27:46"}
{"level":"info","message":"HTTP Request: GET /users - Status: 304 - Duration: 14ms - IP: ::1","timestamp":"2026-06-19 03:27:46"}
{"level":"info","message":"HTTP Request: GET /listings - Status: 304 - Duration: 12ms - IP: ::1","timestamp":"2026-06-19 03:27:46"}
{"level":"info","message":"HTTP Request: GET /stats - Status: 304 - Duration: 13ms - IP: ::1","timestamp":"2026-06-19 03:27:46"}
{"level":"info","message":"HTTP Request: GET /listings - Status: 304 - Duration: 11ms - IP: ::1","timestamp":"2026-06-19 03:27:46"}
{"level":"info","message":"HTTP Request: GET /users - Status: 304 - Duration: 15ms - IP: ::1","timestamp":"2026-06-19 03:27:46"}
{"level":"info","message":"HTTP Request: GET /stats - Status: 304 - Duration: 11ms - IP: ::1","timestamp":"2026-06-19 03:27:46"}
{"level":"info","message":"HTTP Request: GET /users - Status: 304 - Duration: 15ms - IP: ::1","timestamp":"2026-06-19 03:27:46"}
{"level":"info","message":"HTTP Request: GET /listings - Status: 304 - Duration: 14ms - IP: ::1","timestamp":"2026-06-19 03:27:46"}
{"level":"info","message":"HTTP Request: GET /stats - Status: 304 - Duration: 12ms - IP: ::1","timestamp":"2026-06-19 03:27:46"}
{"level":"info","message":"HTTP Request: GET /users - Status: 304 - Duration: 16ms - IP: ::1","timestamp":"2026-06-19 03:27:46"}
{"level":"info","message":"HTTP Request: GET /listings - Status: 304 - Duration: 15ms - IP: ::1","timestamp":"2026-06-19 03:27:46"}
{"level":"info","message":"HTTP Request: GET /stats - Status: 304 - Duration: 12ms - IP: ::1","timestamp":"2026-06-19 03:27:46"}
{"level":"info","message":"HTTP Request: GET /users - Status: 304 - Duration: 18ms - IP: ::1","timestamp":"2026-06-19 03:27:46"}
{"level":"info","message":"HTTP Request: GET /listings - Status: 304 - Duration: 16ms - IP: ::1","timestamp":"2026-06-19 03:27:46"}
{"level":"info","message":"HTTP Request: GET /stats - Status: 304 - Duration: 12ms - IP: ::1","timestamp":"2026-06-19 03:27:46"}
{"level":"info","message":"HTTP Request: GET /users - Status: 304 - Duration: 14ms - IP: ::1","timestamp":"2026-06-19 03:27:46"}
{"level":"info","message":"HTTP Request: GET /listings - Status: 304 - Duration: 14ms - IP: ::1","timestamp":"2026-06-19 03:27:46"}
{"level":"info","message":"HTTP Request: GET /stats - Status: 304 - Duration: 13ms - IP: ::1","timestamp":"2026-06-19 03:27:46"}
{"level":"info","message":"HTTP Request: GET /listings - Status: 304 - Duration: 16ms - IP: ::1","timestamp":"2026-06-19 03:27:46"}
{"level":"info","message":"HTTP Request: GET /users - Status: 304 - Duration: 20ms - IP: ::1","timestamp":"2026-06-19 03:27:46"}
{"level":"info","message":"HTTP Request: GET /stats - Status: 304 - Duration: 16ms - IP: ::1","timestamp":"2026-06-19 03:27:46"}
{"level":"info","message":"HTTP Request: GET /users - Status: 304 - Duration: 23ms - IP: ::1","timestamp":"2026-06-19 03:27:46"}
{"level":"info","message":"HTTP Request: GET /listings - Status: 304 - Duration: 23ms - IP: ::1","timestamp":"2026-06-19 03:27:46"}
{"level":"info","message":"HTTP Request: GET /stats - Status: 304 - Duration: 13ms - IP: ::1","timestamp":"2026-06-19 03:27:46"}
{"level":"info","message":"HTTP Request: GET /users - Status: 304 - Duration: 15ms - IP: ::1","timestamp":"2026-06-19 03:27:46"}
{"level":"info","message":"HTTP Request: GET /listings - Status: 304 - Duration: 13ms - IP: ::1","timestamp":"2026-06-19 03:27:46"}
{"level":"info","message":"HTTP Request: GET /stats - Status: 304 - Duration: 16ms - IP: ::1","timestamp":"2026-06-19 03:27:46"}
{"level":"info","message":"HTTP Request: GET /listings - Status: 304 - Duration: 19ms - IP: ::1","timestamp":"2026-06-19 03:27:46"}
{"level":"info","message":"HTTP Request: GET /users - Status: 304 - Duration: 26ms - IP: ::1","timestamp":"2026-06-19 03:27:46"}
{"level":"info","message":"HTTP Request: GET /stats - Status: 304 - Duration: 13ms - IP: ::1","timestamp":"2026-06-19 03:27:46"}
{"level":"info","message":"HTTP Request: GET /listings - Status: 304 - Duration: 23ms - IP: ::1","timestamp":"2026-06-19 03:27:46"}
{"level":"info","message":"HTTP Request: GET /users - Status: 304 - Duration: 23ms - IP: ::1","timestamp":"2026-06-19 03:27:46"}
{"level":"info","message":"HTTP Request: GET /stats - Status: 304 - Duration: 15ms - IP: ::1","timestamp":"2026-06-19 03:27:46"}
{"level":"info","message":"HTTP Request: GET /listings - Status: 304 - Duration: 13ms - IP: ::1","timestamp":"2026-06-19 03:27:46"}
{"level":"info","message":"HTTP Request: GET /users - Status: 304 - Duration: 24ms - IP: ::1","timestamp":"2026-06-19 03:27:46"}
{"level":"info","message":"HTTP Request: GET /stats - Status: 304 - Duration: 20ms - IP: ::1","timestamp":"2026-06-19 03:27:46"}
{"level":"info","message":"HTTP Request: GET /listings - Status: 304 - Duration: 18ms - IP: ::1","timestamp":"2026-06-19 03:27:46"}
{"level":"info","message":"HTTP Request: GET /users - Status: 304 - Duration: 15ms - IP: ::1","timestamp":"2026-06-19 03:27:46"}
{"level":"info","message":"HTTP Request: GET /stats - Status: 304 - Duration: 14ms - IP: ::1","timestamp":"2026-06-19 03:27:46"}
{"level":"info","message":"HTTP Request: GET /users - Status: 304 - Duration: 20ms - IP: ::1","timestamp":"2026-06-19 03:27:46"}
{"level":"info","message":"HTTP Request: GET /listings - Status: 304 - Duration: 17ms - IP: ::1","timestamp":"2026-06-19 03:27:46"}
{"level":"info","message":"HTTP Request: GET /stats - Status: 304 - Duration: 14ms - IP: ::1","timestamp":"2026-06-19 03:27:46"}
{"level":"info","message":"HTTP Request: GET /users - Status: 304 - Duration: 14ms - IP: ::1","timestamp":"2026-06-19 03:27:46"}
{"level":"info","message":"HTTP Request: GET /listings - Status: 304 - Duration: 13ms - IP: ::1","timestamp":"2026-06-19 03:27:46"}
{"level":"info","message":"HTTP Request: GET /stats - Status: 304 - Duration: 13ms - IP: ::1","timestamp":"2026-06-19 03:27:46"}
{"level":"info","message":"HTTP Request: GET /users - Status: 304 - Duration: 24ms - IP: ::1","timestamp":"2026-06-19 03:27:46"}
{"level":"info","message":"HTTP Request: GET /listings - Status: 304 - Duration: 23ms - IP: ::1","timestamp":"2026-06-19 03:27:46"}
{"level":"info","message":"HTTP Request: GET /stats - Status: 304 - Duration: 14ms - IP: ::1","timestamp":"2026-06-19 03:27:46"}
{"level":"info","message":"HTTP Request: GET /users - Status: 304 - Duration: 15ms - IP: ::1","timestamp":"2026-06-19 03:27:46"}
{"level":"info","message":"HTTP Request: GET /listings - Status: 304 - Duration: 13ms - IP: ::1","timestamp":"2026-06-19 03:27:46"}
{"level":"info","message":"HTTP Request: GET /stats - Status: 304 - Duration: 14ms - IP: ::1","timestamp":"2026-06-19 03:27:46"}
{"level":"info","message":"HTTP Request: GET /users - Status: 304 - Duration: 22ms - IP: ::1","timestamp":"2026-06-19 03:27:46"}
{"level":"info","message":"HTTP Request: GET /listings - Status: 304 - Duration: 29ms - IP: ::1","timestamp":"2026-06-19 03:27:46"}
{"level":"info","message":"HTTP Request: GET /stats - Status: 304 - Duration: 18ms - IP: ::1","timestamp":"2026-06-19 03:27:46"}
{"level":"info","message":"HTTP Request: GET /users - Status: 304 - Duration: 12ms - IP: ::1","timestamp":"2026-06-19 03:27:46"}
{"level":"info","message":"HTTP Request: GET /listings - Status: 304 - Duration: 11ms - IP: ::1","timestamp":"2026-06-19 03:27:46"}
{"level":"info","message":"HTTP Request: GET /stats - Status: 304 - Duration: 13ms - IP: ::1","timestamp":"2026-06-19 03:27:46"}
{"level":"info","message":"HTTP Request: GET /users - Status: 304 - Duration: 13ms - IP: ::1","timestamp":"2026-06-19 03:27:46"}
{"level":"info","message":"HTTP Request: GET /listings - Status: 304 - Duration: 11ms - IP: ::1","timestamp":"2026-06-19 03:27:46"}
{"level":"info","message":"HTTP Request: GET /stats - Status: 304 - Duration: 12ms - IP: ::1","timestamp":"2026-06-19 03:27:46"}
{"level":"info","message":"HTTP Request: GET /users - Status: 304 - Duration: 13ms - IP: ::1","timestamp":"2026-06-19 03:27:46"}
{"level":"info","message":"HTTP Request: GET /listings - Status: 304 - Duration: 17ms - IP: ::1","timestamp":"2026-06-19 03:27:46"}
{"level":"info","message":"HTTP Request: GET /stats - Status: 304 - Duration: 12ms - IP: ::1","timestamp":"2026-06-19 03:27:46"}
{"level":"info","message":"HTTP Request: GET /users - Status: 304 - Duration: 18ms - IP: ::1","timestamp":"2026-06-19 03:27:46"}
{"level":"info","message":"HTTP Request: GET /listings - Status: 304 - Duration: 13ms - IP: ::1","timestamp":"2026-06-19 03:27:46"}
{"level":"info","message":"HTTP Request: GET /stats - Status: 304 - Duration: 12ms - IP: ::1","timestamp":"2026-06-19 03:27:46"}
{"level":"info","message":"HTTP Request: GET /users - Status: 304 - Duration: 18ms - IP: ::1","timestamp":"2026-06-19 03:27:46"}
{"level":"info","message":"HTTP Request: GET /listings - Status: 304 - Duration: 15ms - IP: ::1","timestamp":"2026-06-19 03:27:46"}
{"level":"info","message":"HTTP Request: GET /stats - Status: 304 - Duration: 14ms - IP: ::1","timestamp":"2026-06-19 03:27:46"}
{"level":"info","message":"HTTP Request: GET /listings - Status: 304 - Duration: 15ms - IP: ::1","timestamp":"2026-06-19 03:27:46"}
{"level":"info","message":"HTTP Request: GET /users - Status: 304 - Duration: 17ms - IP: ::1","timestamp":"2026-06-19 03:27:46"}
{"level":"info","message":"HTTP Request: GET /stats - Status: 304 - Duration: 14ms - IP: ::1","timestamp":"2026-06-19 03:27:46"}
{"level":"info","message":"HTTP Request: GET /listings - Status: 304 - Duration: 15ms - IP: ::1","timestamp":"2026-06-19 03:27:46"}
{"level":"info","message":"HTTP Request: GET /users - Status: 304 - Duration: 22ms - IP: ::1","timestamp":"2026-06-19 03:27:46"}
{"level":"info","message":"HTTP Request: GET /stats - Status: 304 - Duration: 14ms - IP: ::1","timestamp":"2026-06-19 03:27:46"}
{"level":"info","message":"HTTP Request: GET /listings - Status: 304 - Duration: 14ms - IP: ::1","timestamp":"2026-06-19 03:27:46"}
{"level":"info","message":"HTTP Request: GET /users - Status: 304 - Duration: 14ms - IP: ::1","timestamp":"2026-06-19 03:27:46"}
{"level":"info","message":"HTTP Request: GET /stats - Status: 304 - Duration: 13ms - IP: ::1","timestamp":"2026-06-19 03:27:46"}
{"level":"info","message":"HTTP Request: GET /listings - Status: 304 - Duration: 20ms - IP: ::1","timestamp":"2026-06-19 03:27:46"}
{"level":"info","message":"HTTP Request: GET /users - Status: 304 - Duration: 16ms - IP: ::1","timestamp":"2026-06-19 03:27:46"}
{"level":"info","message":"HTTP Request: GET /stats - Status: 304 - Duration: 12ms - IP: ::1","timestamp":"2026-06-19 03:27:46"}
{"level":"info","message":"HTTP Request: GET /listings - Status: 304 - Duration: 13ms - IP: ::1","timestamp":"2026-06-19 03:27:46"}
{"level":"info","message":"HTTP Request: GET /users - Status: 304 - Duration: 11ms - IP: ::1","timestamp":"2026-06-19 03:27:46"}
{"level":"info","message":"HTTP Request: GET /stats - Status: 304 - Duration: 10ms - IP: ::1","timestamp":"2026-06-19 03:27:46"}
{"level":"info","message":"HTTP Request: GET /listings - Status: 304 - Duration: 11ms - IP: ::1","timestamp":"2026-06-19 03:27:46"}
{"level":"info","message":"HTTP Request: GET /users - Status: 304 - Duration: 17ms - IP: ::1","timestamp":"2026-06-19 03:27:46"}
{"level":"info","message":"HTTP Request: GET /stats - Status: 304 - Duration: 14ms - IP: ::1","timestamp":"2026-06-19 03:27:46"}
{"level":"info","message":"HTTP Request: GET /listings - Status: 304 - Duration: 14ms - IP: ::1","timestamp":"2026-06-19 03:27:46"}
{"level":"info","message":"HTTP Request: GET /users - Status: 304 - Duration: 17ms - IP: ::1","timestamp":"2026-06-19 03:27:46"}
{"level":"info","message":"HTTP Request: GET /stats - Status: 304 - Duration: 14ms - IP: ::1","timestamp":"2026-06-19 03:27:46"}
{"level":"info","message":"HTTP Request: GET /listings - Status: 304 - Duration: 12ms - IP: ::1","timestamp":"2026-06-19 03:27:46"}
{"level":"info","message":"HTTP Request: GET /users - Status: 304 - Duration: 25ms - IP: ::1","timestamp":"2026-06-19 03:27:47"}
{"level":"info","message":"HTTP Request: GET /stats - Status: 304 - Duration: 21ms - IP: ::1","timestamp":"2026-06-19 03:27:47"}
{"level":"info","message":"HTTP Request: GET /listings - Status: 304 - Duration: 14ms - IP: ::1","timestamp":"2026-06-19 03:27:47"}
{"level":"info","message":"HTTP Request: GET /users - Status: 304 - Duration: 14ms - IP: ::1","timestamp":"2026-06-19 03:27:47"}
{"level":"info","message":"HTTP Request: GET /stats - Status: 304 - Duration: 13ms - IP: ::1","timestamp":"2026-06-19 03:27:47"}
{"level":"info","message":"HTTP Request: GET /listings - Status: 304 - Duration: 13ms - IP: ::1","timestamp":"2026-06-19 03:27:47"}
{"level":"info","message":"HTTP Request: GET /users - Status: 304 - Duration: 24ms - IP: ::1","timestamp":"2026-06-19 03:27:47"}
{"level":"info","message":"HTTP Request: GET /stats - Status: 304 - Duration: 15ms - IP: ::1","timestamp":"2026-06-19 03:27:47"}
{"level":"info","message":"HTTP Request: GET /listings - Status: 304 - Duration: 16ms - IP: ::1","timestamp":"2026-06-19 03:27:47"}
{"level":"info","message":"HTTP Request: GET /users - Status: 304 - Duration: 12ms - IP: ::1","timestamp":"2026-06-19 03:27:47"}
{"level":"info","message":"HTTP Request: GET /stats - Status: 304 - Duration: 15ms - IP: ::1","timestamp":"2026-06-19 03:27:47"}
{"level":"info","message":"HTTP Request: GET /listings - Status: 304 - Duration: 17ms - IP: ::1","timestamp":"2026-06-19 03:27:47"}
{"level":"info","message":"HTTP Request: GET /users - Status: 304 - Duration: 13ms - IP: ::1","timestamp":"2026-06-19 03:27:47"}
{"level":"info","message":"HTTP Request: GET /stats - Status: 304 - Duration: 13ms - IP: ::1","timestamp":"2026-06-19 03:27:47"}
{"level":"info","message":"HTTP Request: GET /listings - Status: 304 - Duration: 18ms - IP: ::1","timestamp":"2026-06-19 03:27:47"}
{"level":"info","message":"HTTP Request: GET /users - Status: 304 - Duration: 23ms - IP: ::1","timestamp":"2026-06-19 03:27:47"}
{"level":"info","message":"HTTP Request: GET /stats - Status: 304 - Duration: 12ms - IP: ::1","timestamp":"2026-06-19 03:27:47"}
{"level":"info","message":"HTTP Request: GET /listings - Status: 304 - Duration: 11ms - IP: ::1","timestamp":"2026-06-19 03:27:47"}
{"level":"info","message":"HTTP Request: GET /users - Status: 304 - Duration: 11ms - IP: ::1","timestamp":"2026-06-19 03:27:47"}
{"level":"info","message":"HTTP Request: GET /stats - Status: 304 - Duration: 9ms - IP: ::1","timestamp":"2026-06-19 03:27:47"}
{"level":"info","message":"HTTP Request: GET /users - Status: 304 - Duration: 21ms - IP: ::1","timestamp":"2026-06-19 03:27:47"}
{"level":"info","message":"HTTP Request: GET /stats - Status: 304 - Duration: 10ms - IP: ::1","timestamp":"2026-06-19 03:27:47"}
{"level":"info","message":"HTTP Request: GET /listings - Status: 304 - Duration: 22ms - IP: ::1","timestamp":"2026-06-19 03:27:47"}
{"level":"info","message":"HTTP Request: GET /users - Status: 304 - Duration: 11ms - IP: ::1","timestamp":"2026-06-19 03:27:47"}
{"level":"info","message":"HTTP Request: GET /listings - Status: 304 - Duration: 9ms - IP: ::1","timestamp":"2026-06-19 03:27:47"}
{"level":"info","message":"HTTP Request: GET /stats - Status: 304 - Duration: 12ms - IP: ::1","timestamp":"2026-06-19 03:27:47"}
{"level":"info","message":"HTTP Request: GET /users - Status: 304 - Duration: 21ms - IP: ::1","timestamp":"2026-06-19 03:27:47"}
{"level":"info","message":"HTTP Request: GET /listings - Status: 304 - Duration: 18ms - IP: ::1","timestamp":"2026-06-19 03:27:47"}
{"level":"info","message":"HTTP Request: GET /stats - Status: 304 - Duration: 10ms - IP: ::1","timestamp":"2026-06-19 03:27:47"}
{"level":"info","message":"HTTP Request: GET /users - Status: 304 - Duration: 11ms - IP: ::1","timestamp":"2026-06-19 03:27:47"}
{"level":"info","message":"HTTP Request: GET /listings - Status: 304 - Duration: 11ms - IP: ::1","timestamp":"2026-06-19 03:27:47"}
{"level":"info","message":"HTTP Request: GET /stats - Status: 304 - Duration: 10ms - IP: ::1","timestamp":"2026-06-19 03:27:47"}
{"level":"info","message":"HTTP Request: GET /users - Status: 304 - Duration: 16ms - IP: ::1","timestamp":"2026-06-19 03:27:47"}
{"level":"info","message":"HTTP Request: GET /listings - Status: 304 - Duration: 15ms - IP: ::1","timestamp":"2026-06-19 03:27:47"}
{"level":"info","message":"HTTP Request: GET /stats - Status: 304 - Duration: 12ms - IP: ::1","timestamp":"2026-06-19 03:27:47"}
{"level":"info","message":"HTTP Request: GET /users - Status: 304 - Duration: 11ms - IP: ::1","timestamp":"2026-06-19 03:27:47"}
{"level":"info","message":"HTTP Request: GET /listings - Status: 304 - Duration: 11ms - IP: ::1","timestamp":"2026-06-19 03:27:47"}
{"level":"info","message":"HTTP Request: GET /stats - Status: 304 - Duration: 9ms - IP: ::1","timestamp":"2026-06-19 03:27:47"}
{"level":"info","message":"HTTP Request: GET /users - Status: 304 - Duration: 14ms - IP: ::1","timestamp":"2026-06-19 03:27:47"}
{"level":"info","message":"HTTP Request: GET /listings - Status: 304 - Duration: 10ms - IP: ::1","timestamp":"2026-06-19 03:27:47"}
{"level":"info","message":"HTTP Request: GET /stats - Status: 304 - Duration: 12ms - IP: ::1","timestamp":"2026-06-19 03:27:47"}
{"level":"info","message":"HTTP Request: GET /listings - Status: 304 - Duration: 14ms - IP: ::1","timestamp":"2026-06-19 03:27:47"}
{"level":"info","message":"HTTP Request: GET /users - Status: 304 - Duration: 19ms - IP: ::1","timestamp":"2026-06-19 03:27:47"}
{"level":"info","message":"HTTP Request: GET /stats - Status: 304 - Duration: 12ms - IP: ::1","timestamp":"2026-06-19 03:27:47"}
{"level":"info","message":"HTTP Request: GET /users - Status: 304 - Duration: 16ms - IP: ::1","timestamp":"2026-06-19 03:27:47"}
{"level":"info","message":"HTTP Request: GET /listings - Status: 304 - Duration: 19ms - IP: ::1","timestamp":"2026-06-19 03:27:47"}
{"level":"info","message":"HTTP Request: GET /stats - Status: 304 - Duration: 12ms - IP: ::1","timestamp":"2026-06-19 03:27:47"}
{"level":"info","message":"HTTP Request: GET /listings - Status: 304 - Duration: 10ms - IP: ::1","timestamp":"2026-06-19 03:27:47"}
{"level":"info","message":"HTTP Request: GET /users - Status: 304 - Duration: 17ms - IP: ::1","timestamp":"2026-06-19 03:27:47"}
{"level":"info","message":"HTTP Request: GET /stats - Status: 304 - Duration: 12ms - IP: ::1","timestamp":"2026-06-19 03:27:47"}
{"level":"info","message":"HTTP Request: GET /listings - Status: 304 - Duration: 14ms - IP: ::1","timestamp":"2026-06-19 03:27:47"}
{"level":"info","message":"HTTP Request: GET /users - Status: 304 - Duration: 15ms - IP: ::1","timestamp":"2026-06-19 03:27:47"}
{"level":"info","message":"HTTP Request: GET /stats - Status: 304 - Duration: 10ms - IP: ::1","timestamp":"2026-06-19 03:27:47"}
{"level":"info","message":"HTTP Request: GET /listings - Status: 304 - Duration: 14ms - IP: ::1","timestamp":"2026-06-19 03:27:47"}
{"level":"info","message":"HTTP Request: GET /users - Status: 304 - Duration: 16ms - IP: ::1","timestamp":"2026-06-19 03:27:47"}
{"level":"info","message":"HTTP Request: GET /stats - Status: 304 - Duration: 12ms - IP: ::1","timestamp":"2026-06-19 03:27:47"}
{"level":"info","message":"HTTP Request: GET /listings - Status: 304 - Duration: 13ms - IP: ::1","timestamp":"2026-06-19 03:27:47"}
{"level":"info","message":"HTTP Request: GET /users - Status: 304 - Duration: 16ms - IP: ::1","timestamp":"2026-06-19 03:27:47"}
{"level":"info","message":"HTTP Request: GET /stats - Status: 304 - Duration: 12ms - IP: ::1","timestamp":"2026-06-19 03:27:47"}
{"level":"info","message":"HTTP Request: GET /listings - Status: 304 - Duration: 22ms - IP: ::1","timestamp":"2026-06-19 03:27:47"}
{"level":"info","message":"HTTP Request: GET /stats - Status: 304 - Duration: 11ms - IP: ::1","timestamp":"2026-06-19 03:27:47"}
{"level":"info","message":"HTTP Request: GET /users - Status: 304 - Duration: 22ms - IP: ::1","timestamp":"2026-06-19 03:27:47"}
{"level":"info","message":"HTTP Request: GET /listings - Status: 304 - Duration: 18ms - IP: ::1","timestamp":"2026-06-19 03:27:47"}
{"level":"info","message":"HTTP Request: GET /users - Status: 304 - Duration: 16ms - IP: ::1","timestamp":"2026-06-19 03:27:47"}
{"level":"info","message":"HTTP Request: GET /stats - Status: 304 - Duration: 12ms - IP: ::1","timestamp":"2026-06-19 03:27:47"}
{"level":"info","message":"HTTP Request: GET /listings - Status: 304 - Duration: 13ms - IP: ::1","timestamp":"2026-06-19 03:27:47"}
{"level":"info","message":"HTTP Request: GET /users - Status: 304 - Duration: 23ms - IP: ::1","timestamp":"2026-06-19 03:27:47"}
{"level":"info","message":"HTTP Request: GET /stats - Status: 304 - Duration: 14ms - IP: ::1","timestamp":"2026-06-19 03:27:47"}
{"level":"info","message":"HTTP Request: GET /listings - Status: 304 - Duration: 13ms - IP: ::1","timestamp":"2026-06-19 03:27:47"}
{"level":"info","message":"HTTP Request: GET /users - Status: 304 - Duration: 12ms - IP: ::1","timestamp":"2026-06-19 03:27:47"}
{"level":"info","message":"HTTP Request: GET /stats - Status: 304 - Duration: 11ms - IP: ::1","timestamp":"2026-06-19 03:27:47"}
{"level":"info","message":"HTTP Request: GET /listings - Status: 304 - Duration: 20ms - IP: ::1","timestamp":"2026-06-19 03:27:47"}
{"level":"info","message":"HTTP Request: GET /users - Status: 304 - Duration: 17ms - IP: ::1","timestamp":"2026-06-19 03:27:47"}
{"level":"info","message":"HTTP Request: GET /stats - Status: 304 - Duration: 12ms - IP: ::1","timestamp":"2026-06-19 03:27:47"}
{"level":"info","message":"HTTP Request: GET /listings - Status: 304 - Duration: 15ms - IP: ::1","timestamp":"2026-06-19 03:27:47"}
{"level":"info","message":"HTTP Request: GET /users - Status: 304 - Duration: 20ms - IP: ::1","timestamp":"2026-06-19 03:27:47"}
{"level":"info","message":"HTTP Request: GET /stats - Status: 304 - Duration: 14ms - IP: ::1","timestamp":"2026-06-19 03:27:47"}
{"level":"info","message":"HTTP Request: GET /listings - Status: 304 - Duration: 14ms - IP: ::1","timestamp":"2026-06-19 03:27:47"}
{"level":"info","message":"HTTP Request: GET /users - Status: 304 - Duration: 12ms - IP: ::1","timestamp":"2026-06-19 03:27:47"}
{"level":"info","message":"HTTP Request: GET /stats - Status: 304 - Duration: 14ms - IP: ::1","timestamp":"2026-06-19 03:27:47"}
{"level":"info","message":"HTTP Request: GET /listings - Status: 304 - Duration: 17ms - IP: ::1","timestamp":"2026-06-19 03:27:47"}
{"level":"info","message":"HTTP Request: GET /users - Status: 304 - Duration: 13ms - IP: ::1","timestamp":"2026-06-19 03:27:47"}
{"level":"info","message":"HTTP Request: GET /stats - Status: 304 - Duration: 11ms - IP: ::1","timestamp":"2026-06-19 03:27:47"}
{"level":"info","message":"HTTP Request: GET /users - Status: 304 - Duration: 14ms - IP: ::1","timestamp":"2026-06-19 03:27:47"}
{"level":"info","message":"HTTP Request: GET /listings - Status: 304 - Duration: 18ms - IP: ::1","timestamp":"2026-06-19 03:27:47"}
{"level":"info","message":"HTTP Request: GET /stats - Status: 304 - Duration: 13ms - IP: ::1","timestamp":"2026-06-19 03:27:47"}
{"level":"info","message":"HTTP Request: GET /users - Status: 304 - Duration: 16ms - IP: ::1","timestamp":"2026-06-19 03:27:47"}
{"level":"info","message":"HTTP Request: GET /listings - Status: 304 - Duration: 14ms - IP: ::1","timestamp":"2026-06-19 03:27:47"}
{"level":"info","message":"HTTP Request: GET /stats - Status: 304 - Duration: 14ms - IP: ::1","timestamp":"2026-06-19 03:27:47"}
{"level":"info","message":"HTTP Request: GET /users - Status: 304 - Duration: 22ms - IP: ::1","timestamp":"2026-06-19 03:27:47"}
{"level":"info","message":"HTTP Request: GET /listings - Status: 304 - Duration: 17ms - IP: ::1","timestamp":"2026-06-19 03:27:47"}
{"level":"info","message":"HTTP Request: GET /stats - Status: 304 - Duration: 13ms - IP: ::1","timestamp":"2026-06-19 03:27:47"}
{"level":"info","message":"HTTP Request: GET /users - Status: 304 - Duration: 13ms - IP: ::1","timestamp":"2026-06-19 03:27:47"}
{"level":"info","message":"HTTP Request: GET /listings - Status: 304 - Duration: 12ms - IP: ::1","timestamp":"2026-06-19 03:27:47"}
{"level":"info","message":"HTTP Request: GET /stats - Status: 304 - Duration: 14ms - IP: ::1","timestamp":"2026-06-19 03:27:47"}
{"level":"info","message":"HTTP Request: GET /users - Status: 304 - Duration: 23ms - IP: ::1","timestamp":"2026-06-19 03:27:47"}
{"level":"info","message":"HTTP Request: GET /stats - Status: 304 - Duration: 13ms - IP: ::1","timestamp":"2026-06-19 03:27:47"}
{"level":"info","message":"HTTP Request: GET /listings - Status: 304 - Duration: 26ms - IP: ::1","timestamp":"2026-06-19 03:27:47"}
{"level":"info","message":"HTTP Request: GET /users - Status: 304 - Duration: 39ms - IP: ::1","timestamp":"2026-06-19 03:27:48"}
{"level":"info","message":"HTTP Request: GET /stats - Status: 304 - Duration: 30ms - IP: ::1","timestamp":"2026-06-19 03:27:48"}
{"level":"info","message":"HTTP Request: GET /listings - Status: 304 - Duration: 65ms - IP: ::1","timestamp":"2026-06-19 03:27:48"}
{"level":"info","message":"HTTP Request: GET /users - Status: 304 - Duration: 36ms - IP: ::1","timestamp":"2026-06-19 03:27:48"}
{"level":"info","message":"HTTP Request: GET /stats - Status: 304 - Duration: 20ms - IP: ::1","timestamp":"2026-06-19 03:27:48"}
{"level":"info","message":"HTTP Request: GET /listings - Status: 304 - Duration: 34ms - IP: ::1","timestamp":"2026-06-19 03:27:48"}
{"level":"info","message":"HTTP Request: GET /users - Status: 304 - Duration: 26ms - IP: ::1","timestamp":"2026-06-19 03:27:48"}
{"level":"info","message":"HTTP Request: GET /stats - Status: 304 - Duration: 17ms - IP: ::1","timestamp":"2026-06-19 03:27:48"}
{"level":"info","message":"HTTP Request: GET /listings - Status: 304 - Duration: 35ms - IP: ::1","timestamp":"2026-06-19 03:27:48"}
{"level":"info","message":"HTTP Request: GET /users - Status: 304 - Duration: 24ms - IP: ::1","timestamp":"2026-06-19 03:27:48"}
{"level":"info","message":"HTTP Request: GET /listings - Status: 304 - Duration: 23ms - IP: ::1","timestamp":"2026-06-19 03:27:48"}
{"level":"info","message":"HTTP Request: GET /stats - Status: 304 - Duration: 17ms - IP: ::1","timestamp":"2026-06-19 03:27:48"}
{"level":"info","message":"HTTP Request: GET /stats - Status: 304 - Duration: 12ms - IP: ::1","timestamp":"2026-06-19 03:27:48"}
{"level":"info","message":"HTTP Request: GET /users - Status: 304 - Duration: 26ms - IP: ::1","timestamp":"2026-06-19 03:27:48"}
{"level":"info","message":"HTTP Request: GET /listings - Status: 304 - Duration: 25ms - IP: ::1","timestamp":"2026-06-19 03:27:48"}
{"level":"info","message":"HTTP Request: GET /users - Status: 304 - Duration: 11ms - IP: ::1","timestamp":"2026-06-19 03:27:48"}
{"level":"info","message":"HTTP Request: GET /listings - Status: 304 - Duration: 10ms - IP: ::1","timestamp":"2026-06-19 03:27:48"}
{"level":"info","message":"HTTP Request: GET /stats - Status: 304 - Duration: 14ms - IP: ::1","timestamp":"2026-06-19 03:27:48"}
{"level":"info","message":"HTTP Request: GET /listings - Status: 304 - Duration: 19ms - IP: ::1","timestamp":"2026-06-19 03:27:48"}
{"level":"info","message":"HTTP Request: GET /users - Status: 304 - Duration: 27ms - IP: ::1","timestamp":"2026-06-19 03:27:48"}
{"level":"info","message":"HTTP Request: GET /stats - Status: 304 - Duration: 12ms - IP: ::1","timestamp":"2026-06-19 03:27:48"}
{"level":"info","message":"HTTP Request: GET /users - Status: 304 - Duration: 17ms - IP: ::1","timestamp":"2026-06-19 03:27:48"}
{"level":"info","message":"HTTP Request: GET /listings - Status: 304 - Duration: 13ms - IP: ::1","timestamp":"2026-06-19 03:27:48"}
{"level":"info","message":"HTTP Request: GET /stats - Status: 304 - Duration: 13ms - IP: ::1","timestamp":"2026-06-19 03:27:48"}
{"level":"info","message":"HTTP Request: GET /users - Status: 304 - Duration: 20ms - IP: ::1","timestamp":"2026-06-19 03:27:48"}
{"level":"info","message":"HTTP Request: GET /listings - Status: 304 - Duration: 20ms - IP: ::1","timestamp":"2026-06-19 03:27:48"}
{"level":"info","message":"HTTP Request: GET /stats - Status: 304 - Duration: 17ms - IP: ::1","timestamp":"2026-06-19 03:27:48"}
{"level":"info","message":"HTTP Request: GET /listings - Status: 304 - Duration: 10ms - IP: ::1","timestamp":"2026-06-19 03:27:48"}
{"level":"info","message":"HTTP Request: GET /users - Status: 304 - Duration: 15ms - IP: ::1","timestamp":"2026-06-19 03:27:48"}
{"level":"info","message":"HTTP Request: GET /stats - Status: 304 - Duration: 12ms - IP: ::1","timestamp":"2026-06-19 03:27:48"}
{"level":"info","message":"HTTP Request: GET /users - Status: 304 - Duration: 21ms - IP: ::1","timestamp":"2026-06-19 03:27:48"}
{"level":"info","message":"HTTP Request: GET /listings - Status: 304 - Duration: 20ms - IP: ::1","timestamp":"2026-06-19 03:27:48"}
{"level":"info","message":"HTTP Request: GET /stats - Status: 304 - Duration: 21ms - IP: ::1","timestamp":"2026-06-19 03:27:48"}
{"level":"info","message":"HTTP Request: GET /users - Status: 304 - Duration: 21ms - IP: ::1","timestamp":"2026-06-19 03:27:48"}
{"level":"info","message":"HTTP Request: GET /listings - Status: 304 - Duration: 20ms - IP: ::1","timestamp":"2026-06-19 03:27:48"}
{"level":"info","message":"HTTP Request: GET /stats - Status: 304 - Duration: 10ms - IP: ::1","timestamp":"2026-06-19 03:27:48"}
{"level":"info","message":"HTTP Request: GET /users - Status: 304 - Duration: 18ms - IP: ::1","timestamp":"2026-06-19 03:27:48"}
{"level":"info","message":"HTTP Request: GET /listings - Status: 304 - Duration: 19ms - IP: ::1","timestamp":"2026-06-19 03:27:48"}
{"level":"info","message":"HTTP Request: GET /stats - Status: 304 - Duration: 12ms - IP: ::1","timestamp":"2026-06-19 03:27:48"}
{"level":"info","message":"HTTP Request: GET /listings - Status: 304 - Duration: 13ms - IP: ::1","timestamp":"2026-06-19 03:27:48"}
{"level":"info","message":"HTTP Request: GET /users - Status: 304 - Duration: 15ms - IP: ::1","timestamp":"2026-06-19 03:27:48"}
{"level":"info","message":"HTTP Request: GET /stats - Status: 304 - Duration: 12ms - IP: ::1","timestamp":"2026-06-19 03:27:48"}
{"level":"info","message":"HTTP Request: GET /listings - Status: 304 - Duration: 15ms - IP: ::1","timestamp":"2026-06-19 03:27:48"}
{"level":"info","message":"HTTP Request: GET /users - Status: 304 - Duration: 12ms - IP: ::1","timestamp":"2026-06-19 03:27:48"}
{"level":"info","message":"HTTP Request: GET /stats - Status: 304 - Duration: 16ms - IP: ::1","timestamp":"2026-06-19 03:27:48"}
{"level":"info","message":"HTTP Request: GET /users - Status: 304 - Duration: 20ms - IP: ::1","timestamp":"2026-06-19 03:27:48"}
{"level":"info","message":"HTTP Request: GET /listings - Status: 304 - Duration: 24ms - IP: ::1","timestamp":"2026-06-19 03:27:48"}
{"level":"info","message":"HTTP Request: GET /stats - Status: 304 - Duration: 14ms - IP: ::1","timestamp":"2026-06-19 03:27:48"}
{"level":"info","message":"HTTP Request: GET /users - Status: 304 - Duration: 17ms - IP: ::1","timestamp":"2026-06-19 03:27:48"}
{"level":"info","message":"HTTP Request: GET /listings - Status: 304 - Duration: 11ms - IP: ::1","timestamp":"2026-06-19 03:27:48"}
{"level":"info","message":"HTTP Request: GET /stats - Status: 304 - Duration: 11ms - IP: ::1","timestamp":"2026-06-19 03:27:48"}
{"level":"info","message":"HTTP Request: GET /listings - Status: 304 - Duration: 16ms - IP: ::1","timestamp":"2026-06-19 03:27:48"}
{"level":"info","message":"HTTP Request: GET /users - Status: 304 - Duration: 23ms - IP: ::1","timestamp":"2026-06-19 03:27:48"}
{"level":"info","message":"HTTP Request: GET /stats - Status: 304 - Duration: 24ms - IP: ::1","timestamp":"2026-06-19 03:27:48"}
{"level":"info","message":"HTTP Request: GET /listings - Status: 304 - Duration: 13ms - IP: ::1","timestamp":"2026-06-19 03:27:48"}
{"level":"info","message":"HTTP Request: GET /users - Status: 304 - Duration: 13ms - IP: ::1","timestamp":"2026-06-19 03:27:48"}
{"level":"info","message":"HTTP Request: GET /stats - Status: 304 - Duration: 10ms - IP: ::1","timestamp":"2026-06-19 03:27:48"}
{"level":"info","message":"HTTP Request: GET /listings - Status: 304 - Duration: 16ms - IP: ::1","timestamp":"2026-06-19 03:27:48"}
{"level":"info","message":"HTTP Request: GET /users - Status: 304 - Duration: 17ms - IP: ::1","timestamp":"2026-06-19 03:27:48"}
{"level":"info","message":"HTTP Request: GET /stats - Status: 304 - Duration: 13ms - IP: ::1","timestamp":"2026-06-19 03:27:48"}
{"level":"info","message":"HTTP Request: GET /listings - Status: 304 - Duration: 17ms - IP: ::1","timestamp":"2026-06-19 03:27:48"}
{"level":"info","message":"HTTP Request: GET /users - Status: 304 - Duration: 19ms - IP: ::1","timestamp":"2026-06-19 03:27:48"}
{"level":"info","message":"HTTP Request: GET /stats - Status: 304 - Duration: 12ms - IP: ::1","timestamp":"2026-06-19 03:27:48"}
{"level":"info","message":"HTTP Request: GET /listings - Status: 304 - Duration: 14ms - IP: ::1","timestamp":"2026-06-19 03:27:48"}
{"level":"info","message":"HTTP Request: GET /users - Status: 304 - Duration: 16ms - IP: ::1","timestamp":"2026-06-19 03:27:48"}
{"level":"info","message":"HTTP Request: GET /stats - Status: 304 - Duration: 13ms - IP: ::1","timestamp":"2026-06-19 03:27:48"}
{"level":"info","message":"HTTP Request: GET /listings - Status: 304 - Duration: 14ms - IP: ::1","timestamp":"2026-06-19 03:27:48"}
{"level":"info","message":"HTTP Request: GET /users - Status: 304 - Duration: 13ms - IP: ::1","timestamp":"2026-06-19 03:27:48"}
{"level":"info","message":"HTTP Request: GET /stats - Status: 304 - Duration: 12ms - IP: ::1","timestamp":"2026-06-19 03:27:48"}
{"level":"info","message":"HTTP Request: GET /listings - Status: 304 - Duration: 18ms - IP: ::1","timestamp":"2026-06-19 03:27:48"}
{"level":"info","message":"HTTP Request: GET /users - Status: 304 - Duration: 16ms - IP: ::1","timestamp":"2026-06-19 03:27:48"}
{"level":"info","message":"HTTP Request: GET /stats - Status: 304 - Duration: 12ms - IP: ::1","timestamp":"2026-06-19 03:27:48"}
{"level":"info","message":"HTTP Request: GET /listings - Status: 304 - Duration: 20ms - IP: ::1","timestamp":"2026-06-19 03:27:48"}
{"level":"info","message":"HTTP Request: GET /users - Status: 304 - Duration: 16ms - IP: ::1","timestamp":"2026-06-19 03:27:48"}
{"level":"info","message":"HTTP Request: GET /stats - Status: 304 - Duration: 13ms - IP: ::1","timestamp":"2026-06-19 03:27:48"}
{"level":"info","message":"HTTP Request: GET /listings - Status: 304 - Duration: 24ms - IP: ::1","timestamp":"2026-06-19 03:27:48"}
{"level":"info","message":"HTTP Request: GET /users - Status: 304 - Duration: 21ms - IP: ::1","timestamp":"2026-06-19 03:27:48"}
{"level":"info","message":"HTTP Request: GET /stats - Status: 304 - Duration: 12ms - IP: ::1","timestamp":"2026-06-19 03:27:48"}
{"level":"info","message":"HTTP Request: GET /listings - Status: 304 - Duration: 14ms - IP: ::1","timestamp":"2026-06-19 03:27:48"}
{"level":"info","message":"HTTP Request: GET /users - Status: 304 - Duration: 15ms - IP: ::1","timestamp":"2026-06-19 03:27:48"}
{"level":"info","message":"HTTP Request: GET /stats - Status: 304 - Duration: 14ms - IP: ::1","timestamp":"2026-06-19 03:27:48"}
{"level":"info","message":"HTTP Request: GET /listings - Status: 304 - Duration: 23ms - IP: ::1","timestamp":"2026-06-19 03:27:48"}
{"level":"info","message":"HTTP Request: GET /users - Status: 304 - Duration: 17ms - IP: ::1","timestamp":"2026-06-19 03:27:48"}
{"level":"info","message":"HTTP Request: GET /stats - Status: 304 - Duration: 14ms - IP: ::1","timestamp":"2026-06-19 03:27:48"}
{"level":"info","message":"HTTP Request: GET /users - Status: 304 - Duration: 17ms - IP: ::1","timestamp":"2026-06-19 03:27:48"}
{"level":"info","message":"HTTP Request: GET /listings - Status: 304 - Duration: 16ms - IP: ::1","timestamp":"2026-06-19 03:27:48"}
{"level":"info","message":"HTTP Request: GET /stats - Status: 304 - Duration: 13ms - IP: ::1","timestamp":"2026-06-19 03:27:48"}
{"level":"info","message":"HTTP Request: GET /listings - Status: 304 - Duration: 20ms - IP: ::1","timestamp":"2026-06-19 03:27:48"}
{"level":"info","message":"HTTP Request: GET /users - Status: 304 - Duration: 29ms - IP: ::1","timestamp":"2026-06-19 03:27:48"}
{"level":"info","message":"HTTP Request: GET /stats - Status: 304 - Duration: 14ms - IP: ::1","timestamp":"2026-06-19 03:27:48"}
{"level":"info","message":"HTTP Request: GET /listings - Status: 304 - Duration: 12ms - IP: ::1","timestamp":"2026-06-19 03:27:48"}
{"level":"info","message":"HTTP Request: GET /users - Status: 304 - Duration: 12ms - IP: ::1","timestamp":"2026-06-19 03:27:48"}
{"level":"info","message":"HTTP Request: GET /stats - Status: 304 - Duration: 12ms - IP: ::1","timestamp":"2026-06-19 03:27:49"}
{"level":"info","message":"HTTP Request: GET /users - Status: 304 - Duration: 26ms - IP: ::1","timestamp":"2026-06-19 03:27:49"}
{"level":"info","message":"HTTP Request: GET /listings - Status: 304 - Duration: 23ms - IP: ::1","timestamp":"2026-06-19 03:27:49"}
{"level":"info","message":"HTTP Request: GET /stats - Status: 304 - Duration: 16ms - IP: ::1","timestamp":"2026-06-19 03:27:49"}
{"level":"info","message":"HTTP Request: GET /listings - Status: 304 - Duration: 13ms - IP: ::1","timestamp":"2026-06-19 03:27:49"}
{"level":"info","message":"HTTP Request: GET /users - Status: 304 - Duration: 16ms - IP: ::1","timestamp":"2026-06-19 03:27:49"}
{"level":"info","message":"HTTP Request: GET /stats - Status: 304 - Duration: 14ms - IP: ::1","timestamp":"2026-06-19 03:27:49"}
{"level":"info","message":"HTTP Request: GET /users - Status: 304 - Duration: 25ms - IP: ::1","timestamp":"2026-06-19 03:27:49"}
{"level":"info","message":"HTTP Request: GET /listings - Status: 304 - Duration: 23ms - IP: ::1","timestamp":"2026-06-19 03:27:49"}
{"level":"info","message":"HTTP Request: GET /stats - Status: 304 - Duration: 14ms - IP: ::1","timestamp":"2026-06-19 03:27:49"}
{"level":"info","message":"HTTP Request: GET /users - Status: 304 - Duration: 14ms - IP: ::1","timestamp":"2026-06-19 03:27:49"}
{"level":"info","message":"HTTP Request: GET /listings - Status: 304 - Duration: 12ms - IP: ::1","timestamp":"2026-06-19 03:27:49"}
{"level":"info","message":"HTTP Request: GET /stats - Status: 304 - Duration: 14ms - IP: ::1","timestamp":"2026-06-19 03:27:49"}
{"level":"info","message":"HTTP Request: GET /users - Status: 304 - Duration: 25ms - IP: ::1","timestamp":"2026-06-19 03:27:49"}
{"level":"info","message":"HTTP Request: GET /listings - Status: 304 - Duration: 22ms - IP: ::1","timestamp":"2026-06-19 03:27:49"}
{"level":"info","message":"HTTP Request: GET /stats - Status: 304 - Duration: 14ms - IP: ::1","timestamp":"2026-06-19 03:27:49"}
{"level":"info","message":"HTTP Request: GET /users - Status: 304 - Duration: 14ms - IP: ::1","timestamp":"2026-06-19 03:27:49"}
{"level":"info","message":"HTTP Request: GET /listings - Status: 304 - Duration: 13ms - IP: ::1","timestamp":"2026-06-19 03:27:49"}
{"level":"info","message":"HTTP Request: GET /stats - Status: 304 - Duration: 11ms - IP: ::1","timestamp":"2026-06-19 03:27:49"}
{"level":"info","message":"HTTP Request: GET /users - Status: 304 - Duration: 18ms - IP: ::1","timestamp":"2026-06-19 03:27:49"}
{"level":"info","message":"HTTP Request: GET /listings - Status: 304 - Duration: 13ms - IP: ::1","timestamp":"2026-06-19 03:27:49"}
{"level":"info","message":"HTTP Request: GET /stats - Status: 304 - Duration: 11ms - IP: ::1","timestamp":"2026-06-19 03:27:49"}
{"level":"info","message":"HTTP Request: GET /users - Status: 304 - Duration: 16ms - IP: ::1","timestamp":"2026-06-19 03:27:49"}
{"level":"info","message":"HTTP Request: GET /listings - Status: 304 - Duration: 13ms - IP: ::1","timestamp":"2026-06-19 03:27:49"}
{"level":"info","message":"HTTP Request: GET /stats - Status: 304 - Duration: 14ms - IP: ::1","timestamp":"2026-06-19 03:27:49"}
{"level":"info","message":"HTTP Request: GET /users - Status: 304 - Duration: 17ms - IP: ::1","timestamp":"2026-06-19 03:27:49"}
{"level":"info","message":"HTTP Request: GET /listings - Status: 304 - Duration: 14ms - IP: ::1","timestamp":"2026-06-19 03:27:49"}
{"level":"info","message":"HTTP Request: GET /stats - Status: 304 - Duration: 14ms - IP: ::1","timestamp":"2026-06-19 03:27:49"}
{"level":"info","message":"HTTP Request: GET /listings - Status: 304 - Duration: 16ms - IP: ::1","timestamp":"2026-06-19 03:27:49"}
{"level":"info","message":"HTTP Request: GET /users - Status: 304 - Duration: 24ms - IP: ::1","timestamp":"2026-06-19 03:27:49"}
{"level":"info","message":"HTTP Request: GET /stats - Status: 304 - Duration: 14ms - IP: ::1","timestamp":"2026-06-19 03:27:49"}
{"level":"info","message":"HTTP Request: GET /users - Status: 304 - Duration: 13ms - IP: ::1","timestamp":"2026-06-19 03:27:49"}
{"level":"info","message":"HTTP Request: GET /listings - Status: 304 - Duration: 12ms - IP: ::1","timestamp":"2026-06-19 03:27:49"}
{"level":"info","message":"HTTP Request: GET /stats - Status: 304 - Duration: 12ms - IP: ::1","timestamp":"2026-06-19 03:27:49"}
{"level":"info","message":"HTTP Request: GET /users - Status: 304 - Duration: 16ms - IP: ::1","timestamp":"2026-06-19 03:27:49"}
{"level":"info","message":"HTTP Request: GET /listings - Status: 304 - Duration: 16ms - IP: ::1","timestamp":"2026-06-19 03:27:49"}
{"level":"info","message":"HTTP Request: GET /stats - Status: 304 - Duration: 15ms - IP: ::1","timestamp":"2026-06-19 03:27:49"}
{"level":"info","message":"HTTP Request: GET /users - Status: 304 - Duration: 16ms - IP: ::1","timestamp":"2026-06-19 03:27:49"}
{"level":"info","message":"HTTP Request: GET /listings - Status: 304 - Duration: 11ms - IP: ::1","timestamp":"2026-06-19 03:27:49"}
{"level":"info","message":"HTTP Request: GET /stats - Status: 304 - Duration: 12ms - IP: ::1","timestamp":"2026-06-19 03:27:49"}
{"level":"info","message":"HTTP Request: GET /listings - Status: 304 - Duration: 12ms - IP: ::1","timestamp":"2026-06-19 03:27:49"}
{"level":"info","message":"HTTP Request: GET /users - Status: 304 - Duration: 13ms - IP: ::1","timestamp":"2026-06-19 03:27:49"}
{"level":"info","message":"HTTP Request: GET /stats - Status: 304 - Duration: 11ms - IP: ::1","timestamp":"2026-06-19 03:27:49"}
{"level":"info","message":"HTTP Request: GET /users - Status: 304 - Duration: 17ms - IP: ::1","timestamp":"2026-06-19 03:27:49"}
{"level":"info","message":"HTTP Request: GET /listings - Status: 304 - Duration: 30ms - IP: ::1","timestamp":"2026-06-19 03:27:49"}
{"level":"info","message":"HTTP Request: GET /stats - Status: 304 - Duration: 18ms - IP: ::1","timestamp":"2026-06-19 03:27:49"}
{"level":"info","message":"HTTP Request: GET /users - Status: 304 - Duration: 22ms - IP: ::1","timestamp":"2026-06-19 03:27:49"}
{"level":"info","message":"HTTP Request: GET /?status=Pending - Status: 304 - Duration: 23ms - IP: ::1","timestamp":"2026-06-19 03:27:49"}
{"level":"info","message":"HTTP Request: GET /listings - Status: 304 - Duration: 23ms - IP: ::1","timestamp":"2026-06-19 03:27:49"}
{"level":"info","message":"HTTP Request: GET /stats - Status: 304 - Duration: 28ms - IP: ::1","timestamp":"2026-06-19 03:27:49"}
{"level":"info","message":"HTTP Request: GET /users - Status: 304 - Duration: 22ms - IP: ::1","timestamp":"2026-06-19 03:27:49"}
{"level":"info","message":"HTTP Request: GET /stats - Status: 304 - Duration: 14ms - IP: ::1","timestamp":"2026-06-19 03:27:49"}
{"level":"info","message":"HTTP Request: GET /listings - Status: 304 - Duration: 23ms - IP: ::1","timestamp":"2026-06-19 03:27:49"}
{"level":"info","message":"HTTP Request: GET /stats - Status: 304 - Duration: 11ms - IP: ::1","timestamp":"2026-06-19 03:27:49"}
{"level":"info","message":"HTTP Request: GET /users - Status: 304 - Duration: 22ms - IP: ::1","timestamp":"2026-06-19 03:27:49"}
{"level":"info","message":"HTTP Request: GET /listings - Status: 304 - Duration: 17ms - IP: ::1","timestamp":"2026-06-19 03:27:49"}
{"level":"info","message":"HTTP Request: GET /users - Status: 304 - Duration: 15ms - IP: ::1","timestamp":"2026-06-19 03:27:49"}
{"level":"info","message":"HTTP Request: GET /listings - Status: 304 - Duration: 21ms - IP: ::1","timestamp":"2026-06-19 03:27:49"}
{"level":"info","message":"HTTP Request: GET /stats - Status: 304 - Duration: 23ms - IP: ::1","timestamp":"2026-06-19 03:27:49"}
{"level":"info","message":"HTTP Request: GET /users - Status: 304 - Duration: 26ms - IP: ::1","timestamp":"2026-06-19 03:27:49"}
{"level":"info","message":"HTTP Request: GET /stats - Status: 304 - Duration: 17ms - IP: ::1","timestamp":"2026-06-19 03:27:49"}
{"level":"info","message":"HTTP Request: GET /listings - Status: 304 - Duration: 26ms - IP: ::1","timestamp":"2026-06-19 03:27:49"}
{"level":"info","message":"HTTP Request: GET /stats - Status: 304 - Duration: 14ms - IP: ::1","timestamp":"2026-06-19 03:27:49"}
{"level":"info","message":"HTTP Request: GET /users - Status: 304 - Duration: 34ms - IP: ::1","timestamp":"2026-06-19 03:27:49"}
{"level":"info","message":"HTTP Request: GET /listings - Status: 304 - Duration: 28ms - IP: ::1","timestamp":"2026-06-19 03:27:49"}
{"level":"info","message":"HTTP Request: GET /stats - Status: 304 - Duration: 24ms - IP: ::1","timestamp":"2026-06-19 03:27:49"}
{"level":"info","message":"HTTP Request: GET /users - Status: 304 - Duration: 21ms - IP: ::1","timestamp":"2026-06-19 03:27:49"}
{"level":"info","message":"HTTP Request: GET /listings - Status: 304 - Duration: 23ms - IP: ::1","timestamp":"2026-06-19 03:27:49"}
{"level":"info","message":"HTTP Request: GET /stats - Status: 304 - Duration: 13ms - IP: ::1","timestamp":"2026-06-19 03:27:49"}
{"level":"info","message":"HTTP Request: GET /listings - Status: 304 - Duration: 11ms - IP: ::1","timestamp":"2026-06-19 03:27:49"}
{"level":"info","message":"HTTP Request: GET /users - Status: 304 - Duration: 15ms - IP: ::1","timestamp":"2026-06-19 03:27:49"}
{"level":"info","message":"HTTP Request: GET /stats - Status: 304 - Duration: 14ms - IP: ::1","timestamp":"2026-06-19 03:27:49"}
{"level":"info","message":"HTTP Request: GET /listings - Status: 304 - Duration: 15ms - IP: ::1","timestamp":"2026-06-19 03:27:49"}
{"level":"info","message":"HTTP Request: GET /users - Status: 304 - Duration: 19ms - IP: ::1","timestamp":"2026-06-19 03:27:49"}
{"level":"info","message":"HTTP Request: GET /stats - Status: 304 - Duration: 13ms - IP: ::1","timestamp":"2026-06-19 03:27:49"}
{"level":"info","message":"HTTP Request: GET /listings - Status: 304 - Duration: 13ms - IP: ::1","timestamp":"2026-06-19 03:27:49"}
{"level":"info","message":"HTTP Request: GET /users - Status: 304 - Duration: 18ms - IP: ::1","timestamp":"2026-06-19 03:27:49"}
{"level":"info","message":"HTTP Request: GET /stats - Status: 304 - Duration: 15ms - IP: ::1","timestamp":"2026-06-19 03:27:49"}
{"level":"info","message":"HTTP Request: GET /listings - Status: 304 - Duration: 15ms - IP: ::1","timestamp":"2026-06-19 03:27:49"}
{"level":"info","message":"HTTP Request: GET /users - Status: 304 - Duration: 13ms - IP: ::1","timestamp":"2026-06-19 03:27:49"}
{"level":"info","message":"HTTP Request: GET /stats - Status: 304 - Duration: 13ms - IP: ::1","timestamp":"2026-06-19 03:27:49"}
{"level":"info","message":"HTTP Request: GET /listings - Status: 304 - Duration: 14ms - IP: ::1","timestamp":"2026-06-19 03:27:49"}
{"level":"info","message":"HTTP Request: GET /users - Status: 304 - Duration: 20ms - IP: ::1","timestamp":"2026-06-19 03:27:49"}
{"level":"info","message":"HTTP Request: GET /stats - Status: 304 - Duration: 14ms - IP: ::1","timestamp":"2026-06-19 03:27:49"}
{"level":"info","message":"HTTP Request: GET /listings - Status: 304 - Duration: 12ms - IP: ::1","timestamp":"2026-06-19 03:27:49"}
{"level":"info","message":"HTTP Request: GET /users - Status: 304 - Duration: 12ms - IP: ::1","timestamp":"2026-06-19 03:27:49"}
{"level":"info","message":"HTTP Request: GET /stats - Status: 304 - Duration: 12ms - IP: ::1","timestamp":"2026-06-19 03:27:49"}
{"level":"info","message":"HTTP Request: GET /listings - Status: 304 - Duration: 16ms - IP: ::1","timestamp":"2026-06-19 03:27:49"}
{"level":"info","message":"HTTP Request: GET /users - Status: 304 - Duration: 19ms - IP: ::1","timestamp":"2026-06-19 03:27:49"}
{"level":"info","message":"HTTP Request: GET /stats - Status: 304 - Duration: 15ms - IP: ::1","timestamp":"2026-06-19 03:27:49"}
{"level":"info","message":"HTTP Request: GET /listings - Status: 304 - Duration: 16ms - IP: ::1","timestamp":"2026-06-19 03:27:49"}
{"level":"info","message":"HTTP Request: GET /notifications/broadcasts - Status: 200 - Duration: 18ms - IP: ::1","timestamp":"2026-06-19 03:27:49"}
{"level":"info","message":"HTTP Request: GET /stats - Status: 304 - Duration: 20ms - IP: ::1","timestamp":"2026-06-19 03:27:49"}
{"level":"info","message":"HTTP Request: GET /users - Status: 304 - Duration: 29ms - IP: ::1","timestamp":"2026-06-19 03:27:49"}
{"level":"info","message":"HTTP Request: GET /notifications/broadcasts - Status: 304 - Duration: 12ms - IP: ::1","timestamp":"2026-06-19 03:27:49"}
{"level":"info","message":"HTTP Request: GET /listings - Status: 304 - Duration: 27ms - IP: ::1","timestamp":"2026-06-19 03:27:49"}
{"level":"info","message":"HTTP Request: GET /stats - Status: 304 - Duration: 29ms - IP: ::1","timestamp":"2026-06-19 03:27:50"}
{"level":"info","message":"HTTP Request: GET /users - Status: 304 - Duration: 19ms - IP: ::1","timestamp":"2026-06-19 03:27:50"}
{"level":"info","message":"HTTP Request: GET /listings - Status: 304 - Duration: 14ms - IP: ::1","timestamp":"2026-06-19 03:27:50"}
{"level":"info","message":"HTTP Request: GET /stats - Status: 304 - Duration: 12ms - IP: ::1","timestamp":"2026-06-19 03:27:50"}
{"level":"info","message":"HTTP Request: GET /listings - Status: 304 - Duration: 16ms - IP: ::1","timestamp":"2026-06-19 03:27:50"}
{"level":"info","message":"HTTP Request: GET /users - Status: 304 - Duration: 20ms - IP: ::1","timestamp":"2026-06-19 03:27:50"}
{"level":"info","message":"HTTP Request: GET /stats - Status: 304 - Duration: 13ms - IP: ::1","timestamp":"2026-06-19 03:27:50"}
{"level":"info","message":"HTTP Request: GET /listings - Status: 304 - Duration: 22ms - IP: ::1","timestamp":"2026-06-19 03:27:50"}
{"level":"info","message":"HTTP Request: GET /users - Status: 304 - Duration: 21ms - IP: ::1","timestamp":"2026-06-19 03:27:50"}
{"level":"info","message":"HTTP Request: GET /stats - Status: 304 - Duration: 14ms - IP: ::1","timestamp":"2026-06-19 03:27:50"}
{"level":"info","message":"HTTP Request: GET /listings - Status: 304 - Duration: 17ms - IP: ::1","timestamp":"2026-06-19 03:27:50"}
{"level":"info","message":"HTTP Request: GET /users - Status: 304 - Duration: 20ms - IP: ::1","timestamp":"2026-06-19 03:27:50"}
{"level":"info","message":"HTTP Request: GET /stats - Status: 304 - Duration: 16ms - IP: ::1","timestamp":"2026-06-19 03:27:50"}
{"level":"info","message":"HTTP Request: GET /listings - Status: 304 - Duration: 18ms - IP: ::1","timestamp":"2026-06-19 03:27:50"}
{"level":"info","message":"HTTP Request: GET /users - Status: 304 - Duration: 18ms - IP: ::1","timestamp":"2026-06-19 03:27:50"}
{"level":"info","message":"HTTP Request: GET /stats - Status: 304 - Duration: 15ms - IP: ::1","timestamp":"2026-06-19 03:27:50"}
{"level":"info","message":"HTTP Request: GET /listings - Status: 304 - Duration: 15ms - IP: ::1","timestamp":"2026-06-19 03:27:50"}
{"level":"info","message":"HTTP Request: GET /users - Status: 304 - Duration: 16ms - IP: ::1","timestamp":"2026-06-19 03:27:50"}
{"level":"info","message":"HTTP Request: GET /stats - Status: 304 - Duration: 15ms - IP: ::1","timestamp":"2026-06-19 03:27:50"}
{"level":"info","message":"HTTP Request: GET /listings - Status: 304 - Duration: 18ms - IP: ::1","timestamp":"2026-06-19 03:27:50"}
{"level":"info","message":"HTTP Request: GET /users - Status: 304 - Duration: 12ms - IP: ::1","timestamp":"2026-06-19 03:27:50"}
{"level":"info","message":"HTTP Request: GET /stats - Status: 304 - Duration: 18ms - IP: ::1","timestamp":"2026-06-19 03:27:50"}
{"level":"info","message":"HTTP Request: GET /users - Status: 304 - Duration: 20ms - IP: ::1","timestamp":"2026-06-19 03:27:50"}
{"level":"info","message":"HTTP Request: GET /listings - Status: 304 - Duration: 28ms - IP: ::1","timestamp":"2026-06-19 03:27:50"}
{"level":"info","message":"HTTP Request: GET /stats - Status: 304 - Duration: 20ms - IP: ::1","timestamp":"2026-06-19 03:27:50"}
{"level":"info","message":"HTTP Request: GET /users - Status: 304 - Duration: 22ms - IP: ::1","timestamp":"2026-06-19 03:27:50"}
{"level":"info","message":"HTTP Request: GET /listings - Status: 304 - Duration: 20ms - IP: ::1","timestamp":"2026-06-19 03:27:50"}
{"level":"info","message":"HTTP Request: GET /stats - Status: 304 - Duration: 14ms - IP: ::1","timestamp":"2026-06-19 03:27:50"}
{"level":"info","message":"HTTP Request: GET /users - Status: 304 - Duration: 12ms - IP: ::1","timestamp":"2026-06-19 03:27:50"}
{"level":"info","message":"HTTP Request: GET /listings - Status: 304 - Duration: 12ms - IP: ::1","timestamp":"2026-06-19 03:27:50"}
{"level":"info","message":"HTTP Request: GET /stats - Status: 304 - Duration: 10ms - IP: ::1","timestamp":"2026-06-19 03:27:50"}
{"level":"info","message":"HTTP Request: GET /users - Status: 304 - Duration: 14ms - IP: ::1","timestamp":"2026-06-19 03:27:50"}
{"level":"info","message":"HTTP Request: GET /listings - Status: 304 - Duration: 16ms - IP: ::1","timestamp":"2026-06-19 03:27:50"}
{"level":"info","message":"HTTP Request: GET /stats - Status: 304 - Duration: 12ms - IP: ::1","timestamp":"2026-06-19 03:27:50"}
{"level":"info","message":"HTTP Request: GET /users - Status: 304 - Duration: 12ms - IP: ::1","timestamp":"2026-06-19 03:27:50"}
{"level":"info","message":"HTTP Request: GET /listings - Status: 304 - Duration: 13ms - IP: ::1","timestamp":"2026-06-19 03:27:50"}
{"level":"info","message":"HTTP Request: GET /stats - Status: 304 - Duration: 13ms - IP: ::1","timestamp":"2026-06-19 03:27:50"}
{"level":"info","message":"HTTP Request: GET /users - Status: 304 - Duration: 15ms - IP: ::1","timestamp":"2026-06-19 03:27:50"}
{"level":"info","message":"HTTP Request: GET /listings - Status: 304 - Duration: 15ms - IP: ::1","timestamp":"2026-06-19 03:27:50"}
{"level":"info","message":"HTTP Request: GET /stats - Status: 304 - Duration: 11ms - IP: ::1","timestamp":"2026-06-19 03:27:50"}
{"level":"info","message":"HTTP Request: GET /users - Status: 304 - Duration: 13ms - IP: ::1","timestamp":"2026-06-19 03:27:50"}
{"level":"info","message":"HTTP Request: GET /listings - Status: 304 - Duration: 13ms - IP: ::1","timestamp":"2026-06-19 03:27:50"}
{"level":"info","message":"HTTP Request: GET /listings - Status: 304 - Duration: 12ms - IP: ::1","timestamp":"2026-06-19 03:27:50"}
{"level":"info","message":"HTTP Request: GET /users - Status: 304 - Duration: 16ms - IP: ::1","timestamp":"2026-06-19 03:27:50"}
{"level":"info","message":"HTTP Request: GET /stats - Status: 304 - Duration: 29ms - IP: ::1","timestamp":"2026-06-19 03:27:50"}
{"level":"info","message":"HTTP Request: GET /stats - Status: 304 - Duration: 12ms - IP: ::1","timestamp":"2026-06-19 03:27:50"}
{"level":"info","message":"HTTP Request: GET /listings - Status: 304 - Duration: 22ms - IP: ::1","timestamp":"2026-06-19 03:27:50"}
{"level":"info","message":"HTTP Request: GET /users - Status: 304 - Duration: 22ms - IP: ::1","timestamp":"2026-06-19 03:27:50"}
{"level":"info","message":"HTTP Request: GET /stats - Status: 304 - Duration: 16ms - IP: ::1","timestamp":"2026-06-19 03:27:50"}
{"level":"info","message":"HTTP Request: GET /listings - Status: 304 - Duration: 15ms - IP: ::1","timestamp":"2026-06-19 03:27:50"}
{"level":"info","message":"HTTP Request: GET /users - Status: 304 - Duration: 16ms - IP: ::1","timestamp":"2026-06-19 03:27:50"}
{"level":"info","message":"HTTP Request: GET /stats - Status: 304 - Duration: 12ms - IP: ::1","timestamp":"2026-06-19 03:27:50"}
{"level":"info","message":"HTTP Request: GET /listings - Status: 304 - Duration: 19ms - IP: ::1","timestamp":"2026-06-19 03:27:50"}
{"level":"info","message":"HTTP Request: GET /users - Status: 304 - Duration: 15ms - IP: ::1","timestamp":"2026-06-19 03:27:50"}
{"level":"info","message":"HTTP Request: GET /stats - Status: 304 - Duration: 15ms - IP: ::1","timestamp":"2026-06-19 03:27:50"}
{"level":"info","message":"HTTP Request: GET /listings - Status: 304 - Duration: 15ms - IP: ::1","timestamp":"2026-06-19 03:27:50"}
{"level":"info","message":"HTTP Request: GET /users - Status: 304 - Duration: 15ms - IP: ::1","timestamp":"2026-06-19 03:27:50"}
{"level":"info","message":"HTTP Request: GET /stats - Status: 304 - Duration: 11ms - IP: ::1","timestamp":"2026-06-19 03:27:50"}
{"level":"info","message":"HTTP Request: GET /listings - Status: 304 - Duration: 15ms - IP: ::1","timestamp":"2026-06-19 03:27:50"}
{"level":"info","message":"HTTP Request: GET /users - Status: 304 - Duration: 16ms - IP: ::1","timestamp":"2026-06-19 03:27:50"}
{"level":"info","message":"HTTP Request: GET /stats - Status: 304 - Duration: 14ms - IP: ::1","timestamp":"2026-06-19 03:27:50"}
{"level":"info","message":"HTTP Request: GET /listings - Status: 304 - Duration: 20ms - IP: ::1","timestamp":"2026-06-19 03:27:50"}
{"level":"info","message":"HTTP Request: GET /users - Status: 304 - Duration: 18ms - IP: ::1","timestamp":"2026-06-19 03:27:50"}
{"level":"info","message":"HTTP Request: GET /stats - Status: 304 - Duration: 13ms - IP: ::1","timestamp":"2026-06-19 03:27:50"}
{"level":"info","message":"HTTP Request: GET /listings - Status: 304 - Duration: 15ms - IP: ::1","timestamp":"2026-06-19 03:27:50"}
{"level":"info","message":"HTTP Request: GET /users - Status: 304 - Duration: 13ms - IP: ::1","timestamp":"2026-06-19 03:27:50"}
{"level":"info","message":"HTTP Request: GET /stats - Status: 304 - Duration: 14ms - IP: ::1","timestamp":"2026-06-19 03:27:50"}
{"level":"info","message":"HTTP Request: GET /users - Status: 304 - Duration: 26ms - IP: ::1","timestamp":"2026-06-19 03:27:50"}
{"level":"info","message":"HTTP Request: GET /listings - Status: 304 - Duration: 26ms - IP: ::1","timestamp":"2026-06-19 03:27:50"}
{"level":"info","message":"HTTP Request: GET /users - Status: 304 - Duration: 16ms - IP: ::1","timestamp":"2026-06-19 03:27:50"}
{"level":"info","message":"HTTP Request: GET /listings - Status: 304 - Duration: 14ms - IP: ::1","timestamp":"2026-06-19 03:27:50"}
{"level":"info","message":"HTTP Request: GET /users - Status: 304 - Duration: 15ms - IP: ::1","timestamp":"2026-06-19 03:27:50"}
{"level":"info","message":"HTTP Request: GET /stats - Status: 304 - Duration: 13ms - IP: ::1","timestamp":"2026-06-19 03:27:59"}
{"level":"info","message":"HTTP Request: GET /listings - Status: 304 - Duration: 16ms - IP: ::1","timestamp":"2026-06-19 03:27:59"}
{"level":"info","message":"HTTP Request: GET /users - Status: 304 - Duration: 17ms - IP: ::1","timestamp":"2026-06-19 03:27:59"}
{"level":"info","message":"HTTP Request: GET /stats - Status: 304 - Duration: 13ms - IP: ::1","timestamp":"2026-06-19 03:27:59"}
{"level":"info","message":"HTTP Request: GET /users - Status: 304 - Duration: 17ms - IP: ::1","timestamp":"2026-06-19 03:27:59"}
{"level":"info","message":"HTTP Request: GET /listings - Status: 304 - Duration: 16ms - IP: ::1","timestamp":"2026-06-19 03:27:59"}
{"level":"info","message":"HTTP Request: GET /stats - Status: 304 - Duration: 14ms - IP: ::1","timestamp":"2026-06-19 03:27:59"}
{"level":"info","message":"HTTP Request: GET /listings - Status: 304 - Duration: 33ms - IP: ::1","timestamp":"2026-06-19 03:27:59"}
{"level":"info","message":"HTTP Request: GET /users - Status: 304 - Duration: 33ms - IP: ::1","timestamp":"2026-06-19 03:27:59"}
{"level":"info","message":"HTTP Request: GET /stats - Status: 304 - Duration: 14ms - IP: ::1","timestamp":"2026-06-19 03:27:59"}
{"level":"info","message":"HTTP Request: GET /users - Status: 304 - Duration: 15ms - IP: ::1","timestamp":"2026-06-19 03:27:59"}
{"level":"info","message":"HTTP Request: GET /listings - Status: 304 - Duration: 12ms - IP: ::1","timestamp":"2026-06-19 03:27:59"}
{"level":"info","message":"HTTP Request: GET /stats - Status: 304 - Duration: 13ms - IP: ::1","timestamp":"2026-06-19 03:27:59"}
{"level":"info","message":"HTTP Request: GET /listings - Status: 304 - Duration: 18ms - IP: ::1","timestamp":"2026-06-19 03:27:59"}
{"level":"info","message":"HTTP Request: GET /users - Status: 304 - Duration: 17ms - IP: ::1","timestamp":"2026-06-19 03:27:59"}
{"level":"info","message":"HTTP Request: GET /stats - Status: 304 - Duration: 17ms - IP: ::1","timestamp":"2026-06-19 03:27:59"}
{"level":"info","message":"HTTP Request: GET /users - Status: 304 - Duration: 30ms - IP: ::1","timestamp":"2026-06-19 03:27:59"}
{"level":"info","message":"HTTP Request: GET /listings - Status: 304 - Duration: 30ms - IP: ::1","timestamp":"2026-06-19 03:27:59"}
{"level":"info","message":"HTTP Request: GET /stats - Status: 304 - Duration: 12ms - IP: ::1","timestamp":"2026-06-19 03:27:59"}
{"level":"info","message":"HTTP Request: GET /listings - Status: 304 - Duration: 18ms - IP: ::1","timestamp":"2026-06-19 03:27:59"}
{"level":"info","message":"HTTP Request: GET /users - Status: 304 - Duration: 17ms - IP: ::1","timestamp":"2026-06-19 03:27:59"}
{"level":"info","message":"HTTP Request: GET /stats - Status: 304 - Duration: 12ms - IP: ::1","timestamp":"2026-06-19 03:27:59"}
{"level":"info","message":"HTTP Request: GET /listings - Status: 304 - Duration: 15ms - IP: ::1","timestamp":"2026-06-19 03:27:59"}
{"level":"info","message":"HTTP Request: GET /users - Status: 304 - Duration: 20ms - IP: ::1","timestamp":"2026-06-19 03:27:59"}
{"level":"info","message":"HTTP Request: GET /stats - Status: 304 - Duration: 10ms - IP: ::1","timestamp":"2026-06-19 03:27:59"}
{"level":"info","message":"HTTP Request: GET /listings - Status: 304 - Duration: 20ms - IP: ::1","timestamp":"2026-06-19 03:27:59"}
{"level":"info","message":"HTTP Request: GET /users - Status: 304 - Duration: 21ms - IP: ::1","timestamp":"2026-06-19 03:27:59"}
{"level":"info","message":"HTTP Request: GET /stats - Status: 304 - Duration: 16ms - IP: ::1","timestamp":"2026-06-19 03:27:59"}
{"level":"info","message":"HTTP Request: GET /users - Status: 304 - Duration: 18ms - IP: ::1","timestamp":"2026-06-19 03:27:59"}
{"level":"info","message":"HTTP Request: GET /listings - Status: 304 - Duration: 18ms - IP: ::1","timestamp":"2026-06-19 03:27:59"}
{"level":"info","message":"HTTP Request: GET /stats - Status: 304 - Duration: 13ms - IP: ::1","timestamp":"2026-06-19 03:27:59"}
{"level":"info","message":"HTTP Request: GET /listings - Status: 304 - Duration: 19ms - IP: ::1","timestamp":"2026-06-19 03:27:59"}
{"level":"info","message":"HTTP Request: GET /users - Status: 304 - Duration: 17ms - IP: ::1","timestamp":"2026-06-19 03:27:59"}
{"level":"info","message":"HTTP Request: GET /stats - Status: 304 - Duration: 11ms - IP: ::1","timestamp":"2026-06-19 03:27:59"}
{"level":"info","message":"HTTP Request: GET /listings - Status: 304 - Duration: 20ms - IP: ::1","timestamp":"2026-06-19 03:27:59"}
{"level":"info","message":"HTTP Request: GET /users - Status: 304 - Duration: 21ms - IP: ::1","timestamp":"2026-06-19 03:27:59"}
{"level":"info","message":"HTTP Request: GET /stats - Status: 304 - Duration: 12ms - IP: ::1","timestamp":"2026-06-19 03:27:59"}
{"level":"info","message":"HTTP Request: GET /users - Status: 304 - Duration: 17ms - IP: ::1","timestamp":"2026-06-19 03:27:59"}
{"level":"info","message":"HTTP Request: GET /listings - Status: 304 - Duration: 16ms - IP: ::1","timestamp":"2026-06-19 03:27:59"}
{"level":"info","message":"HTTP Request: GET /stats - Status: 304 - Duration: 12ms - IP: ::1","timestamp":"2026-06-19 03:28:00"}
{"level":"info","message":"HTTP Request: GET /users - Status: 304 - Duration: 19ms - IP: ::1","timestamp":"2026-06-19 03:28:00"}
{"level":"info","message":"HTTP Request: GET /listings - Status: 304 - Duration: 17ms - IP: ::1","timestamp":"2026-06-19 03:28:00"}
{"level":"info","message":"HTTP Request: GET /stats - Status: 304 - Duration: 14ms - IP: ::1","timestamp":"2026-06-19 03:28:00"}
{"level":"info","message":"HTTP Request: GET /users - Status: 304 - Duration: 16ms - IP: ::1","timestamp":"2026-06-19 03:28:00"}
{"level":"info","message":"HTTP Request: GET /listings - Status: 304 - Duration: 16ms - IP: ::1","timestamp":"2026-06-19 03:28:00"}
{"level":"info","message":"HTTP Request: GET /stats - Status: 304 - Duration: 15ms - IP: ::1","timestamp":"2026-06-19 03:28:00"}
{"level":"info","message":"HTTP Request: GET /users - Status: 304 - Duration: 16ms - IP: ::1","timestamp":"2026-06-19 03:28:00"}
{"level":"info","message":"HTTP Request: GET /listings - Status: 304 - Duration: 15ms - IP: ::1","timestamp":"2026-06-19 03:28:00"}
{"level":"info","message":"HTTP Request: GET /stats - Status: 304 - Duration: 11ms - IP: ::1","timestamp":"2026-06-19 03:28:00"}
{"level":"info","message":"HTTP Request: GET /users - Status: 304 - Duration: 18ms - IP: ::1","timestamp":"2026-06-19 03:28:00"}
{"level":"info","message":"HTTP Request: GET /listings - Status: 304 - Duration: 16ms - IP: ::1","timestamp":"2026-06-19 03:28:00"}
{"level":"info","message":"HTTP Request: GET /stats - Status: 304 - Duration: 15ms - IP: ::1","timestamp":"2026-06-19 03:28:00"}
{"level":"info","message":"HTTP Request: GET /listings - Status: 304 - Duration: 12ms - IP: ::1","timestamp":"2026-06-19 03:28:00"}
{"level":"info","message":"HTTP Request: GET /users - Status: 304 - Duration: 17ms - IP: ::1","timestamp":"2026-06-19 03:28:00"}
{"level":"info","message":"HTTP Request: GET /stats - Status: 304 - Duration: 12ms - IP: ::1","timestamp":"2026-06-19 03:28:00"}
{"level":"info","message":"HTTP Request: GET /listings - Status: 304 - Duration: 16ms - IP: ::1","timestamp":"2026-06-19 03:28:00"}
{"level":"info","message":"HTTP Request: GET /users - Status: 304 - Duration: 14ms - IP: ::1","timestamp":"2026-06-19 03:28:00"}
{"level":"info","message":"HTTP Request: GET /stats - Status: 304 - Duration: 14ms - IP: ::1","timestamp":"2026-06-19 03:28:00"}
{"level":"info","message":"HTTP Request: GET /users - Status: 304 - Duration: 15ms - IP: ::1","timestamp":"2026-06-19 03:28:00"}
{"level":"info","message":"HTTP Request: GET /listings - Status: 304 - Duration: 16ms - IP: ::1","timestamp":"2026-06-19 03:28:00"}
{"level":"info","message":"HTTP Request: GET /stats - Status: 304 - Duration: 15ms - IP: ::1","timestamp":"2026-06-19 03:28:00"}
{"level":"info","message":"HTTP Request: GET /listings - Status: 304 - Duration: 13ms - IP: ::1","timestamp":"2026-06-19 03:28:00"}
{"level":"info","message":"HTTP Request: GET /users - Status: 304 - Duration: 14ms - IP: ::1","timestamp":"2026-06-19 03:28:00"}
{"level":"info","message":"HTTP Request: GET /stats - Status: 304 - Duration: 13ms - IP: ::1","timestamp":"2026-06-19 03:28:00"}
{"level":"info","message":"HTTP Request: GET /users - Status: 304 - Duration: 18ms - IP: ::1","timestamp":"2026-06-19 03:28:00"}
{"level":"info","message":"HTTP Request: GET /listings - Status: 304 - Duration: 15ms - IP: ::1","timestamp":"2026-06-19 03:28:00"}
{"level":"info","message":"HTTP Request: GET /stats - Status: 304 - Duration: 11ms - IP: ::1","timestamp":"2026-06-19 03:28:00"}
{"level":"info","message":"HTTP Request: GET /users - Status: 304 - Duration: 16ms - IP: ::1","timestamp":"2026-06-19 03:28:00"}
{"level":"info","message":"HTTP Request: GET /listings - Status: 304 - Duration: 21ms - IP: ::1","timestamp":"2026-06-19 03:28:00"}
{"level":"info","message":"HTTP Request: GET /stats - Status: 304 - Duration: 15ms - IP: ::1","timestamp":"2026-06-19 03:28:00"}
{"level":"info","message":"HTTP Request: GET /users - Status: 304 - Duration: 14ms - IP: ::1","timestamp":"2026-06-19 03:28:00"}
{"level":"info","message":"HTTP Request: GET /listings - Status: 304 - Duration: 13ms - IP: ::1","timestamp":"2026-06-19 03:28:00"}
{"level":"info","message":"HTTP Request: GET /stats - Status: 304 - Duration: 13ms - IP: ::1","timestamp":"2026-06-19 03:28:00"}
{"level":"info","message":"HTTP Request: GET /users - Status: 304 - Duration: 17ms - IP: ::1","timestamp":"2026-06-19 03:28:00"}
{"level":"info","message":"HTTP Request: GET /listings - Status: 304 - Duration: 15ms - IP: ::1","timestamp":"2026-06-19 03:28:00"}
{"level":"info","message":"HTTP Request: GET /stats - Status: 304 - Duration: 9ms - IP: ::1","timestamp":"2026-06-19 03:28:00"}
{"level":"info","message":"HTTP Request: GET /users - Status: 304 - Duration: 11ms - IP: ::1","timestamp":"2026-06-19 03:28:00"}
{"level":"info","message":"HTTP Request: GET /listings - Status: 304 - Duration: 11ms - IP: ::1","timestamp":"2026-06-19 03:28:00"}
{"level":"info","message":"HTTP Request: GET /stats - Status: 304 - Duration: 10ms - IP: ::1","timestamp":"2026-06-19 03:28:00"}
{"level":"info","message":"HTTP Request: GET /listings - Status: 304 - Duration: 15ms - IP: ::1","timestamp":"2026-06-19 03:28:00"}
{"level":"info","message":"HTTP Request: GET /users - Status: 304 - Duration: 13ms - IP: ::1","timestamp":"2026-06-19 03:28:00"}
{"level":"info","message":"HTTP Request: GET /stats - Status: 304 - Duration: 11ms - IP: ::1","timestamp":"2026-06-19 03:28:00"}
{"level":"info","message":"HTTP Request: GET /listings - Status: 304 - Duration: 11ms - IP: ::1","timestamp":"2026-06-19 03:28:00"}
{"level":"info","message":"HTTP Request: GET /users - Status: 304 - Duration: 14ms - IP: ::1","timestamp":"2026-06-19 03:28:00"}
{"level":"info","message":"HTTP Request: GET /stats - Status: 304 - Duration: 12ms - IP: ::1","timestamp":"2026-06-19 03:28:00"}
{"level":"info","message":"HTTP Request: GET /users - Status: 304 - Duration: 14ms - IP: ::1","timestamp":"2026-06-19 03:28:00"}
{"level":"info","message":"HTTP Request: GET /listings - Status: 304 - Duration: 13ms - IP: ::1","timestamp":"2026-06-19 03:28:00"}
{"level":"info","message":"HTTP Request: GET /stats - Status: 304 - Duration: 14ms - IP: ::1","timestamp":"2026-06-19 03:28:00"}
{"level":"info","message":"HTTP Request: GET /users - Status: 304 - Duration: 14ms - IP: ::1","timestamp":"2026-06-19 03:28:00"}
{"level":"info","message":"HTTP Request: GET /listings - Status: 304 - Duration: 13ms - IP: ::1","timestamp":"2026-06-19 03:28:00"}
{"level":"info","message":"HTTP Request: GET /stats - Status: 304 - Duration: 14ms - IP: ::1","timestamp":"2026-06-19 03:28:00"}
{"level":"info","message":"HTTP Request: GET /users - Status: 304 - Duration: 15ms - IP: ::1","timestamp":"2026-06-19 03:28:00"}
{"level":"info","message":"HTTP Request: GET /listings - Status: 304 - Duration: 12ms - IP: ::1","timestamp":"2026-06-19 03:28:00"}
{"level":"info","message":"HTTP Request: GET /stats - Status: 304 - Duration: 13ms - IP: ::1","timestamp":"2026-06-19 03:28:00"}
{"level":"info","message":"HTTP Request: GET /users - Status: 304 - Duration: 14ms - IP: ::1","timestamp":"2026-06-19 03:28:00"}
{"level":"info","message":"HTTP Request: GET /listings - Status: 304 - Duration: 15ms - IP: ::1","timestamp":"2026-06-19 03:28:00"}
{"level":"info","message":"HTTP Request: GET /stats - Status: 304 - Duration: 9ms - IP: ::1","timestamp":"2026-06-19 03:28:00"}
{"level":"info","message":"HTTP Request: GET /users - Status: 304 - Duration: 18ms - IP: ::1","timestamp":"2026-06-19 03:28:00"}
{"level":"info","message":"HTTP Request: GET /listings - Status: 304 - Duration: 19ms - IP: ::1","timestamp":"2026-06-19 03:28:00"}
{"level":"info","message":"HTTP Request: GET /stats - Status: 304 - Duration: 13ms - IP: ::1","timestamp":"2026-06-19 03:28:00"}
{"level":"info","message":"HTTP Request: GET /users - Status: 304 - Duration: 12ms - IP: ::1","timestamp":"2026-06-19 03:28:00"}
{"level":"info","message":"HTTP Request: GET /listings - Status: 304 - Duration: 12ms - IP: ::1","timestamp":"2026-06-19 03:28:00"}
{"level":"info","message":"HTTP Request: GET /stats - Status: 304 - Duration: 14ms - IP: ::1","timestamp":"2026-06-19 03:28:00"}
{"level":"info","message":"HTTP Request: GET /listings - Status: 304 - Duration: 16ms - IP: ::1","timestamp":"2026-06-19 03:28:00"}
{"level":"info","message":"HTTP Request: GET /users - Status: 304 - Duration: 16ms - IP: ::1","timestamp":"2026-06-19 03:28:00"}
{"level":"info","message":"HTTP Request: GET /stats - Status: 304 - Duration: 14ms - IP: ::1","timestamp":"2026-06-19 03:28:00"}
{"level":"info","message":"HTTP Request: GET /users - Status: 304 - Duration: 18ms - IP: ::1","timestamp":"2026-06-19 03:28:00"}
{"level":"info","message":"HTTP Request: GET /listings - Status: 304 - Duration: 15ms - IP: ::1","timestamp":"2026-06-19 03:28:00"}
{"level":"info","message":"HTTP Request: GET /stats - Status: 304 - Duration: 13ms - IP: ::1","timestamp":"2026-06-19 03:28:00"}
{"level":"info","message":"HTTP Request: GET /users - Status: 304 - Duration: 16ms - IP: ::1","timestamp":"2026-06-19 03:28:00"}
{"level":"info","message":"HTTP Request: GET /listings - Status: 304 - Duration: 15ms - IP: ::1","timestamp":"2026-06-19 03:28:00"}
{"level":"info","message":"HTTP Request: GET /stats - Status: 304 - Duration: 12ms - IP: ::1","timestamp":"2026-06-19 03:28:01"}
{"level":"info","message":"HTTP Request: GET /listings - Status: 304 - Duration: 23ms - IP: ::1","timestamp":"2026-06-19 03:28:01"}
{"level":"info","message":"HTTP Request: GET /users - Status: 304 - Duration: 22ms - IP: ::1","timestamp":"2026-06-19 03:28:01"}
{"level":"info","message":"HTTP Request: GET /stats - Status: 304 - Duration: 16ms - IP: ::1","timestamp":"2026-06-19 03:28:01"}
{"level":"info","message":"HTTP Request: GET /listings - Status: 304 - Duration: 14ms - IP: ::1","timestamp":"2026-06-19 03:28:01"}
{"level":"info","message":"HTTP Request: GET /users - Status: 304 - Duration: 14ms - IP: ::1","timestamp":"2026-06-19 03:28:01"}
{"level":"info","message":"HTTP Request: GET /stats - Status: 304 - Duration: 25ms - IP: ::1","timestamp":"2026-06-19 03:28:01"}
{"level":"info","message":"HTTP Request: GET /listings - Status: 304 - Duration: 35ms - IP: ::1","timestamp":"2026-06-19 03:28:01"}
{"level":"info","message":"HTTP Request: GET /users - Status: 304 - Duration: 31ms - IP: ::1","timestamp":"2026-06-19 03:28:01"}
{"level":"info","message":"HTTP Request: GET /stats - Status: 304 - Duration: 12ms - IP: ::1","timestamp":"2026-06-19 03:28:01"}
{"level":"info","message":"HTTP Request: GET /listings - Status: 304 - Duration: 14ms - IP: ::1","timestamp":"2026-06-19 03:28:01"}
{"level":"info","message":"HTTP Request: GET /users - Status: 304 - Duration: 15ms - IP: ::1","timestamp":"2026-06-19 03:28:01"}
{"level":"info","message":"HTTP Request: GET /stats - Status: 304 - Duration: 13ms - IP: ::1","timestamp":"2026-06-19 03:28:01"}
{"level":"info","message":"HTTP Request: GET /listings - Status: 304 - Duration: 20ms - IP: ::1","timestamp":"2026-06-19 03:28:01"}
{"level":"info","message":"HTTP Request: GET /users - Status: 304 - Duration: 13ms - IP: ::1","timestamp":"2026-06-19 03:28:01"}
{"level":"info","message":"HTTP Request: GET /stats - Status: 304 - Duration: 20ms - IP: ::1","timestamp":"2026-06-19 03:28:01"}
{"level":"info","message":"HTTP Request: GET /listings - Status: 304 - Duration: 23ms - IP: ::1","timestamp":"2026-06-19 03:28:01"}
{"level":"info","message":"HTTP Request: GET /users - Status: 304 - Duration: 38ms - IP: ::1","timestamp":"2026-06-19 03:28:01"}
{"level":"info","message":"HTTP Request: GET /stats - Status: 304 - Duration: 27ms - IP: ::1","timestamp":"2026-06-19 03:28:01"}
{"level":"info","message":"HTTP Request: GET /listings - Status: 304 - Duration: 29ms - IP: ::1","timestamp":"2026-06-19 03:28:01"}
{"level":"info","message":"HTTP Request: GET /users - Status: 304 - Duration: 30ms - IP: ::1","timestamp":"2026-06-19 03:28:01"}
{"level":"info","message":"HTTP Request: GET /stats - Status: 304 - Duration: 24ms - IP: ::1","timestamp":"2026-06-19 03:28:01"}
{"level":"info","message":"HTTP Request: GET /listings - Status: 304 - Duration: 26ms - IP: ::1","timestamp":"2026-06-19 03:28:01"}
{"level":"info","message":"HTTP Request: GET /users - Status: 304 - Duration: 21ms - IP: ::1","timestamp":"2026-06-19 03:28:01"}
{"level":"info","message":"HTTP Request: GET /stats - Status: 304 - Duration: 15ms - IP: ::1","timestamp":"2026-06-19 03:28:01"}
{"level":"info","message":"HTTP Request: GET /users - Status: 304 - Duration: 22ms - IP: ::1","timestamp":"2026-06-19 03:28:01"}
{"level":"info","message":"HTTP Request: GET /listings - Status: 304 - Duration: 22ms - IP: ::1","timestamp":"2026-06-19 03:28:01"}
{"level":"info","message":"HTTP Request: GET /stats - Status: 304 - Duration: 14ms - IP: ::1","timestamp":"2026-06-19 03:28:01"}
{"level":"info","message":"HTTP Request: GET /users - Status: 304 - Duration: 18ms - IP: ::1","timestamp":"2026-06-19 03:28:01"}
{"level":"info","message":"HTTP Request: GET /stats - Status: 304 - Duration: 14ms - IP: ::1","timestamp":"2026-06-19 03:28:01"}
{"level":"info","message":"HTTP Request: GET /listings - Status: 304 - Duration: 25ms - IP: ::1","timestamp":"2026-06-19 03:28:01"}
{"level":"info","message":"HTTP Request: GET /users - Status: 304 - Duration: 28ms - IP: ::1","timestamp":"2026-06-19 03:28:01"}
{"level":"info","message":"HTTP Request: GET /stats - Status: 304 - Duration: 13ms - IP: ::1","timestamp":"2026-06-19 03:28:01"}
{"level":"info","message":"HTTP Request: GET /listings - Status: 304 - Duration: 21ms - IP: ::1","timestamp":"2026-06-19 03:28:01"}
{"level":"info","message":"HTTP Request: GET /users - Status: 304 - Duration: 20ms - IP: ::1","timestamp":"2026-06-19 03:28:01"}
{"level":"info","message":"HTTP Request: GET /stats - Status: 304 - Duration: 15ms - IP: ::1","timestamp":"2026-06-19 03:28:01"}
{"level":"info","message":"HTTP Request: GET /listings - Status: 304 - Duration: 19ms - IP: ::1","timestamp":"2026-06-19 03:28:01"}
{"level":"info","message":"HTTP Request: GET /users - Status: 304 - Duration: 29ms - IP: ::1","timestamp":"2026-06-19 03:28:01"}
{"level":"info","message":"HTTP Request: GET /stats - Status: 304 - Duration: 21ms - IP: ::1","timestamp":"2026-06-19 03:28:01"}
{"level":"info","message":"HTTP Request: GET /listings - Status: 304 - Duration: 26ms - IP: ::1","timestamp":"2026-06-19 03:28:01"}
{"level":"info","message":"HTTP Request: GET /stats - Status: 304 - Duration: 14ms - IP: ::1","timestamp":"2026-06-19 03:28:01"}
{"level":"info","message":"HTTP Request: GET /users - Status: 304 - Duration: 27ms - IP: ::1","timestamp":"2026-06-19 03:28:01"}
{"level":"info","message":"HTTP Request: GET /listings - Status: 304 - Duration: 14ms - IP: ::1","timestamp":"2026-06-19 03:28:01"}
{"level":"info","message":"HTTP Request: GET /users - Status: 304 - Duration: 20ms - IP: ::1","timestamp":"2026-06-19 03:28:01"}
{"level":"info","message":"HTTP Request: GET /stats - Status: 304 - Duration: 16ms - IP: ::1","timestamp":"2026-06-19 03:28:01"}
{"level":"info","message":"HTTP Request: GET /listings - Status: 304 - Duration: 23ms - IP: ::1","timestamp":"2026-06-19 03:28:01"}
{"level":"info","message":"HTTP Request: GET /stats - Status: 304 - Duration: 29ms - IP: ::1","timestamp":"2026-06-19 03:28:01"}
{"level":"info","message":"HTTP Request: GET /users - Status: 304 - Duration: 43ms - IP: ::1","timestamp":"2026-06-19 03:28:01"}
{"level":"info","message":"HTTP Request: GET /listings - Status: 304 - Duration: 29ms - IP: ::1","timestamp":"2026-06-19 03:28:01"}
{"level":"info","message":"HTTP Request: GET /stats - Status: 304 - Duration: 20ms - IP: ::1","timestamp":"2026-06-19 03:28:01"}
{"level":"info","message":"HTTP Request: GET /users - Status: 304 - Duration: 32ms - IP: ::1","timestamp":"2026-06-19 03:28:01"}
{"level":"info","message":"HTTP Request: GET /listings - Status: 304 - Duration: 20ms - IP: ::1","timestamp":"2026-06-19 03:28:01"}
{"level":"info","message":"HTTP Request: GET /listings - Status: 304 - Duration: 39ms - IP: ::1","timestamp":"2026-06-19 03:28:01"}
{"level":"info","message":"HTTP Request: GET /users - Status: 304 - Duration: 46ms - IP: ::1","timestamp":"2026-06-19 03:28:01"}
{"level":"info","message":"HTTP Request: GET /stats - Status: 304 - Duration: 58ms - IP: ::1","timestamp":"2026-06-19 03:28:01"}
{"level":"info","message":"HTTP Request: GET /?status=Pending - Status: 304 - Duration: 12ms - IP: ::1","timestamp":"2026-06-19 03:28:01"}
{"level":"info","message":"HTTP Request: GET /stats - Status: 304 - Duration: 15ms - IP: ::1","timestamp":"2026-06-19 03:28:01"}
{"level":"info","message":"HTTP Request: GET /listings - Status: 304 - Duration: 24ms - IP: ::1","timestamp":"2026-06-19 03:28:01"}
{"level":"info","message":"HTTP Request: GET /users - Status: 304 - Duration: 23ms - IP: ::1","timestamp":"2026-06-19 03:28:01"}
{"level":"info","message":"HTTP Request: GET /stats - Status: 304 - Duration: 16ms - IP: ::1","timestamp":"2026-06-19 03:28:01"}
{"level":"info","message":"HTTP Request: GET /listings - Status: 304 - Duration: 24ms - IP: ::1","timestamp":"2026-06-19 03:28:01"}
{"level":"info","message":"HTTP Request: GET /users - Status: 304 - Duration: 22ms - IP: ::1","timestamp":"2026-06-19 03:28:01"}
{"level":"info","message":"HTTP Request: GET /stats - Status: 304 - Duration: 17ms - IP: ::1","timestamp":"2026-06-19 03:28:01"}
{"level":"info","message":"HTTP Request: GET /stats - Status: 304 - Duration: 13ms - IP: ::1","timestamp":"2026-06-19 03:28:01"}
{"level":"info","message":"HTTP Request: GET /listings - Status: 304 - Duration: 26ms - IP: ::1","timestamp":"2026-06-19 03:28:01"}
{"level":"info","message":"HTTP Request: GET /users - Status: 304 - Duration: 24ms - IP: ::1","timestamp":"2026-06-19 03:28:01"}
{"level":"info","message":"HTTP Request: GET /stats - Status: 304 - Duration: 30ms - IP: ::1","timestamp":"2026-06-19 03:28:01"}
{"level":"info","message":"HTTP Request: GET /listings - Status: 304 - Duration: 32ms - IP: ::1","timestamp":"2026-06-19 03:28:01"}
{"level":"info","message":"HTTP Request: GET /users - Status: 304 - Duration: 46ms - IP: ::1","timestamp":"2026-06-19 03:28:01"}
{"level":"info","message":"HTTP Request: GET /stats - Status: 304 - Duration: 16ms - IP: ::1","timestamp":"2026-06-19 03:28:01"}
{"level":"info","message":"HTTP Request: GET /listings - Status: 304 - Duration: 22ms - IP: ::1","timestamp":"2026-06-19 03:28:01"}
{"level":"info","message":"HTTP Request: GET /stats - Status: 304 - Duration: 15ms - IP: ::1","timestamp":"2026-06-19 03:28:01"}
{"level":"info","message":"HTTP Request: GET /users - Status: 304 - Duration: 25ms - IP: ::1","timestamp":"2026-06-19 03:28:01"}
{"level":"info","message":"HTTP Request: GET /stats - Status: 304 - Duration: 16ms - IP: ::1","timestamp":"2026-06-19 03:28:01"}
{"level":"info","message":"HTTP Request: GET /listings - Status: 304 - Duration: 24ms - IP: ::1","timestamp":"2026-06-19 03:28:01"}
{"level":"info","message":"HTTP Request: GET /users - Status: 304 - Duration: 21ms - IP: ::1","timestamp":"2026-06-19 03:28:01"}
{"level":"info","message":"HTTP Request: GET /stats - Status: 304 - Duration: 15ms - IP: ::1","timestamp":"2026-06-19 03:28:02"}
{"level":"info","message":"HTTP Request: GET /listings - Status: 304 - Duration: 15ms - IP: ::1","timestamp":"2026-06-19 03:28:02"}
{"level":"info","message":"HTTP Request: GET /users - Status: 304 - Duration: 13ms - IP: ::1","timestamp":"2026-06-19 03:28:02"}
{"level":"info","message":"HTTP Request: GET /stats - Status: 304 - Duration: 15ms - IP: ::1","timestamp":"2026-06-19 03:28:02"}
{"level":"info","message":"HTTP Request: GET /listings - Status: 304 - Duration: 17ms - IP: ::1","timestamp":"2026-06-19 03:28:02"}
{"level":"info","message":"HTTP Request: GET /users - Status: 304 - Duration: 25ms - IP: ::1","timestamp":"2026-06-19 03:28:02"}
{"level":"info","message":"HTTP Request: GET /stats - Status: 304 - Duration: 16ms - IP: ::1","timestamp":"2026-06-19 03:28:02"}
{"level":"info","message":"HTTP Request: GET /listings - Status: 304 - Duration: 45ms - IP: ::1","timestamp":"2026-06-19 03:28:02"}
{"level":"info","message":"HTTP Request: GET /stats - Status: 304 - Duration: 29ms - IP: ::1","timestamp":"2026-06-19 03:28:02"}
{"level":"info","message":"HTTP Request: GET /users - Status: 304 - Duration: 48ms - IP: ::1","timestamp":"2026-06-19 03:28:02"}
{"level":"info","message":"HTTP Request: GET /listings - Status: 304 - Duration: 24ms - IP: ::1","timestamp":"2026-06-19 03:28:02"}
{"level":"info","message":"HTTP Request: GET /users - Status: 304 - Duration: 16ms - IP: ::1","timestamp":"2026-06-19 03:28:02"}
{"level":"info","message":"HTTP Request: GET /stats - Status: 304 - Duration: 26ms - IP: ::1","timestamp":"2026-06-19 03:28:02"}
{"level":"info","message":"HTTP Request: GET /stats - Status: 304 - Duration: 33ms - IP: ::1","timestamp":"2026-06-19 03:28:02"}
{"level":"info","message":"HTTP Request: GET /listings - Status: 304 - Duration: 59ms - IP: ::1","timestamp":"2026-06-19 03:28:02"}
{"level":"info","message":"HTTP Request: GET /users - Status: 304 - Duration: 49ms - IP: ::1","timestamp":"2026-06-19 03:28:02"}
{"level":"info","message":"HTTP Request: GET /notifications/broadcasts - Status: 304 - Duration: 18ms - IP: ::1","timestamp":"2026-06-19 03:28:02"}
{"level":"info","message":"HTTP Request: GET /stats - Status: 304 - Duration: 24ms - IP: ::1","timestamp":"2026-06-19 03:28:02"}
{"level":"info","message":"HTTP Request: GET /notifications/broadcasts - Status: 304 - Duration: 6ms - IP: ::1","timestamp":"2026-06-19 03:28:02"}
{"level":"info","message":"HTTP Request: GET /listings - Status: 304 - Duration: 25ms - IP: ::1","timestamp":"2026-06-19 03:28:02"}
{"level":"info","message":"HTTP Request: GET /users - Status: 304 - Duration: 24ms - IP: ::1","timestamp":"2026-06-19 03:28:02"}
{"level":"info","message":"HTTP Request: GET /stats - Status: 304 - Duration: 11ms - IP: ::1","timestamp":"2026-06-19 03:28:02"}
{"level":"info","message":"HTTP Request: GET /users - Status: 304 - Duration: 14ms - IP: ::1","timestamp":"2026-06-19 03:28:02"}
{"level":"info","message":"HTTP Request: GET /listings - Status: 304 - Duration: 15ms - IP: ::1","timestamp":"2026-06-19 03:28:02"}
{"level":"info","message":"HTTP Request: GET /stats - Status: 304 - Duration: 14ms - IP: ::1","timestamp":"2026-06-19 03:28:02"}
{"level":"info","message":"HTTP Request: GET /unread-count - Status: 304 - Duration: 6ms - IP: ::1","timestamp":"2026-06-19 03:28:02"}
{"level":"info","message":"HTTP Request: GET /users - Status: 304 - Duration: 19ms - IP: ::1","timestamp":"2026-06-19 03:28:02"}
{"level":"info","message":"HTTP Request: GET /listings - Status: 304 - Duration: 26ms - IP: ::1","timestamp":"2026-06-19 03:28:02"}
{"level":"info","message":"HTTP Request: GET /stats - Status: 304 - Duration: 17ms - IP: ::1","timestamp":"2026-06-19 03:28:02"}
{"level":"info","message":"HTTP Request: GET /users - Status: 304 - Duration: 18ms - IP: ::1","timestamp":"2026-06-19 03:28:02"}
{"level":"info","message":"HTTP Request: GET /listings - Status: 304 - Duration: 14ms - IP: ::1","timestamp":"2026-06-19 03:28:02"}
{"level":"info","message":"HTTP Request: GET /stats - Status: 304 - Duration: 14ms - IP: ::1","timestamp":"2026-06-19 03:28:02"}
{"level":"info","message":"HTTP Request: GET /stats - Status: 304 - Duration: 12ms - IP: ::1","timestamp":"2026-06-19 03:28:02"}
{"level":"info","message":"HTTP Request: GET /listings - Status: 304 - Duration: 26ms - IP: ::1","timestamp":"2026-06-19 03:28:02"}
{"level":"info","message":"HTTP Request: GET /users - Status: 304 - Duration: 34ms - IP: ::1","timestamp":"2026-06-19 03:28:02"}
{"level":"info","message":"HTTP Request: GET /listings - Status: 304 - Duration: 12ms - IP: ::1","timestamp":"2026-06-19 03:28:02"}
{"level":"info","message":"HTTP Request: GET /users - Status: 304 - Duration: 13ms - IP: ::1","timestamp":"2026-06-19 03:28:02"}
{"level":"info","message":"HTTP Request: GET /stats - Status: 304 - Duration: 12ms - IP: ::1","timestamp":"2026-06-19 03:28:02"}
{"level":"info","message":"HTTP Request: GET /listings - Status: 304 - Duration: 13ms - IP: ::1","timestamp":"2026-06-19 03:28:02"}
{"level":"info","message":"HTTP Request: GET /users - Status: 304 - Duration: 14ms - IP: ::1","timestamp":"2026-06-19 03:28:02"}
{"level":"info","message":"HTTP Request: GET /stats - Status: 304 - Duration: 14ms - IP: ::1","timestamp":"2026-06-19 03:28:02"}
{"level":"info","message":"HTTP Request: GET /listings - Status: 304 - Duration: 14ms - IP: ::1","timestamp":"2026-06-19 03:28:02"}
{"level":"info","message":"HTTP Request: GET /users - Status: 304 - Duration: 15ms - IP: ::1","timestamp":"2026-06-19 03:28:02"}
{"level":"info","message":"HTTP Request: GET /stats - Status: 304 - Duration: 16ms - IP: ::1","timestamp":"2026-06-19 03:28:02"}
{"level":"info","message":"HTTP Request: GET /listings - Status: 304 - Duration: 16ms - IP: ::1","timestamp":"2026-06-19 03:28:02"}
{"level":"info","message":"HTTP Request: GET /users - Status: 304 - Duration: 14ms - IP: ::1","timestamp":"2026-06-19 03:28:02"}
{"level":"info","message":"HTTP Request: GET /stats - Status: 304 - Duration: 10ms - IP: ::1","timestamp":"2026-06-19 03:28:02"}
{"level":"info","message":"HTTP Request: GET /listings - Status: 304 - Duration: 16ms - IP: ::1","timestamp":"2026-06-19 03:28:02"}
{"level":"info","message":"HTTP Request: GET /users - Status: 304 - Duration: 14ms - IP: ::1","timestamp":"2026-06-19 03:28:02"}
{"level":"info","message":"HTTP Request: GET /listings - Status: 304 - Duration: 20ms - IP: ::1","timestamp":"2026-06-19 03:28:02"}
{"level":"info","message":"HTTP Request: GET /users - Status: 304 - Duration: 22ms - IP: ::1","timestamp":"2026-06-19 03:28:02"}
{"level":"info","message":"HTTP Request: GET /stats - Status: 304 - Duration: 19ms - IP: ::1","timestamp":"2026-06-19 03:28:02"}
{"level":"info","message":"HTTP Request: GET /listings - Status: 304 - Duration: 21ms - IP: ::1","timestamp":"2026-06-19 03:28:02"}
{"level":"info","message":"HTTP Request: GET /stats - Status: 304 - Duration: 15ms - IP: ::1","timestamp":"2026-06-19 03:28:02"}
{"level":"info","message":"HTTP Request: GET /users - Status: 304 - Duration: 22ms - IP: ::1","timestamp":"2026-06-19 03:28:02"}
{"level":"info","message":"HTTP Request: GET /stats - Status: 304 - Duration: 12ms - IP: ::1","timestamp":"2026-06-19 03:28:02"}
{"level":"info","message":"HTTP Request: GET /listings - Status: 304 - Duration: 21ms - IP: ::1","timestamp":"2026-06-19 03:28:02"}
{"level":"info","message":"HTTP Request: GET /users - Status: 304 - Duration: 19ms - IP: ::1","timestamp":"2026-06-19 03:28:02"}
{"level":"info","message":"HTTP Request: GET /stats - Status: 304 - Duration: 11ms - IP: ::1","timestamp":"2026-06-19 03:28:02"}
{"level":"info","message":"HTTP Request: GET /listings - Status: 304 - Duration: 22ms - IP: ::1","timestamp":"2026-06-19 03:28:02"}
{"level":"info","message":"HTTP Request: GET /users - Status: 304 - Duration: 24ms - IP: ::1","timestamp":"2026-06-19 03:28:02"}
{"level":"info","message":"HTTP Request: GET /stats - Status: 304 - Duration: 29ms - IP: ::1","timestamp":"2026-06-19 03:28:02"}
{"level":"info","message":"HTTP Request: GET /listings - Status: 304 - Duration: 35ms - IP: ::1","timestamp":"2026-06-19 03:28:02"}
{"level":"info","message":"HTTP Request: GET /users - Status: 304 - Duration: 42ms - IP: ::1","timestamp":"2026-06-19 03:28:02"}
{"level":"info","message":"HTTP Request: GET /stats - Status: 304 - Duration: 42ms - IP: ::1","timestamp":"2026-06-19 03:28:02"}
{"level":"info","message":"HTTP Request: GET /listings - Status: 304 - Duration: 16ms - IP: ::1","timestamp":"2026-06-19 03:28:02"}
{"level":"info","message":"HTTP Request: GET /users - Status: 304 - Duration: 22ms - IP: ::1","timestamp":"2026-06-19 03:28:02"}
{"level":"info","message":"HTTP Request: GET /listings - Status: 304 - Duration: 18ms - IP: ::1","timestamp":"2026-06-19 03:28:02"}
{"level":"info","message":"HTTP Request: GET /listings - Status: 304 - Duration: 12ms - IP: ::1","timestamp":"2026-06-19 03:28:02"}
{"level":"info","message":"HTTP Request: GET /users - Status: 304 - Duration: 16ms - IP: ::1","timestamp":"2026-06-19 03:28:02"}
{"level":"info","message":"HTTP Request: GET /listings - Status: 304 - Duration: 17ms - IP: ::1","timestamp":"2026-06-19 03:28:03"}
{"level":"info","message":"HTTP Request: GET /users - Status: 304 - Duration: 24ms - IP: ::1","timestamp":"2026-06-19 03:28:03"}
{"level":"info","message":"HTTP Request: GET /listings - Status: 304 - Duration: 17ms - IP: ::1","timestamp":"2026-06-19 03:28:03"}
{"level":"info","message":"HTTP Request: GET /users - Status: 304 - Duration: 17ms - IP: ::1","timestamp":"2026-06-19 03:28:03"}
{"level":"info","message":"HTTP Request: GET /users - Status: 304 - Duration: 18ms - IP: ::1","timestamp":"2026-06-19 03:28:03"}
{"level":"info","message":"HTTP Request: GET /stats - Status: 304 - Duration: 11ms - IP: ::1","timestamp":"2026-06-19 03:28:11"}
{"level":"info","message":"HTTP Request: GET /users - Status: 304 - Duration: 14ms - IP: ::1","timestamp":"2026-06-19 03:28:11"}
{"level":"info","message":"HTTP Request: GET /listings - Status: 304 - Duration: 14ms - IP: ::1","timestamp":"2026-06-19 03:28:11"}
{"level":"info","message":"HTTP Request: GET /stats - Status: 304 - Duration: 14ms - IP: ::1","timestamp":"2026-06-19 03:28:28"}
{"level":"info","message":"HTTP Request: GET /users - Status: 304 - Duration: 20ms - IP: ::1","timestamp":"2026-06-19 03:28:28"}
{"level":"info","message":"HTTP Request: GET /listings - Status: 304 - Duration: 20ms - IP: ::1","timestamp":"2026-06-19 03:28:28"}
{"level":"info","message":"HTTP Request: GET /stats - Status: 304 - Duration: 11ms - IP: ::1","timestamp":"2026-06-19 03:28:39"}
{"level":"info","message":"HTTP Request: GET /users - Status: 304 - Duration: 19ms - IP: ::1","timestamp":"2026-06-19 03:28:39"}
{"level":"info","message":"HTTP Request: GET /stats - Status: 304 - Duration: 13ms - IP: ::1","timestamp":"2026-06-19 03:28:39"}
{"level":"info","message":"HTTP Request: GET /listings - Status: 304 - Duration: 30ms - IP: ::1","timestamp":"2026-06-19 03:28:39"}
{"level":"info","message":"HTTP Request: GET /users - Status: 304 - Duration: 15ms - IP: ::1","timestamp":"2026-06-19 03:28:39"}
{"level":"info","message":"HTTP Request: GET /listings - Status: 304 - Duration: 22ms - IP: ::1","timestamp":"2026-06-19 03:28:39"}
{"level":"info","message":"HTTP Request: GET /stats - Status: 304 - Duration: 16ms - IP: ::1","timestamp":"2026-06-19 03:28:40"}
{"level":"info","message":"HTTP Request: GET /users - Status: 304 - Duration: 21ms - IP: ::1","timestamp":"2026-06-19 03:28:40"}
{"level":"info","message":"HTTP Request: GET /listings - Status: 304 - Duration: 17ms - IP: ::1","timestamp":"2026-06-19 03:28:40"}
{"level":"info","message":"HTTP Request: GET /stats - Status: 304 - Duration: 10ms - IP: ::1","timestamp":"2026-06-19 03:28:40"}
{"level":"info","message":"HTTP Request: GET /listings - Status: 304 - Duration: 15ms - IP: ::1","timestamp":"2026-06-19 03:28:40"}
{"level":"info","message":"HTTP Request: GET /users - Status: 304 - Duration: 18ms - IP: ::1","timestamp":"2026-06-19 03:28:40"}
{"level":"info","message":"HTTP Request: GET /stats - Status: 304 - Duration: 15ms - IP: ::1","timestamp":"2026-06-19 03:28:40"}
{"level":"info","message":"HTTP Request: GET /listings - Status: 304 - Duration: 22ms - IP: ::1","timestamp":"2026-06-19 03:28:40"}
{"level":"info","message":"HTTP Request: GET /users - Status: 304 - Duration: 29ms - IP: ::1","timestamp":"2026-06-19 03:28:40"}
{"level":"info","message":"HTTP Request: GET /stats - Status: 304 - Duration: 11ms - IP: ::1","timestamp":"2026-06-19 03:28:40"}
{"level":"info","message":"HTTP Request: GET /listings - Status: 304 - Duration: 12ms - IP: ::1","timestamp":"2026-06-19 03:28:40"}
{"level":"info","message":"HTTP Request: GET /users - Status: 304 - Duration: 11ms - IP: ::1","timestamp":"2026-06-19 03:28:40"}
{"level":"info","message":"HTTP Request: GET /stats - Status: 304 - Duration: 14ms - IP: ::1","timestamp":"2026-06-19 03:28:40"}
{"level":"info","message":"HTTP Request: GET /listings - Status: 304 - Duration: 16ms - IP: ::1","timestamp":"2026-06-19 03:28:40"}
{"level":"info","message":"HTTP Request: GET /users - Status: 304 - Duration: 19ms - IP: ::1","timestamp":"2026-06-19 03:28:40"}
{"level":"info","message":"HTTP Request: GET /stats - Status: 304 - Duration: 11ms - IP: ::1","timestamp":"2026-06-19 03:28:40"}
{"level":"info","message":"HTTP Request: GET /listings - Status: 304 - Duration: 19ms - IP: ::1","timestamp":"2026-06-19 03:28:40"}
{"level":"info","message":"HTTP Request: GET /users - Status: 304 - Duration: 14ms - IP: ::1","timestamp":"2026-06-19 03:28:40"}
{"level":"info","message":"HTTP Request: GET /stats - Status: 304 - Duration: 11ms - IP: ::1","timestamp":"2026-06-19 03:28:40"}
{"level":"info","message":"HTTP Request: GET /listings - Status: 304 - Duration: 22ms - IP: ::1","timestamp":"2026-06-19 03:28:40"}
{"level":"info","message":"HTTP Request: GET /users - Status: 304 - Duration: 22ms - IP: ::1","timestamp":"2026-06-19 03:28:40"}
{"level":"info","message":"HTTP Request: GET /stats - Status: 304 - Duration: 13ms - IP: ::1","timestamp":"2026-06-19 03:28:40"}
{"level":"info","message":"HTTP Request: GET /users - Status: 304 - Duration: 17ms - IP: ::1","timestamp":"2026-06-19 03:28:40"}
{"level":"info","message":"HTTP Request: GET /listings - Status: 304 - Duration: 20ms - IP: ::1","timestamp":"2026-06-19 03:28:40"}
{"level":"info","message":"HTTP Request: GET /stats - Status: 304 - Duration: 12ms - IP: ::1","timestamp":"2026-06-19 03:28:40"}
{"level":"info","message":"HTTP Request: GET /users - Status: 304 - Duration: 12ms - IP: ::1","timestamp":"2026-06-19 03:28:40"}
{"level":"info","message":"HTTP Request: GET /listings - Status: 304 - Duration: 11ms - IP: ::1","timestamp":"2026-06-19 03:28:40"}
{"level":"info","message":"HTTP Request: GET /stats - Status: 304 - Duration: 11ms - IP: ::1","timestamp":"2026-06-19 03:28:40"}
{"level":"info","message":"HTTP Request: GET /users - Status: 304 - Duration: 17ms - IP: ::1","timestamp":"2026-06-19 03:28:40"}
{"level":"info","message":"HTTP Request: GET /listings - Status: 304 - Duration: 19ms - IP: ::1","timestamp":"2026-06-19 03:28:40"}
{"level":"info","message":"HTTP Request: GET /stats - Status: 304 - Duration: 11ms - IP: ::1","timestamp":"2026-06-19 03:28:40"}
{"level":"info","message":"HTTP Request: GET /users - Status: 304 - Duration: 12ms - IP: ::1","timestamp":"2026-06-19 03:28:40"}
{"level":"info","message":"HTTP Request: GET /listings - Status: 304 - Duration: 11ms - IP: ::1","timestamp":"2026-06-19 03:28:40"}
{"level":"info","message":"HTTP Request: GET /stats - Status: 304 - Duration: 11ms - IP: ::1","timestamp":"2026-06-19 03:28:40"}
{"level":"info","message":"HTTP Request: GET /users - Status: 304 - Duration: 11ms - IP: ::1","timestamp":"2026-06-19 03:28:40"}
{"level":"info","message":"HTTP Request: GET /listings - Status: 304 - Duration: 12ms - IP: ::1","timestamp":"2026-06-19 03:28:40"}
{"level":"info","message":"HTTP Request: GET /stats - Status: 304 - Duration: 12ms - IP: ::1","timestamp":"2026-06-19 03:28:40"}
{"level":"info","message":"HTTP Request: GET /users - Status: 304 - Duration: 17ms - IP: ::1","timestamp":"2026-06-19 03:28:40"}
{"level":"info","message":"HTTP Request: GET /listings - Status: 304 - Duration: 16ms - IP: ::1","timestamp":"2026-06-19 03:28:40"}
{"level":"info","message":"HTTP Request: GET /stats - Status: 304 - Duration: 13ms - IP: ::1","timestamp":"2026-06-19 03:28:40"}
{"level":"info","message":"HTTP Request: GET /users - Status: 304 - Duration: 17ms - IP: ::1","timestamp":"2026-06-19 03:28:40"}
{"level":"info","message":"HTTP Request: GET /listings - Status: 304 - Duration: 16ms - IP: ::1","timestamp":"2026-06-19 03:28:40"}
{"level":"info","message":"HTTP Request: GET /stats - Status: 304 - Duration: 14ms - IP: ::1","timestamp":"2026-06-19 03:28:40"}
{"level":"info","message":"HTTP Request: GET /listings - Status: 304 - Duration: 12ms - IP: ::1","timestamp":"2026-06-19 03:28:40"}
{"level":"info","message":"HTTP Request: GET /users - Status: 304 - Duration: 18ms - IP: ::1","timestamp":"2026-06-19 03:28:40"}
{"level":"info","message":"HTTP Request: GET /stats - Status: 304 - Duration: 14ms - IP: ::1","timestamp":"2026-06-19 03:28:40"}
{"level":"info","message":"HTTP Request: GET /users - Status: 304 - Duration: 14ms - IP: ::1","timestamp":"2026-06-19 03:28:40"}
{"level":"info","message":"HTTP Request: GET /listings - Status: 304 - Duration: 13ms - IP: ::1","timestamp":"2026-06-19 03:28:40"}
{"level":"info","message":"HTTP Request: GET /stats - Status: 304 - Duration: 15ms - IP: ::1","timestamp":"2026-06-19 03:28:40"}
{"level":"info","message":"HTTP Request: GET /listings - Status: 304 - Duration: 17ms - IP: ::1","timestamp":"2026-06-19 03:28:40"}
{"level":"info","message":"HTTP Request: GET /users - Status: 304 - Duration: 23ms - IP: ::1","timestamp":"2026-06-19 03:28:40"}
{"level":"info","message":"HTTP Request: GET /stats - Status: 304 - Duration: 11ms - IP: ::1","timestamp":"2026-06-19 03:28:40"}
{"level":"info","message":"HTTP Request: GET /listings - Status: 304 - Duration: 14ms - IP: ::1","timestamp":"2026-06-19 03:28:40"}
{"level":"info","message":"HTTP Request: GET /users - Status: 304 - Duration: 12ms - IP: ::1","timestamp":"2026-06-19 03:28:40"}
{"level":"info","message":"HTTP Request: GET /stats - Status: 304 - Duration: 10ms - IP: ::1","timestamp":"2026-06-19 03:28:40"}
{"level":"info","message":"HTTP Request: GET /listings - Status: 304 - Duration: 14ms - IP: ::1","timestamp":"2026-06-19 03:28:40"}
{"level":"info","message":"HTTP Request: GET /users - Status: 304 - Duration: 12ms - IP: ::1","timestamp":"2026-06-19 03:28:40"}
{"level":"info","message":"HTTP Request: GET /stats - Status: 304 - Duration: 10ms - IP: ::1","timestamp":"2026-06-19 03:28:40"}
{"level":"info","message":"HTTP Request: GET /listings - Status: 304 - Duration: 14ms - IP: ::1","timestamp":"2026-06-19 03:28:40"}
{"level":"info","message":"HTTP Request: GET /users - Status: 304 - Duration: 12ms - IP: ::1","timestamp":"2026-06-19 03:28:40"}
{"level":"info","message":"HTTP Request: GET /stats - Status: 304 - Duration: 12ms - IP: ::1","timestamp":"2026-06-19 03:28:40"}
{"level":"info","message":"HTTP Request: GET /listings - Status: 304 - Duration: 12ms - IP: ::1","timestamp":"2026-06-19 03:28:40"}
{"level":"info","message":"HTTP Request: GET /users - Status: 304 - Duration: 12ms - IP: ::1","timestamp":"2026-06-19 03:28:40"}
{"level":"info","message":"HTTP Request: GET /stats - Status: 304 - Duration: 9ms - IP: ::1","timestamp":"2026-06-19 03:28:40"}
{"level":"info","message":"HTTP Request: GET /listings - Status: 304 - Duration: 15ms - IP: ::1","timestamp":"2026-06-19 03:28:40"}
{"level":"info","message":"HTTP Request: GET /users - Status: 304 - Duration: 10ms - IP: ::1","timestamp":"2026-06-19 03:28:40"}
{"level":"info","message":"HTTP Request: GET /stats - Status: 304 - Duration: 13ms - IP: ::1","timestamp":"2026-06-19 03:28:40"}
{"level":"info","message":"HTTP Request: GET /listings - Status: 304 - Duration: 16ms - IP: ::1","timestamp":"2026-06-19 03:28:40"}
{"level":"info","message":"HTTP Request: GET /users - Status: 304 - Duration: 13ms - IP: ::1","timestamp":"2026-06-19 03:28:40"}
{"level":"info","message":"HTTP Request: GET /stats - Status: 304 - Duration: 15ms - IP: ::1","timestamp":"2026-06-19 03:28:40"}
{"level":"info","message":"HTTP Request: GET /stats - Status: 304 - Duration: 12ms - IP: ::1","timestamp":"2026-06-19 03:28:40"}
{"level":"info","message":"HTTP Request: GET /listings - Status: 304 - Duration: 28ms - IP: ::1","timestamp":"2026-06-19 03:28:40"}
{"level":"info","message":"HTTP Request: GET /users - Status: 304 - Duration: 23ms - IP: ::1","timestamp":"2026-06-19 03:28:40"}
{"level":"info","message":"HTTP Request: GET /listings - Status: 304 - Duration: 11ms - IP: ::1","timestamp":"2026-06-19 03:28:40"}
{"level":"info","message":"HTTP Request: GET /users - Status: 304 - Duration: 11ms - IP: ::1","timestamp":"2026-06-19 03:28:40"}
{"level":"info","message":"HTTP Request: GET /stats - Status: 304 - Duration: 11ms - IP: ::1","timestamp":"2026-06-19 03:28:40"}
{"level":"info","message":"HTTP Request: GET /listings - Status: 304 - Duration: 14ms - IP: ::1","timestamp":"2026-06-19 03:28:40"}
{"level":"info","message":"HTTP Request: GET /users - Status: 304 - Duration: 16ms - IP: ::1","timestamp":"2026-06-19 03:28:40"}
{"level":"info","message":"HTTP Request: GET /stats - Status: 304 - Duration: 12ms - IP: ::1","timestamp":"2026-06-19 03:28:40"}
{"level":"info","message":"HTTP Request: GET /listings - Status: 304 - Duration: 14ms - IP: ::1","timestamp":"2026-06-19 03:28:40"}
{"level":"info","message":"HTTP Request: GET /users - Status: 304 - Duration: 12ms - IP: ::1","timestamp":"2026-06-19 03:28:40"}
{"level":"info","message":"HTTP Request: GET /stats - Status: 304 - Duration: 30ms - IP: ::1","timestamp":"2026-06-19 03:28:40"}
{"level":"info","message":"HTTP Request: GET /listings - Status: 304 - Duration: 38ms - IP: ::1","timestamp":"2026-06-19 03:28:40"}
{"level":"info","message":"HTTP Request: GET /users - Status: 304 - Duration: 37ms - IP: ::1","timestamp":"2026-06-19 03:28:40"}
{"level":"info","message":"HTTP Request: GET /stats - Status: 304 - Duration: 15ms - IP: ::1","timestamp":"2026-06-19 03:28:40"}
{"level":"info","message":"HTTP Request: GET /listings - Status: 304 - Duration: 10ms - IP: ::1","timestamp":"2026-06-19 03:28:40"}
{"level":"info","message":"HTTP Request: GET /users - Status: 304 - Duration: 11ms - IP: ::1","timestamp":"2026-06-19 03:28:40"}
{"level":"info","message":"HTTP Request: GET /stats - Status: 304 - Duration: 15ms - IP: ::1","timestamp":"2026-06-19 03:28:40"}
{"level":"info","message":"HTTP Request: GET /listings - Status: 304 - Duration: 20ms - IP: ::1","timestamp":"2026-06-19 03:28:40"}
{"level":"info","message":"HTTP Request: GET /users - Status: 304 - Duration: 15ms - IP: ::1","timestamp":"2026-06-19 03:28:40"}
{"level":"info","message":"HTTP Request: GET /stats - Status: 304 - Duration: 13ms - IP: ::1","timestamp":"2026-06-19 03:28:41"}
{"level":"info","message":"HTTP Request: GET /listings - Status: 304 - Duration: 13ms - IP: ::1","timestamp":"2026-06-19 03:28:41"}
{"level":"info","message":"HTTP Request: GET /users - Status: 304 - Duration: 11ms - IP: ::1","timestamp":"2026-06-19 03:28:41"}
{"level":"info","message":"HTTP Request: GET /stats - Status: 304 - Duration: 11ms - IP: ::1","timestamp":"2026-06-19 03:28:41"}
{"level":"info","message":"HTTP Request: GET /users - Status: 304 - Duration: 20ms - IP: ::1","timestamp":"2026-06-19 03:28:41"}
{"level":"info","message":"HTTP Request: GET /listings - Status: 304 - Duration: 20ms - IP: ::1","timestamp":"2026-06-19 03:28:41"}
{"level":"info","message":"HTTP Request: GET /stats - Status: 304 - Duration: 13ms - IP: ::1","timestamp":"2026-06-19 03:28:41"}
{"level":"info","message":"HTTP Request: GET /users - Status: 304 - Duration: 13ms - IP: ::1","timestamp":"2026-06-19 03:28:41"}
{"level":"info","message":"HTTP Request: GET /listings - Status: 304 - Duration: 13ms - IP: ::1","timestamp":"2026-06-19 03:28:41"}
{"level":"info","message":"HTTP Request: GET /stats - Status: 304 - Duration: 14ms - IP: ::1","timestamp":"2026-06-19 03:28:41"}
{"level":"info","message":"HTTP Request: GET /listings - Status: 304 - Duration: 18ms - IP: ::1","timestamp":"2026-06-19 03:28:41"}
{"level":"info","message":"HTTP Request: GET /users - Status: 304 - Duration: 21ms - IP: ::1","timestamp":"2026-06-19 03:28:41"}
{"level":"info","message":"HTTP Request: GET /stats - Status: 304 - Duration: 12ms - IP: ::1","timestamp":"2026-06-19 03:28:41"}
{"level":"info","message":"HTTP Request: GET /listings - Status: 304 - Duration: 10ms - IP: ::1","timestamp":"2026-06-19 03:28:41"}
{"level":"info","message":"HTTP Request: GET /users - Status: 304 - Duration: 15ms - IP: ::1","timestamp":"2026-06-19 03:28:41"}
{"level":"info","message":"HTTP Request: GET /stats - Status: 304 - Duration: 12ms - IP: ::1","timestamp":"2026-06-19 03:28:41"}
{"level":"info","message":"HTTP Request: GET /listings - Status: 304 - Duration: 12ms - IP: ::1","timestamp":"2026-06-19 03:28:41"}
{"level":"info","message":"HTTP Request: GET /users - Status: 304 - Duration: 12ms - IP: ::1","timestamp":"2026-06-19 03:28:41"}
{"level":"info","message":"HTTP Request: GET /stats - Status: 304 - Duration: 13ms - IP: ::1","timestamp":"2026-06-19 03:28:41"}
{"level":"info","message":"HTTP Request: GET /listings - Status: 304 - Duration: 15ms - IP: ::1","timestamp":"2026-06-19 03:28:41"}
{"level":"info","message":"HTTP Request: GET /users - Status: 304 - Duration: 17ms - IP: ::1","timestamp":"2026-06-19 03:28:41"}
{"level":"info","message":"HTTP Request: GET /stats - Status: 304 - Duration: 10ms - IP: ::1","timestamp":"2026-06-19 03:28:41"}
{"level":"info","message":"HTTP Request: GET /listings - Status: 304 - Duration: 11ms - IP: ::1","timestamp":"2026-06-19 03:28:41"}
{"level":"info","message":"HTTP Request: GET /users - Status: 304 - Duration: 12ms - IP: ::1","timestamp":"2026-06-19 03:28:41"}
{"level":"info","message":"HTTP Request: GET /stats - Status: 304 - Duration: 11ms - IP: ::1","timestamp":"2026-06-19 03:28:41"}
{"level":"info","message":"HTTP Request: GET /listings - Status: 304 - Duration: 12ms - IP: ::1","timestamp":"2026-06-19 03:28:41"}
{"level":"info","message":"HTTP Request: GET /users - Status: 304 - Duration: 13ms - IP: ::1","timestamp":"2026-06-19 03:28:41"}
{"level":"info","message":"HTTP Request: GET /stats - Status: 304 - Duration: 10ms - IP: ::1","timestamp":"2026-06-19 03:28:41"}
{"level":"info","message":"HTTP Request: GET /listings - Status: 304 - Duration: 16ms - IP: ::1","timestamp":"2026-06-19 03:28:41"}
{"level":"info","message":"HTTP Request: GET /users - Status: 304 - Duration: 19ms - IP: ::1","timestamp":"2026-06-19 03:28:41"}
{"level":"info","message":"HTTP Request: GET /stats - Status: 304 - Duration: 14ms - IP: ::1","timestamp":"2026-06-19 03:28:41"}
{"level":"info","message":"HTTP Request: GET /listings - Status: 304 - Duration: 13ms - IP: ::1","timestamp":"2026-06-19 03:28:41"}
{"level":"info","message":"HTTP Request: GET /users - Status: 304 - Duration: 12ms - IP: ::1","timestamp":"2026-06-19 03:28:41"}
{"level":"info","message":"HTTP Request: GET /stats - Status: 304 - Duration: 12ms - IP: ::1","timestamp":"2026-06-19 03:28:41"}
{"level":"info","message":"HTTP Request: GET /listings - Status: 304 - Duration: 14ms - IP: ::1","timestamp":"2026-06-19 03:28:41"}
{"level":"info","message":"HTTP Request: GET /users - Status: 304 - Duration: 18ms - IP: ::1","timestamp":"2026-06-19 03:28:41"}
{"level":"info","message":"HTTP Request: GET /stats - Status: 304 - Duration: 12ms - IP: ::1","timestamp":"2026-06-19 03:28:41"}
{"level":"info","message":"HTTP Request: GET /listings - Status: 304 - Duration: 16ms - IP: ::1","timestamp":"2026-06-19 03:28:41"}
{"level":"info","message":"HTTP Request: GET /users - Status: 304 - Duration: 13ms - IP: ::1","timestamp":"2026-06-19 03:28:41"}
{"level":"info","message":"HTTP Request: GET /stats - Status: 304 - Duration: 13ms - IP: ::1","timestamp":"2026-06-19 03:28:41"}
{"level":"info","message":"HTTP Request: GET /users - Status: 304 - Duration: 26ms - IP: ::1","timestamp":"2026-06-19 03:28:41"}
{"level":"info","message":"HTTP Request: GET /listings - Status: 304 - Duration: 23ms - IP: ::1","timestamp":"2026-06-19 03:28:41"}
{"level":"info","message":"HTTP Request: GET /stats - Status: 304 - Duration: 17ms - IP: ::1","timestamp":"2026-06-19 03:28:41"}
{"level":"info","message":"HTTP Request: GET /users - Status: 304 - Duration: 14ms - IP: ::1","timestamp":"2026-06-19 03:28:41"}
{"level":"info","message":"HTTP Request: GET /listings - Status: 304 - Duration: 12ms - IP: ::1","timestamp":"2026-06-19 03:28:41"}
{"level":"info","message":"HTTP Request: GET /stats - Status: 304 - Duration: 12ms - IP: ::1","timestamp":"2026-06-19 03:28:41"}
{"level":"info","message":"HTTP Request: GET /users - Status: 304 - Duration: 21ms - IP: ::1","timestamp":"2026-06-19 03:28:41"}
{"level":"info","message":"HTTP Request: GET /listings - Status: 304 - Duration: 22ms - IP: ::1","timestamp":"2026-06-19 03:28:41"}
{"level":"info","message":"HTTP Request: GET /stats - Status: 304 - Duration: 15ms - IP: ::1","timestamp":"2026-06-19 03:28:41"}
{"level":"info","message":"HTTP Request: GET /users - Status: 304 - Duration: 14ms - IP: ::1","timestamp":"2026-06-19 03:28:41"}
{"level":"info","message":"HTTP Request: GET /listings - Status: 304 - Duration: 12ms - IP: ::1","timestamp":"2026-06-19 03:28:41"}
{"level":"info","message":"HTTP Request: GET /stats - Status: 304 - Duration: 10ms - IP: ::1","timestamp":"2026-06-19 03:28:41"}
{"level":"info","message":"HTTP Request: GET /users - Status: 304 - Duration: 15ms - IP: ::1","timestamp":"2026-06-19 03:28:41"}
{"level":"info","message":"HTTP Request: GET /listings - Status: 304 - Duration: 16ms - IP: ::1","timestamp":"2026-06-19 03:28:41"}
{"level":"info","message":"HTTP Request: GET /stats - Status: 304 - Duration: 12ms - IP: ::1","timestamp":"2026-06-19 03:28:41"}
{"level":"info","message":"HTTP Request: GET /users - Status: 304 - Duration: 13ms - IP: ::1","timestamp":"2026-06-19 03:28:41"}
{"level":"info","message":"HTTP Request: GET /listings - Status: 304 - Duration: 12ms - IP: ::1","timestamp":"2026-06-19 03:28:41"}
{"level":"info","message":"HTTP Request: GET /stats - Status: 304 - Duration: 16ms - IP: ::1","timestamp":"2026-06-19 03:28:41"}
{"level":"info","message":"HTTP Request: GET /listings - Status: 304 - Duration: 18ms - IP: ::1","timestamp":"2026-06-19 03:28:41"}
{"level":"info","message":"HTTP Request: GET /users - Status: 304 - Duration: 24ms - IP: ::1","timestamp":"2026-06-19 03:28:41"}
{"level":"info","message":"HTTP Request: GET /stats - Status: 304 - Duration: 11ms - IP: ::1","timestamp":"2026-06-19 03:28:41"}
{"level":"info","message":"HTTP Request: GET /listings - Status: 304 - Duration: 13ms - IP: ::1","timestamp":"2026-06-19 03:28:41"}
{"level":"info","message":"HTTP Request: GET /users - Status: 304 - Duration: 12ms - IP: ::1","timestamp":"2026-06-19 03:28:41"}
{"level":"info","message":"HTTP Request: GET /stats - Status: 304 - Duration: 12ms - IP: ::1","timestamp":"2026-06-19 03:28:41"}
{"level":"info","message":"HTTP Request: GET /listings - Status: 304 - Duration: 21ms - IP: ::1","timestamp":"2026-06-19 03:28:41"}
{"level":"info","message":"HTTP Request: GET /users - Status: 304 - Duration: 19ms - IP: ::1","timestamp":"2026-06-19 03:28:41"}
{"level":"info","message":"HTTP Request: GET /stats - Status: 304 - Duration: 16ms - IP: ::1","timestamp":"2026-06-19 03:28:41"}
{"level":"info","message":"HTTP Request: GET /listings - Status: 304 - Duration: 12ms - IP: ::1","timestamp":"2026-06-19 03:28:41"}
{"level":"info","message":"HTTP Request: GET /users - Status: 304 - Duration: 10ms - IP: ::1","timestamp":"2026-06-19 03:28:41"}
{"level":"info","message":"HTTP Request: GET /stats - Status: 304 - Duration: 12ms - IP: ::1","timestamp":"2026-06-19 03:28:41"}
{"level":"info","message":"HTTP Request: GET /listings - Status: 304 - Duration: 16ms - IP: ::1","timestamp":"2026-06-19 03:28:41"}
{"level":"info","message":"HTTP Request: GET /users - Status: 304 - Duration: 14ms - IP: ::1","timestamp":"2026-06-19 03:28:41"}
{"level":"info","message":"HTTP Request: GET /stats - Status: 304 - Duration: 13ms - IP: ::1","timestamp":"2026-06-19 03:28:41"}
{"level":"info","message":"HTTP Request: GET /listings - Status: 304 - Duration: 13ms - IP: ::1","timestamp":"2026-06-19 03:28:41"}
{"level":"info","message":"HTTP Request: GET /users - Status: 304 - Duration: 16ms - IP: ::1","timestamp":"2026-06-19 03:28:41"}
{"level":"info","message":"HTTP Request: GET /stats - Status: 304 - Duration: 9ms - IP: ::1","timestamp":"2026-06-19 03:28:41"}
{"level":"info","message":"HTTP Request: GET /listings - Status: 304 - Duration: 13ms - IP: ::1","timestamp":"2026-06-19 03:28:41"}
{"level":"info","message":"HTTP Request: GET /users - Status: 304 - Duration: 17ms - IP: ::1","timestamp":"2026-06-19 03:28:41"}
{"level":"info","message":"HTTP Request: GET /stats - Status: 304 - Duration: 14ms - IP: ::1","timestamp":"2026-06-19 03:28:41"}
{"level":"info","message":"HTTP Request: GET /listings - Status: 304 - Duration: 15ms - IP: ::1","timestamp":"2026-06-19 03:28:41"}
{"level":"info","message":"HTTP Request: GET /users - Status: 304 - Duration: 16ms - IP: ::1","timestamp":"2026-06-19 03:28:41"}
{"level":"info","message":"HTTP Request: GET /stats - Status: 304 - Duration: 12ms - IP: ::1","timestamp":"2026-06-19 03:28:41"}
{"level":"info","message":"HTTP Request: GET /users - Status: 304 - Duration: 23ms - IP: ::1","timestamp":"2026-06-19 03:28:41"}
{"level":"info","message":"HTTP Request: GET /listings - Status: 304 - Duration: 21ms - IP: ::1","timestamp":"2026-06-19 03:28:41"}
{"level":"info","message":"HTTP Request: GET /stats - Status: 304 - Duration: 13ms - IP: ::1","timestamp":"2026-06-19 03:28:41"}
{"level":"info","message":"HTTP Request: GET /users - Status: 304 - Duration: 14ms - IP: ::1","timestamp":"2026-06-19 03:28:41"}
{"level":"info","message":"HTTP Request: GET /listings - Status: 304 - Duration: 13ms - IP: ::1","timestamp":"2026-06-19 03:28:41"}
{"level":"info","message":"HTTP Request: GET /stats - Status: 304 - Duration: 16ms - IP: ::1","timestamp":"2026-06-19 03:28:41"}
{"level":"info","message":"HTTP Request: GET /users - Status: 304 - Duration: 14ms - IP: ::1","timestamp":"2026-06-19 03:28:41"}
{"level":"info","message":"HTTP Request: GET /listings - Status: 304 - Duration: 13ms - IP: ::1","timestamp":"2026-06-19 03:28:41"}
{"level":"info","message":"HTTP Request: GET /stats - Status: 304 - Duration: 13ms - IP: ::1","timestamp":"2026-06-19 03:28:41"}
{"level":"info","message":"HTTP Request: GET /users - Status: 304 - Duration: 18ms - IP: ::1","timestamp":"2026-06-19 03:28:41"}
{"level":"info","message":"HTTP Request: GET /listings - Status: 304 - Duration: 14ms - IP: ::1","timestamp":"2026-06-19 03:28:41"}
{"level":"info","message":"HTTP Request: GET /stats - Status: 304 - Duration: 13ms - IP: ::1","timestamp":"2026-06-19 03:28:41"}
{"level":"info","message":"HTTP Request: GET /listings - Status: 304 - Duration: 12ms - IP: ::1","timestamp":"2026-06-19 03:28:41"}
{"level":"info","message":"HTTP Request: GET /users - Status: 304 - Duration: 16ms - IP: ::1","timestamp":"2026-06-19 03:28:41"}
{"level":"info","message":"HTTP Request: GET /stats - Status: 304 - Duration: 13ms - IP: ::1","timestamp":"2026-06-19 03:28:42"}
{"level":"info","message":"HTTP Request: GET /listings - Status: 304 - Duration: 15ms - IP: ::1","timestamp":"2026-06-19 03:28:42"}
{"level":"info","message":"HTTP Request: GET /users - Status: 304 - Duration: 13ms - IP: ::1","timestamp":"2026-06-19 03:28:42"}
{"level":"info","message":"HTTP Request: GET /stats - Status: 304 - Duration: 13ms - IP: ::1","timestamp":"2026-06-19 03:28:42"}
{"level":"info","message":"HTTP Request: GET /listings - Status: 304 - Duration: 15ms - IP: ::1","timestamp":"2026-06-19 03:28:42"}
{"level":"info","message":"HTTP Request: GET /users - Status: 304 - Duration: 16ms - IP: ::1","timestamp":"2026-06-19 03:28:42"}
{"level":"info","message":"HTTP Request: GET /stats - Status: 304 - Duration: 15ms - IP: ::1","timestamp":"2026-06-19 03:28:42"}
{"level":"info","message":"HTTP Request: GET /listings - Status: 304 - Duration: 16ms - IP: ::1","timestamp":"2026-06-19 03:28:42"}
{"level":"info","message":"HTTP Request: GET /users - Status: 304 - Duration: 14ms - IP: ::1","timestamp":"2026-06-19 03:28:42"}
{"level":"info","message":"HTTP Request: GET /stats - Status: 304 - Duration: 14ms - IP: ::1","timestamp":"2026-06-19 03:28:42"}
{"level":"info","message":"HTTP Request: GET /listings - Status: 304 - Duration: 18ms - IP: ::1","timestamp":"2026-06-19 03:28:42"}
{"level":"info","message":"HTTP Request: GET /users - Status: 304 - Duration: 13ms - IP: ::1","timestamp":"2026-06-19 03:28:42"}
{"level":"info","message":"HTTP Request: GET /stats - Status: 304 - Duration: 12ms - IP: ::1","timestamp":"2026-06-19 03:28:42"}
{"level":"info","message":"HTTP Request: GET /listings - Status: 304 - Duration: 14ms - IP: ::1","timestamp":"2026-06-19 03:28:42"}
{"level":"info","message":"HTTP Request: GET /users - Status: 304 - Duration: 25ms - IP: ::1","timestamp":"2026-06-19 03:28:42"}
{"level":"info","message":"HTTP Request: GET /stats - Status: 304 - Duration: 14ms - IP: ::1","timestamp":"2026-06-19 03:28:42"}
{"level":"info","message":"HTTP Request: GET /listings - Status: 304 - Duration: 15ms - IP: ::1","timestamp":"2026-06-19 03:28:42"}
{"level":"info","message":"HTTP Request: GET /users - Status: 304 - Duration: 16ms - IP: ::1","timestamp":"2026-06-19 03:28:42"}
{"level":"info","message":"HTTP Request: GET /stats - Status: 304 - Duration: 13ms - IP: ::1","timestamp":"2026-06-19 03:28:42"}
{"level":"info","message":"HTTP Request: GET /listings - Status: 304 - Duration: 15ms - IP: ::1","timestamp":"2026-06-19 03:28:42"}
{"level":"info","message":"HTTP Request: GET /users - Status: 304 - Duration: 15ms - IP: ::1","timestamp":"2026-06-19 03:28:42"}
{"level":"info","message":"HTTP Request: GET /stats - Status: 304 - Duration: 10ms - IP: ::1","timestamp":"2026-06-19 03:28:42"}
{"level":"info","message":"HTTP Request: GET /listings - Status: 304 - Duration: 16ms - IP: ::1","timestamp":"2026-06-19 03:28:42"}
{"level":"info","message":"HTTP Request: GET /users - Status: 304 - Duration: 21ms - IP: ::1","timestamp":"2026-06-19 03:28:42"}
{"level":"info","message":"HTTP Request: GET /stats - Status: 304 - Duration: 14ms - IP: ::1","timestamp":"2026-06-19 03:28:42"}
{"level":"info","message":"HTTP Request: GET /listings - Status: 304 - Duration: 12ms - IP: ::1","timestamp":"2026-06-19 03:28:42"}
{"level":"info","message":"HTTP Request: GET /users - Status: 304 - Duration: 14ms - IP: ::1","timestamp":"2026-06-19 03:28:42"}
{"level":"info","message":"HTTP Request: GET /stats - Status: 304 - Duration: 12ms - IP: ::1","timestamp":"2026-06-19 03:28:42"}
{"level":"info","message":"HTTP Request: GET /listings - Status: 304 - Duration: 15ms - IP: ::1","timestamp":"2026-06-19 03:28:42"}
{"level":"info","message":"HTTP Request: GET /stats - Status: 304 - Duration: 14ms - IP: ::1","timestamp":"2026-06-19 03:28:42"}
{"level":"info","message":"HTTP Request: GET /users - Status: 304 - Duration: 24ms - IP: ::1","timestamp":"2026-06-19 03:28:42"}
{"level":"info","message":"HTTP Request: GET /listings - Status: 304 - Duration: 16ms - IP: ::1","timestamp":"2026-06-19 03:28:42"}
{"level":"info","message":"HTTP Request: GET /users - Status: 304 - Duration: 13ms - IP: ::1","timestamp":"2026-06-19 03:28:42"}
{"level":"info","message":"HTTP Request: GET /stats - Status: 304 - Duration: 12ms - IP: ::1","timestamp":"2026-06-19 03:28:42"}
{"level":"info","message":"HTTP Request: GET /listings - Status: 304 - Duration: 14ms - IP: ::1","timestamp":"2026-06-19 03:28:42"}
{"level":"info","message":"HTTP Request: GET /users - Status: 304 - Duration: 14ms - IP: ::1","timestamp":"2026-06-19 03:28:42"}
{"level":"info","message":"HTTP Request: GET /stats - Status: 304 - Duration: 10ms - IP: ::1","timestamp":"2026-06-19 03:28:42"}
{"level":"info","message":"HTTP Request: GET /listings - Status: 304 - Duration: 15ms - IP: ::1","timestamp":"2026-06-19 03:28:42"}
{"level":"info","message":"HTTP Request: GET /users - Status: 304 - Duration: 15ms - IP: ::1","timestamp":"2026-06-19 03:28:42"}
{"level":"info","message":"HTTP Request: GET /stats - Status: 304 - Duration: 12ms - IP: ::1","timestamp":"2026-06-19 03:28:42"}
{"level":"info","message":"HTTP Request: GET /listings - Status: 304 - Duration: 16ms - IP: ::1","timestamp":"2026-06-19 03:28:42"}
{"level":"info","message":"HTTP Request: GET /users - Status: 304 - Duration: 15ms - IP: ::1","timestamp":"2026-06-19 03:28:42"}
{"level":"info","message":"HTTP Request: GET /stats - Status: 304 - Duration: 12ms - IP: ::1","timestamp":"2026-06-19 03:28:42"}
{"level":"info","message":"HTTP Request: GET /listings - Status: 304 - Duration: 15ms - IP: ::1","timestamp":"2026-06-19 03:28:42"}
{"level":"info","message":"HTTP Request: GET /users - Status: 304 - Duration: 12ms - IP: ::1","timestamp":"2026-06-19 03:28:42"}
{"level":"info","message":"HTTP Request: GET /stats - Status: 304 - Duration: 15ms - IP: ::1","timestamp":"2026-06-19 03:28:42"}
{"level":"info","message":"HTTP Request: GET /listings - Status: 304 - Duration: 23ms - IP: ::1","timestamp":"2026-06-19 03:28:42"}
{"level":"info","message":"HTTP Request: GET /users - Status: 304 - Duration: 21ms - IP: ::1","timestamp":"2026-06-19 03:28:42"}
{"level":"info","message":"HTTP Request: GET /stats - Status: 304 - Duration: 13ms - IP: ::1","timestamp":"2026-06-19 03:28:42"}
{"level":"info","message":"HTTP Request: GET /listings - Status: 304 - Duration: 11ms - IP: ::1","timestamp":"2026-06-19 03:28:42"}
{"level":"info","message":"HTTP Request: GET /users - Status: 304 - Duration: 12ms - IP: ::1","timestamp":"2026-06-19 03:28:42"}
{"level":"info","message":"HTTP Request: GET /stats - Status: 304 - Duration: 11ms - IP: ::1","timestamp":"2026-06-19 03:28:42"}
{"level":"info","message":"HTTP Request: GET /listings - Status: 304 - Duration: 14ms - IP: ::1","timestamp":"2026-06-19 03:28:42"}
{"level":"info","message":"HTTP Request: GET /users - Status: 304 - Duration: 22ms - IP: ::1","timestamp":"2026-06-19 03:28:42"}
{"level":"info","message":"HTTP Request: GET /stats - Status: 304 - Duration: 15ms - IP: ::1","timestamp":"2026-06-19 03:28:42"}
{"level":"info","message":"HTTP Request: GET /listings - Status: 304 - Duration: 17ms - IP: ::1","timestamp":"2026-06-19 03:28:42"}
{"level":"info","message":"HTTP Request: GET /users - Status: 304 - Duration: 15ms - IP: ::1","timestamp":"2026-06-19 03:28:42"}
{"level":"info","message":"HTTP Request: GET /stats - Status: 304 - Duration: 14ms - IP: ::1","timestamp":"2026-06-19 03:28:42"}
{"level":"info","message":"HTTP Request: GET /listings - Status: 304 - Duration: 22ms - IP: ::1","timestamp":"2026-06-19 03:28:42"}
{"level":"info","message":"HTTP Request: GET /users - Status: 304 - Duration: 18ms - IP: ::1","timestamp":"2026-06-19 03:28:42"}
{"level":"info","message":"HTTP Request: GET /stats - Status: 304 - Duration: 15ms - IP: ::1","timestamp":"2026-06-19 03:28:42"}
{"level":"info","message":"HTTP Request: GET /listings - Status: 304 - Duration: 15ms - IP: ::1","timestamp":"2026-06-19 03:28:42"}
{"level":"info","message":"HTTP Request: GET /users - Status: 304 - Duration: 12ms - IP: ::1","timestamp":"2026-06-19 03:28:42"}
{"level":"info","message":"HTTP Request: GET /stats - Status: 304 - Duration: 11ms - IP: ::1","timestamp":"2026-06-19 03:28:42"}
{"level":"info","message":"HTTP Request: GET /listings - Status: 304 - Duration: 13ms - IP: ::1","timestamp":"2026-06-19 03:28:42"}
{"level":"info","message":"HTTP Request: GET /users - Status: 304 - Duration: 11ms - IP: ::1","timestamp":"2026-06-19 03:28:42"}
{"level":"info","message":"HTTP Request: GET /stats - Status: 304 - Duration: 10ms - IP: ::1","timestamp":"2026-06-19 03:28:42"}
{"level":"info","message":"HTTP Request: GET /listings - Status: 304 - Duration: 21ms - IP: ::1","timestamp":"2026-06-19 03:28:42"}
{"level":"info","message":"HTTP Request: GET /stats - Status: 304 - Duration: 12ms - IP: ::1","timestamp":"2026-06-19 03:28:42"}
{"level":"info","message":"HTTP Request: GET /users - Status: 304 - Duration: 21ms - IP: ::1","timestamp":"2026-06-19 03:28:42"}
{"level":"info","message":"HTTP Request: GET /listings - Status: 304 - Duration: 11ms - IP: ::1","timestamp":"2026-06-19 03:28:42"}
{"level":"info","message":"HTTP Request: GET /users - Status: 304 - Duration: 12ms - IP: ::1","timestamp":"2026-06-19 03:28:42"}
{"level":"info","message":"HTTP Request: GET /stats - Status: 304 - Duration: 11ms - IP: ::1","timestamp":"2026-06-19 03:28:42"}
{"level":"info","message":"HTTP Request: GET /listings - Status: 304 - Duration: 20ms - IP: ::1","timestamp":"2026-06-19 03:28:42"}
{"level":"info","message":"HTTP Request: GET /users - Status: 304 - Duration: 20ms - IP: ::1","timestamp":"2026-06-19 03:28:42"}
{"level":"info","message":"HTTP Request: GET /stats - Status: 304 - Duration: 24ms - IP: ::1","timestamp":"2026-06-19 03:28:42"}
{"level":"info","message":"HTTP Request: GET /users - Status: 304 - Duration: 20ms - IP: ::1","timestamp":"2026-06-19 03:28:42"}
{"level":"info","message":"HTTP Request: GET /listings - Status: 304 - Duration: 23ms - IP: ::1","timestamp":"2026-06-19 03:28:42"}
{"level":"info","message":"HTTP Request: GET /stats - Status: 304 - Duration: 11ms - IP: ::1","timestamp":"2026-06-19 03:28:42"}
{"level":"info","message":"HTTP Request: GET /users - Status: 304 - Duration: 12ms - IP: ::1","timestamp":"2026-06-19 03:28:42"}
{"level":"info","message":"HTTP Request: GET /listings - Status: 304 - Duration: 12ms - IP: ::1","timestamp":"2026-06-19 03:28:42"}
{"level":"info","message":"HTTP Request: GET /stats - Status: 304 - Duration: 13ms - IP: ::1","timestamp":"2026-06-19 03:28:42"}
{"level":"info","message":"HTTP Request: GET /users - Status: 304 - Duration: 25ms - IP: ::1","timestamp":"2026-06-19 03:28:42"}
{"level":"info","message":"HTTP Request: GET /listings - Status: 304 - Duration: 24ms - IP: ::1","timestamp":"2026-06-19 03:28:42"}
{"level":"info","message":"HTTP Request: GET /stats - Status: 304 - Duration: 15ms - IP: ::1","timestamp":"2026-06-19 03:28:42"}
{"level":"info","message":"HTTP Request: GET /users - Status: 304 - Duration: 14ms - IP: ::1","timestamp":"2026-06-19 03:28:42"}
{"level":"info","message":"HTTP Request: GET /listings - Status: 304 - Duration: 25ms - IP: ::1","timestamp":"2026-06-19 03:28:42"}
{"level":"info","message":"HTTP Request: GET /stats - Status: 304 - Duration: 14ms - IP: ::1","timestamp":"2026-06-19 03:28:42"}
{"level":"info","message":"HTTP Request: GET /users - Status: 304 - Duration: 16ms - IP: ::1","timestamp":"2026-06-19 03:28:42"}
{"level":"info","message":"HTTP Request: GET /listings - Status: 304 - Duration: 15ms - IP: ::1","timestamp":"2026-06-19 03:28:42"}
{"level":"info","message":"HTTP Request: GET /stats - Status: 304 - Duration: 14ms - IP: ::1","timestamp":"2026-06-19 03:28:42"}
{"level":"info","message":"HTTP Request: GET /users - Status: 304 - Duration: 15ms - IP: ::1","timestamp":"2026-06-19 03:28:42"}
{"level":"info","message":"HTTP Request: GET /listings - Status: 304 - Duration: 12ms - IP: ::1","timestamp":"2026-06-19 03:28:42"}
{"level":"info","message":"HTTP Request: GET /stats - Status: 304 - Duration: 13ms - IP: ::1","timestamp":"2026-06-19 03:28:42"}
{"level":"info","message":"HTTP Request: GET /users - Status: 304 - Duration: 16ms - IP: ::1","timestamp":"2026-06-19 03:28:42"}
{"level":"info","message":"HTTP Request: GET /listings - Status: 304 - Duration: 15ms - IP: ::1","timestamp":"2026-06-19 03:28:42"}
{"level":"info","message":"HTTP Request: GET /stats - Status: 304 - Duration: 11ms - IP: ::1","timestamp":"2026-06-19 03:28:42"}
{"level":"info","message":"HTTP Request: GET /users - Status: 304 - Duration: 23ms - IP: ::1","timestamp":"2026-06-19 03:28:42"}
{"level":"info","message":"HTTP Request: GET /listings - Status: 304 - Duration: 21ms - IP: ::1","timestamp":"2026-06-19 03:28:42"}
{"level":"info","message":"HTTP Request: GET /stats - Status: 304 - Duration: 13ms - IP: ::1","timestamp":"2026-06-19 03:28:42"}
{"level":"info","message":"HTTP Request: GET /users - Status: 304 - Duration: 13ms - IP: ::1","timestamp":"2026-06-19 03:28:42"}
{"level":"info","message":"HTTP Request: GET /listings - Status: 304 - Duration: 12ms - IP: ::1","timestamp":"2026-06-19 03:28:42"}
{"level":"info","message":"HTTP Request: GET /stats - Status: 304 - Duration: 11ms - IP: ::1","timestamp":"2026-06-19 03:28:42"}
{"level":"info","message":"HTTP Request: GET /users - Status: 304 - Duration: 21ms - IP: ::1","timestamp":"2026-06-19 03:28:42"}
{"level":"info","message":"HTTP Request: GET /listings - Status: 304 - Duration: 20ms - IP: ::1","timestamp":"2026-06-19 03:28:43"}
{"level":"info","message":"HTTP Request: GET /stats - Status: 304 - Duration: 14ms - IP: ::1","timestamp":"2026-06-19 03:28:43"}
{"level":"info","message":"HTTP Request: GET /users - Status: 304 - Duration: 15ms - IP: ::1","timestamp":"2026-06-19 03:28:43"}
{"level":"info","message":"HTTP Request: GET /listings - Status: 304 - Duration: 13ms - IP: ::1","timestamp":"2026-06-19 03:28:43"}
{"level":"info","message":"HTTP Request: GET /stats - Status: 304 - Duration: 15ms - IP: ::1","timestamp":"2026-06-19 03:28:43"}
{"level":"info","message":"HTTP Request: GET /users - Status: 304 - Duration: 13ms - IP: ::1","timestamp":"2026-06-19 03:28:43"}
{"level":"info","message":"HTTP Request: GET /listings - Status: 304 - Duration: 14ms - IP: ::1","timestamp":"2026-06-19 03:28:43"}
{"level":"info","message":"HTTP Request: GET /stats - Status: 304 - Duration: 13ms - IP: ::1","timestamp":"2026-06-19 03:28:43"}
{"level":"info","message":"HTTP Request: GET /users - Status: 304 - Duration: 17ms - IP: ::1","timestamp":"2026-06-19 03:28:43"}
{"level":"info","message":"HTTP Request: GET /listings - Status: 304 - Duration: 13ms - IP: ::1","timestamp":"2026-06-19 03:28:43"}
{"level":"info","message":"HTTP Request: GET /stats - Status: 304 - Duration: 13ms - IP: ::1","timestamp":"2026-06-19 03:28:43"}
{"level":"info","message":"HTTP Request: GET /listings - Status: 304 - Duration: 12ms - IP: ::1","timestamp":"2026-06-19 03:28:43"}
{"level":"info","message":"HTTP Request: GET /users - Status: 304 - Duration: 16ms - IP: ::1","timestamp":"2026-06-19 03:28:43"}
{"level":"info","message":"HTTP Request: GET /stats - Status: 304 - Duration: 10ms - IP: ::1","timestamp":"2026-06-19 03:28:43"}
{"level":"info","message":"HTTP Request: GET /listings - Status: 304 - Duration: 14ms - IP: ::1","timestamp":"2026-06-19 03:28:43"}
{"level":"info","message":"HTTP Request: GET /users - Status: 304 - Duration: 17ms - IP: ::1","timestamp":"2026-06-19 03:28:43"}
{"level":"info","message":"HTTP Request: GET /stats - Status: 304 - Duration: 14ms - IP: ::1","timestamp":"2026-06-19 03:28:43"}
{"level":"info","message":"HTTP Request: GET /listings - Status: 304 - Duration: 15ms - IP: ::1","timestamp":"2026-06-19 03:28:43"}
{"level":"info","message":"HTTP Request: GET /users - Status: 304 - Duration: 13ms - IP: ::1","timestamp":"2026-06-19 03:28:43"}
{"level":"info","message":"HTTP Request: GET /stats - Status: 304 - Duration: 11ms - IP: ::1","timestamp":"2026-06-19 03:28:43"}
{"level":"info","message":"HTTP Request: GET /listings - Status: 304 - Duration: 23ms - IP: ::1","timestamp":"2026-06-19 03:28:43"}
{"level":"info","message":"HTTP Request: GET /users - Status: 304 - Duration: 18ms - IP: ::1","timestamp":"2026-06-19 03:28:43"}
{"level":"info","message":"HTTP Request: GET /stats - Status: 304 - Duration: 11ms - IP: ::1","timestamp":"2026-06-19 03:28:43"}
{"level":"info","message":"HTTP Request: GET /listings - Status: 304 - Duration: 14ms - IP: ::1","timestamp":"2026-06-19 03:28:43"}
{"level":"info","message":"HTTP Request: GET /users - Status: 304 - Duration: 11ms - IP: ::1","timestamp":"2026-06-19 03:28:43"}
{"level":"info","message":"HTTP Request: GET /stats - Status: 304 - Duration: 13ms - IP: ::1","timestamp":"2026-06-19 03:28:43"}
{"level":"info","message":"HTTP Request: GET /listings - Status: 304 - Duration: 19ms - IP: ::1","timestamp":"2026-06-19 03:28:43"}
{"level":"info","message":"HTTP Request: GET /users - Status: 304 - Duration: 20ms - IP: ::1","timestamp":"2026-06-19 03:28:43"}
{"level":"info","message":"HTTP Request: GET /stats - Status: 304 - Duration: 13ms - IP: ::1","timestamp":"2026-06-19 03:28:43"}
{"level":"info","message":"HTTP Request: GET /listings - Status: 304 - Duration: 12ms - IP: ::1","timestamp":"2026-06-19 03:28:43"}
{"level":"info","message":"HTTP Request: GET /users - Status: 304 - Duration: 12ms - IP: ::1","timestamp":"2026-06-19 03:28:43"}
{"level":"info","message":"HTTP Request: GET /stats - Status: 304 - Duration: 14ms - IP: ::1","timestamp":"2026-06-19 03:28:43"}
{"level":"info","message":"HTTP Request: GET /listings - Status: 304 - Duration: 14ms - IP: ::1","timestamp":"2026-06-19 03:28:43"}
{"level":"info","message":"HTTP Request: GET /users - Status: 304 - Duration: 19ms - IP: ::1","timestamp":"2026-06-19 03:28:43"}
{"level":"info","message":"HTTP Request: GET /stats - Status: 304 - Duration: 10ms - IP: ::1","timestamp":"2026-06-19 03:28:43"}
{"level":"info","message":"HTTP Request: GET /listings - Status: 304 - Duration: 13ms - IP: ::1","timestamp":"2026-06-19 03:28:43"}
{"level":"info","message":"HTTP Request: GET /users - Status: 304 - Duration: 12ms - IP: ::1","timestamp":"2026-06-19 03:28:43"}
{"level":"info","message":"HTTP Request: GET /stats - Status: 304 - Duration: 13ms - IP: ::1","timestamp":"2026-06-19 03:28:43"}
{"level":"info","message":"HTTP Request: GET /listings - Status: 304 - Duration: 11ms - IP: ::1","timestamp":"2026-06-19 03:28:43"}
{"level":"info","message":"HTTP Request: GET /users - Status: 304 - Duration: 11ms - IP: ::1","timestamp":"2026-06-19 03:28:43"}
{"level":"info","message":"HTTP Request: GET /stats - Status: 304 - Duration: 15ms - IP: ::1","timestamp":"2026-06-19 03:28:43"}
{"level":"info","message":"HTTP Request: GET /listings - Status: 304 - Duration: 19ms - IP: ::1","timestamp":"2026-06-19 03:28:43"}
{"level":"info","message":"HTTP Request: GET /users - Status: 304 - Duration: 22ms - IP: ::1","timestamp":"2026-06-19 03:28:43"}
{"level":"info","message":"HTTP Request: GET /stats - Status: 304 - Duration: 15ms - IP: ::1","timestamp":"2026-06-19 03:28:43"}
{"level":"info","message":"HTTP Request: GET /listings - Status: 304 - Duration: 12ms - IP: ::1","timestamp":"2026-06-19 03:28:43"}
{"level":"info","message":"HTTP Request: GET /users - Status: 304 - Duration: 12ms - IP: ::1","timestamp":"2026-06-19 03:28:43"}
{"level":"info","message":"HTTP Request: GET /stats - Status: 304 - Duration: 11ms - IP: ::1","timestamp":"2026-06-19 03:28:43"}
{"level":"info","message":"HTTP Request: GET /listings - Status: 304 - Duration: 15ms - IP: ::1","timestamp":"2026-06-19 03:28:43"}
{"level":"info","message":"HTTP Request: GET /users - Status: 304 - Duration: 19ms - IP: ::1","timestamp":"2026-06-19 03:28:43"}
{"level":"info","message":"HTTP Request: GET /stats - Status: 304 - Duration: 13ms - IP: ::1","timestamp":"2026-06-19 03:28:43"}
{"level":"info","message":"HTTP Request: GET /listings - Status: 304 - Duration: 13ms - IP: ::1","timestamp":"2026-06-19 03:28:43"}
{"level":"info","message":"HTTP Request: GET /users - Status: 304 - Duration: 11ms - IP: ::1","timestamp":"2026-06-19 03:28:43"}
{"level":"info","message":"HTTP Request: GET /stats - Status: 304 - Duration: 10ms - IP: ::1","timestamp":"2026-06-19 03:28:43"}
{"level":"info","message":"HTTP Request: GET /listings - Status: 304 - Duration: 15ms - IP: ::1","timestamp":"2026-06-19 03:28:43"}
{"level":"info","message":"HTTP Request: GET /users - Status: 304 - Duration: 17ms - IP: ::1","timestamp":"2026-06-19 03:28:43"}
{"level":"info","message":"HTTP Request: GET /stats - Status: 304 - Duration: 36ms - IP: ::1","timestamp":"2026-06-19 03:28:43"}
{"level":"info","message":"HTTP Request: GET /listings - Status: 304 - Duration: 24ms - IP: ::1","timestamp":"2026-06-19 03:28:43"}
{"level":"info","message":"HTTP Request: GET /users - Status: 304 - Duration: 24ms - IP: ::1","timestamp":"2026-06-19 03:28:43"}
{"level":"info","message":"HTTP Request: GET /my?page=1&limit=5 - Status: 200 - Duration: 9ms - IP: ::1","timestamp":"2026-06-19 03:28:43"}
{"level":"info","message":"HTTP Request: GET /unread-count - Status: 304 - Duration: 5ms - IP: ::1","timestamp":"2026-06-19 03:28:43"}
{"level":"info","message":"HTTP Request: GET /unread-count - Status: 304 - Duration: 5ms - IP: ::1","timestamp":"2026-06-19 03:28:43"}
{"level":"info","message":"HTTP Request: GET /my?page=1&limit=5 - Status: 304 - Duration: 11ms - IP: ::1","timestamp":"2026-06-19 03:28:43"}
{"level":"info","message":"HTTP Request: GET / - Status: 304 - Duration: 8ms - IP: ::1","timestamp":"2026-06-19 03:28:43"}
{"level":"info","message":"HTTP Request: GET / - Status: 304 - Duration: 5ms - IP: ::1","timestamp":"2026-06-19 03:28:43"}
{"level":"info","message":"HTTP Request: GET /?page=1&limit=10 - Status: 304 - Duration: 7ms - IP: ::1","timestamp":"2026-06-19 03:28:43"}
{"level":"info","message":"HTTP Request: GET /?page=1&limit=9 - Status: 304 - Duration: 9ms - IP: ::1","timestamp":"2026-06-19 03:28:44"}
{"level":"info","message":"HTTP Request: GET /ids - Status: 200 - Duration: 6ms - IP: ::1","timestamp":"2026-06-19 03:28:44"}
{"level":"info","message":"HTTP Request: GET /ids - Status: 200 - Duration: 6ms - IP: ::1","timestamp":"2026-06-19 03:28:44"}
{"level":"info","message":"HTTP Request: GET /?type=Fresh&page=1&limit=20&lat=15.968056967921283&lng=108.26234798201149 - Status: 304 - Duration: 5ms - IP: ::1","timestamp":"2026-06-19 03:28:45"}
{"level":"info","message":"HTTP Request: GET /6a344c9de124fea1fddb18f0 - Status: 200 - Duration: 8ms - IP: ::1","timestamp":"2026-06-19 03:28:46"}
{"level":"info","message":"HTTP Request: GET /6a344c9de124fea1fddb18f0 - Status: 200 - Duration: 5ms - IP: ::1","timestamp":"2026-06-19 03:28:46"}
{"level":"info","message":"HTTP Request: GET /6a3435a4efb989c2939b656d/check - Status: 200 - Duration: 12ms - IP: ::1","timestamp":"2026-06-19 03:28:46"}
{"level":"info","message":"HTTP Request: GET /6a3435a4efb989c2939b656d/check - Status: 200 - Duration: 14ms - IP: ::1","timestamp":"2026-06-19 03:28:46"}
{"level":"info","message":"HTTP Request: GET /seller/6a3435a4efb989c2939b656d - Status: 304 - Duration: 14ms - IP: ::1","timestamp":"2026-06-19 03:28:46"}
{"level":"info","message":"HTTP Request: GET /ids - Status: 304 - Duration: 12ms - IP: ::1","timestamp":"2026-06-19 03:28:46"}
{"level":"info","message":"HTTP Request: GET /6a344c9de124fea1fddb18f0 - Status: 200 - Duration: 10ms - IP: ::1","timestamp":"2026-06-19 03:28:46"}
{"level":"info","message":"HTTP Request: GET /seller/6a3435a4efb989c2939b656d - Status: 304 - Duration: 4ms - IP: ::1","timestamp":"2026-06-19 03:28:46"}
{"level":"info","message":"HTTP Request: GET /ids - Status: 304 - Duration: 5ms - IP: ::1","timestamp":"2026-06-19 03:28:46"}
{"level":"info","message":"HTTP Request: GET /unread-count - Status: 304 - Duration: 6ms - IP: ::1","timestamp":"2026-06-19 03:29:02"}
{"level":"info","message":"HTTP Request: GET /6a344c9de124fea1fddb18f0 - Status: 200 - Duration: 10ms - IP: ::1","timestamp":"2026-06-19 03:30:27"}
{"level":"info","message":"HTTP Request: GET /me - Status: 200 - Duration: 14ms - IP: ::1","timestamp":"2026-06-19 03:30:27"}
{"level":"info","message":"HTTP Request: GET /unread-count - Status: 304 - Duration: 9ms - IP: ::1","timestamp":"2026-06-19 03:30:28"}
{"level":"info","message":"HTTP Request: GET / - Status: 304 - Duration: 15ms - IP: ::1","timestamp":"2026-06-19 03:30:28"}
{"level":"info","message":"HTTP Request: GET /6a344c9de124fea1fddb18f0 - Status: 200 - Duration: 4ms - IP: ::1","timestamp":"2026-06-19 03:30:28"}
{"level":"info","message":"HTTP Request: GET /seller/6a3435a4efb989c2939b656d - Status: 304 - Duration: 14ms - IP: ::1","timestamp":"2026-06-19 03:30:28"}
{"level":"info","message":"HTTP Request: GET /6a3435a4efb989c2939b656d/check - Status: 304 - Duration: 10ms - IP: ::1","timestamp":"2026-06-19 03:30:28"}
{"level":"info","message":"HTTP Request: GET /ids - Status: 304 - Duration: 12ms - IP: ::1","timestamp":"2026-06-19 03:30:28"}
{"level":"info","message":"HTTP Request: GET /6a344c9de124fea1fddb18f0 - Status: 200 - Duration: 7ms - IP: ::1","timestamp":"2026-06-19 03:30:28"}
{"level":"info","message":"HTTP Request: GET /seller/6a3435a4efb989c2939b656d - Status: 304 - Duration: 6ms - IP: ::1","timestamp":"2026-06-19 03:30:28"}
{"level":"info","message":"HTTP Request: GET /6a3435a4efb989c2939b656d/check - Status: 304 - Duration: 9ms - IP: ::1","timestamp":"2026-06-19 03:30:28"}
{"level":"info","message":"HTTP Request: GET /6a344c9de124fea1fddb18f0 - Status: 200 - Duration: 8ms - IP: ::1","timestamp":"2026-06-19 03:30:28"}
{"level":"info","message":"HTTP Request: GET /ids - Status: 304 - Duration: 15ms - IP: ::1","timestamp":"2026-06-19 03:30:28"}
{"level":"info","message":"HTTP Request: POST /6a3435a4efb989c2939b656d/toggle - Status: 200 - Duration: 25ms - IP: ::1","timestamp":"2026-06-19 03:30:40"}
{"level":"info","message":"HTTP Request: GET /unread-count - Status: 304 - Duration: 5ms - IP: ::1","timestamp":"2026-06-19 03:31:28"}
{"level":"info","message":"HTTP Request: GET /unread-count - Status: 401 - Duration: 1ms - IP: ::1","timestamp":"2026-06-19 03:32:03"}
{"level":"info","message":"HTTP Request: GET /unread-count - Status: 304 - Duration: 6ms - IP: ::1","timestamp":"2026-06-19 03:32:28"}
{"level":"info","message":"HTTP Request: GET /unread-count - Status: 304 - Duration: 7ms - IP: ::1","timestamp":"2026-06-19 03:33:28"}
{"level":"info","message":"HTTP Request: GET /?limit=20 - Status: 304 - Duration: 8ms - IP: ::1","timestamp":"2026-06-19 03:33:50"}
{"level":"info","message":"HTTP Request: GET /?limit=20 - Status: 304 - Duration: 5ms - IP: ::1","timestamp":"2026-06-19 03:33:50"}
{"level":"info","message":"HTTP Request: GET /?limit=17&hasActive=true - Status: 304 - Duration: 22ms - IP: ::1","timestamp":"2026-06-19 03:33:50"}
{"level":"info","message":"HTTP Request: GET /fishermen/leaderboard - Status: 304 - Duration: 16ms - IP: ::1","timestamp":"2026-06-19 03:33:50"}
{"level":"info","message":"HTTP Request: GET /fishermen/leaderboard - Status: 304 - Duration: 16ms - IP: ::1","timestamp":"2026-06-19 03:33:50"}
{"level":"info","message":"HTTP Request: GET /ids - Status: 304 - Duration: 5ms - IP: ::1","timestamp":"2026-06-19 03:33:51"}
{"level":"info","message":"HTTP Request: GET /ids - Status: 304 - Duration: 4ms - IP: ::1","timestamp":"2026-06-19 03:33:51"}
{"level":"info","message":"HTTP Request: GET /?type=Fresh&page=1&limit=20&lat=15.968056967921283&lng=108.26234798201149 - Status: 200 - Duration: 20ms - IP: ::1","timestamp":"2026-06-19 03:33:52"}
{"level":"info","message":"HTTP Request: GET /?page=1&limit=9 - Status: 304 - Duration: 13ms - IP: ::1","timestamp":"2026-06-19 03:33:53"}
{"level":"info","message":"HTTP Request: GET /?page=1&limit=10 - Status: 304 - Duration: 9ms - IP: ::1","timestamp":"2026-06-19 03:33:55"}
{"level":"info","message":"HTTP Request: GET /?page=1&limit=20 - Status: 304 - Duration: 20ms - IP: ::1","timestamp":"2026-06-19 03:33:56"}
{"level":"info","message":"HTTP Request: GET /unread-count - Status: 304 - Duration: 6ms - IP: ::1","timestamp":"2026-06-19 03:33:59"}
{"level":"info","message":"HTTP Request: GET /my?page=1&limit=5 - Status: 304 - Duration: 9ms - IP: ::1","timestamp":"2026-06-19 03:33:59"}
{"level":"info","message":"HTTP Request: GET /unread-count - Status: 304 - Duration: 5ms - IP: ::1","timestamp":"2026-06-19 03:33:59"}
{"level":"info","message":"HTTP Request: GET /my?page=1&limit=5 - Status: 304 - Duration: 8ms - IP: ::1","timestamp":"2026-06-19 03:33:59"}
{"level":"info","message":"HTTP Request: GET / - Status: 304 - Duration: 6ms - IP: ::1","timestamp":"2026-06-19 03:33:59"}
{"level":"info","message":"HTTP Request: GET / - Status: 304 - Duration: 6ms - IP: ::1","timestamp":"2026-06-19 03:33:59"}
{"level":"info","message":"HTTP Request: GET /stats - Status: 200 - Duration: 16ms - IP: ::1","timestamp":"2026-06-19 03:34:01"}
{"level":"info","message":"HTTP Request: GET /users - Status: 304 - Duration: 20ms - IP: ::1","timestamp":"2026-06-19 03:34:01"}
{"level":"info","message":"HTTP Request: GET /listings - Status: 304 - Duration: 20ms - IP: ::1","timestamp":"2026-06-19 03:34:01"}
{"level":"info","message":"HTTP Request: GET /stats - Status: 304 - Duration: 15ms - IP: ::1","timestamp":"2026-06-19 03:34:01"}
{"level":"info","message":"HTTP Request: GET /users - Status: 304 - Duration: 23ms - IP: ::1","timestamp":"2026-06-19 03:34:01"}
{"level":"info","message":"HTTP Request: GET /listings - Status: 304 - Duration: 23ms - IP: ::1","timestamp":"2026-06-19 03:34:01"}
{"level":"info","message":"HTTP Request: GET /stats - Status: 304 - Duration: 19ms - IP: ::1","timestamp":"2026-06-19 03:34:01"}
{"level":"info","message":"HTTP Request: GET /users - Status: 304 - Duration: 38ms - IP: ::1","timestamp":"2026-06-19 03:34:01"}
{"level":"info","message":"HTTP Request: GET /stats - Status: 304 - Duration: 22ms - IP: ::1","timestamp":"2026-06-19 03:34:01"}
{"level":"info","message":"HTTP Request: GET /listings - Status: 304 - Duration: 56ms - IP: ::1","timestamp":"2026-06-19 03:34:01"}
{"level":"info","message":"HTTP Request: GET /users - Status: 304 - Duration: 16ms - IP: ::1","timestamp":"2026-06-19 03:34:01"}
{"level":"info","message":"HTTP Request: GET /listings - Status: 304 - Duration: 16ms - IP: ::1","timestamp":"2026-06-19 03:34:01"}
{"level":"info","message":"HTTP Request: GET /stats - Status: 304 - Duration: 14ms - IP: ::1","timestamp":"2026-06-19 03:34:01"}
{"level":"info","message":"HTTP Request: GET /users - Status: 304 - Duration: 35ms - IP: ::1","timestamp":"2026-06-19 03:34:01"}
{"level":"info","message":"HTTP Request: GET /stats - Status: 304 - Duration: 30ms - IP: ::1","timestamp":"2026-06-19 03:34:01"}
{"level":"info","message":"HTTP Request: GET /listings - Status: 304 - Duration: 47ms - IP: ::1","timestamp":"2026-06-19 03:34:01"}
{"level":"info","message":"HTTP Request: GET /users - Status: 304 - Duration: 14ms - IP: ::1","timestamp":"2026-06-19 03:34:01"}
{"level":"info","message":"HTTP Request: GET /listings - Status: 304 - Duration: 12ms - IP: ::1","timestamp":"2026-06-19 03:34:01"}
{"level":"info","message":"HTTP Request: GET /stats - Status: 304 - Duration: 13ms - IP: ::1","timestamp":"2026-06-19 03:34:01"}
{"level":"info","message":"HTTP Request: GET /users - Status: 304 - Duration: 23ms - IP: ::1","timestamp":"2026-06-19 03:34:01"}
{"level":"info","message":"HTTP Request: GET /listings - Status: 304 - Duration: 21ms - IP: ::1","timestamp":"2026-06-19 03:34:01"}
{"level":"info","message":"HTTP Request: GET /stats - Status: 304 - Duration: 14ms - IP: ::1","timestamp":"2026-06-19 03:34:01"}
{"level":"info","message":"HTTP Request: GET /users - Status: 304 - Duration: 13ms - IP: ::1","timestamp":"2026-06-19 03:34:01"}
{"level":"info","message":"HTTP Request: GET /listings - Status: 304 - Duration: 24ms - IP: ::1","timestamp":"2026-06-19 03:34:01"}
{"level":"info","message":"HTTP Request: GET /stats - Status: 304 - Duration: 16ms - IP: ::1","timestamp":"2026-06-19 03:34:01"}
{"level":"info","message":"HTTP Request: GET /users - Status: 304 - Duration: 16ms - IP: ::1","timestamp":"2026-06-19 03:34:01"}
{"level":"info","message":"HTTP Request: GET /listings - Status: 304 - Duration: 15ms - IP: ::1","timestamp":"2026-06-19 03:34:01"}
{"level":"info","message":"HTTP Request: GET /stats - Status: 304 - Duration: 16ms - IP: ::1","timestamp":"2026-06-19 03:34:01"}
{"level":"info","message":"HTTP Request: GET /users - Status: 304 - Duration: 26ms - IP: ::1","timestamp":"2026-06-19 03:34:01"}
{"level":"info","message":"HTTP Request: GET /stats - Status: 304 - Duration: 17ms - IP: ::1","timestamp":"2026-06-19 03:34:01"}
{"level":"info","message":"HTTP Request: GET /listings - Status: 304 - Duration: 27ms - IP: ::1","timestamp":"2026-06-19 03:34:01"}
{"level":"info","message":"HTTP Request: GET /users - Status: 304 - Duration: 12ms - IP: ::1","timestamp":"2026-06-19 03:34:01"}
{"level":"info","message":"HTTP Request: GET /listings - Status: 304 - Duration: 13ms - IP: ::1","timestamp":"2026-06-19 03:34:01"}
{"level":"info","message":"HTTP Request: GET /stats - Status: 304 - Duration: 13ms - IP: ::1","timestamp":"2026-06-19 03:34:01"}
{"level":"info","message":"HTTP Request: GET /users - Status: 304 - Duration: 22ms - IP: ::1","timestamp":"2026-06-19 03:34:01"}
{"level":"info","message":"HTTP Request: GET /listings - Status: 304 - Duration: 21ms - IP: ::1","timestamp":"2026-06-19 03:34:01"}
{"level":"info","message":"HTTP Request: GET /stats - Status: 304 - Duration: 15ms - IP: ::1","timestamp":"2026-06-19 03:34:01"}
{"level":"info","message":"HTTP Request: GET /users - Status: 304 - Duration: 18ms - IP: ::1","timestamp":"2026-06-19 03:34:01"}
{"level":"info","message":"HTTP Request: GET /listings - Status: 304 - Duration: 18ms - IP: ::1","timestamp":"2026-06-19 03:34:01"}
{"level":"info","message":"HTTP Request: GET /stats - Status: 304 - Duration: 14ms - IP: ::1","timestamp":"2026-06-19 03:34:01"}
{"level":"info","message":"HTTP Request: GET /users - Status: 304 - Duration: 10ms - IP: ::1","timestamp":"2026-06-19 03:34:01"}
{"level":"info","message":"HTTP Request: GET /listings - Status: 304 - Duration: 12ms - IP: ::1","timestamp":"2026-06-19 03:34:01"}
{"level":"info","message":"HTTP Request: GET /stats - Status: 304 - Duration: 11ms - IP: ::1","timestamp":"2026-06-19 03:34:01"}
{"level":"info","message":"HTTP Request: GET /users - Status: 304 - Duration: 16ms - IP: ::1","timestamp":"2026-06-19 03:34:01"}
{"level":"info","message":"HTTP Request: GET /listings - Status: 304 - Duration: 16ms - IP: ::1","timestamp":"2026-06-19 03:34:01"}
{"level":"info","message":"HTTP Request: GET /stats - Status: 304 - Duration: 13ms - IP: ::1","timestamp":"2026-06-19 03:34:01"}
{"level":"info","message":"HTTP Request: GET /users - Status: 304 - Duration: 21ms - IP: ::1","timestamp":"2026-06-19 03:34:01"}
{"level":"info","message":"HTTP Request: GET /listings - Status: 304 - Duration: 21ms - IP: ::1","timestamp":"2026-06-19 03:34:01"}
{"level":"info","message":"HTTP Request: GET /stats - Status: 304 - Duration: 12ms - IP: ::1","timestamp":"2026-06-19 03:34:01"}
{"level":"info","message":"HTTP Request: GET /users - Status: 304 - Duration: 11ms - IP: ::1","timestamp":"2026-06-19 03:34:01"}
{"level":"info","message":"HTTP Request: GET /listings - Status: 304 - Duration: 10ms - IP: ::1","timestamp":"2026-06-19 03:34:01"}
{"level":"info","message":"HTTP Request: GET /stats - Status: 304 - Duration: 12ms - IP: ::1","timestamp":"2026-06-19 03:34:01"}
{"level":"info","message":"HTTP Request: GET /users - Status: 304 - Duration: 15ms - IP: ::1","timestamp":"2026-06-19 03:34:01"}
{"level":"info","message":"HTTP Request: GET /listings - Status: 304 - Duration: 10ms - IP: ::1","timestamp":"2026-06-19 03:34:01"}
{"level":"info","message":"HTTP Request: GET /stats - Status: 304 - Duration: 13ms - IP: ::1","timestamp":"2026-06-19 03:34:01"}
{"level":"info","message":"HTTP Request: GET /users - Status: 304 - Duration: 21ms - IP: ::1","timestamp":"2026-06-19 03:34:01"}
{"level":"info","message":"HTTP Request: GET /listings - Status: 304 - Duration: 21ms - IP: ::1","timestamp":"2026-06-19 03:34:01"}
{"level":"info","message":"HTTP Request: GET /stats - Status: 304 - Duration: 14ms - IP: ::1","timestamp":"2026-06-19 03:34:01"}
{"level":"info","message":"HTTP Request: GET /users - Status: 304 - Duration: 14ms - IP: ::1","timestamp":"2026-06-19 03:34:01"}
{"level":"info","message":"HTTP Request: GET /listings - Status: 304 - Duration: 22ms - IP: ::1","timestamp":"2026-06-19 03:34:01"}
{"level":"info","message":"HTTP Request: GET /stats - Status: 304 - Duration: 15ms - IP: ::1","timestamp":"2026-06-19 03:34:01"}
{"level":"info","message":"HTTP Request: GET /users - Status: 304 - Duration: 14ms - IP: ::1","timestamp":"2026-06-19 03:34:01"}
{"level":"info","message":"HTTP Request: GET /listings - Status: 304 - Duration: 14ms - IP: ::1","timestamp":"2026-06-19 03:34:01"}
{"level":"info","message":"HTTP Request: GET /stats - Status: 304 - Duration: 12ms - IP: ::1","timestamp":"2026-06-19 03:34:01"}
{"level":"info","message":"HTTP Request: GET /users - Status: 304 - Duration: 15ms - IP: ::1","timestamp":"2026-06-19 03:34:01"}
{"level":"info","message":"HTTP Request: GET /listings - Status: 304 - Duration: 17ms - IP: ::1","timestamp":"2026-06-19 03:34:01"}
{"level":"info","message":"HTTP Request: GET /stats - Status: 304 - Duration: 13ms - IP: ::1","timestamp":"2026-06-19 03:34:01"}
{"level":"info","message":"HTTP Request: GET /users - Status: 304 - Duration: 13ms - IP: ::1","timestamp":"2026-06-19 03:34:01"}
{"level":"info","message":"HTTP Request: GET /listings - Status: 304 - Duration: 11ms - IP: ::1","timestamp":"2026-06-19 03:34:01"}
{"level":"info","message":"HTTP Request: GET /stats - Status: 304 - Duration: 13ms - IP: ::1","timestamp":"2026-06-19 03:34:01"}
{"level":"info","message":"HTTP Request: GET /users - Status: 304 - Duration: 16ms - IP: ::1","timestamp":"2026-06-19 03:34:01"}
{"level":"info","message":"HTTP Request: GET /listings - Status: 304 - Duration: 12ms - IP: ::1","timestamp":"2026-06-19 03:34:01"}
{"level":"info","message":"HTTP Request: GET /stats - Status: 304 - Duration: 12ms - IP: ::1","timestamp":"2026-06-19 03:34:01"}
{"level":"info","message":"HTTP Request: GET /users - Status: 304 - Duration: 23ms - IP: ::1","timestamp":"2026-06-19 03:34:01"}
{"level":"info","message":"HTTP Request: GET /stats - Status: 304 - Duration: 12ms - IP: ::1","timestamp":"2026-06-19 03:34:01"}
{"level":"info","message":"HTTP Request: GET /listings - Status: 304 - Duration: 24ms - IP: ::1","timestamp":"2026-06-19 03:34:01"}
{"level":"info","message":"HTTP Request: GET /users - Status: 304 - Duration: 10ms - IP: ::1","timestamp":"2026-06-19 03:34:01"}
{"level":"info","message":"HTTP Request: GET /listings - Status: 304 - Duration: 11ms - IP: ::1","timestamp":"2026-06-19 03:34:01"}
{"level":"info","message":"HTTP Request: GET /stats - Status: 304 - Duration: 13ms - IP: ::1","timestamp":"2026-06-19 03:34:02"}
{"level":"info","message":"HTTP Request: GET /users - Status: 304 - Duration: 22ms - IP: ::1","timestamp":"2026-06-19 03:34:02"}
{"level":"info","message":"HTTP Request: GET /listings - Status: 304 - Duration: 24ms - IP: ::1","timestamp":"2026-06-19 03:34:02"}
{"level":"info","message":"HTTP Request: GET /stats - Status: 304 - Duration: 18ms - IP: ::1","timestamp":"2026-06-19 03:34:02"}
{"level":"info","message":"HTTP Request: GET /users - Status: 304 - Duration: 18ms - IP: ::1","timestamp":"2026-06-19 03:34:02"}
{"level":"info","message":"HTTP Request: GET /listings - Status: 304 - Duration: 17ms - IP: ::1","timestamp":"2026-06-19 03:34:02"}
{"level":"info","message":"HTTP Request: GET /stats - Status: 304 - Duration: 13ms - IP: ::1","timestamp":"2026-06-19 03:34:02"}
{"level":"info","message":"HTTP Request: GET /users - Status: 304 - Duration: 11ms - IP: ::1","timestamp":"2026-06-19 03:34:02"}
{"level":"info","message":"HTTP Request: GET /listings - Status: 304 - Duration: 10ms - IP: ::1","timestamp":"2026-06-19 03:34:02"}
{"level":"info","message":"HTTP Request: GET /stats - Status: 304 - Duration: 12ms - IP: ::1","timestamp":"2026-06-19 03:34:02"}
{"level":"info","message":"HTTP Request: GET /users - Status: 304 - Duration: 25ms - IP: ::1","timestamp":"2026-06-19 03:34:02"}
{"level":"info","message":"HTTP Request: GET /listings - Status: 304 - Duration: 21ms - IP: ::1","timestamp":"2026-06-19 03:34:02"}
{"level":"info","message":"HTTP Request: GET /stats - Status: 304 - Duration: 17ms - IP: ::1","timestamp":"2026-06-19 03:34:02"}
{"level":"info","message":"HTTP Request: GET /users - Status: 304 - Duration: 24ms - IP: ::1","timestamp":"2026-06-19 03:34:02"}
{"level":"info","message":"HTTP Request: GET /listings - Status: 304 - Duration: 23ms - IP: ::1","timestamp":"2026-06-19 03:34:02"}
{"level":"info","message":"HTTP Request: GET /stats - Status: 304 - Duration: 12ms - IP: ::1","timestamp":"2026-06-19 03:34:02"}
{"level":"info","message":"HTTP Request: GET /users - Status: 304 - Duration: 13ms - IP: ::1","timestamp":"2026-06-19 03:34:02"}
{"level":"info","message":"HTTP Request: GET /listings - Status: 304 - Duration: 12ms - IP: ::1","timestamp":"2026-06-19 03:34:02"}
{"level":"info","message":"HTTP Request: GET /stats - Status: 304 - Duration: 16ms - IP: ::1","timestamp":"2026-06-19 03:34:02"}
{"level":"info","message":"HTTP Request: GET /users - Status: 304 - Duration: 48ms - IP: ::1","timestamp":"2026-06-19 03:34:02"}
{"level":"info","message":"HTTP Request: GET /listings - Status: 304 - Duration: 49ms - IP: ::1","timestamp":"2026-06-19 03:34:02"}
{"level":"info","message":"HTTP Request: GET /stats - Status: 304 - Duration: 30ms - IP: ::1","timestamp":"2026-06-19 03:34:02"}
{"level":"info","message":"HTTP Request: GET /stats - Status: 304 - Duration: 16ms - IP: ::1","timestamp":"2026-06-19 03:34:02"}
{"level":"info","message":"HTTP Request: GET /users - Status: 304 - Duration: 47ms - IP: ::1","timestamp":"2026-06-19 03:34:02"}
{"level":"info","message":"HTTP Request: GET /listings - Status: 304 - Duration: 43ms - IP: ::1","timestamp":"2026-06-19 03:34:02"}
{"level":"info","message":"HTTP Request: GET /users - Status: 304 - Duration: 21ms - IP: ::1","timestamp":"2026-06-19 03:34:02"}
{"level":"info","message":"HTTP Request: GET /listings - Status: 304 - Duration: 21ms - IP: ::1","timestamp":"2026-06-19 03:34:02"}
{"level":"info","message":"HTTP Request: GET /stats - Status: 304 - Duration: 33ms - IP: ::1","timestamp":"2026-06-19 03:34:02"}
{"level":"info","message":"HTTP Request: GET /users - Status: 304 - Duration: 36ms - IP: ::1","timestamp":"2026-06-19 03:34:02"}
{"level":"info","message":"HTTP Request: GET /listings - Status: 304 - Duration: 12ms - IP: ::1","timestamp":"2026-06-19 03:34:02"}
{"level":"info","message":"HTTP Request: GET /stats - Status: 304 - Duration: 12ms - IP: ::1","timestamp":"2026-06-19 03:34:02"}
{"level":"info","message":"HTTP Request: GET /users - Status: 304 - Duration: 22ms - IP: ::1","timestamp":"2026-06-19 03:34:02"}
{"level":"info","message":"HTTP Request: GET /listings - Status: 304 - Duration: 22ms - IP: ::1","timestamp":"2026-06-19 03:34:02"}
{"level":"info","message":"HTTP Request: GET /stats - Status: 304 - Duration: 14ms - IP: ::1","timestamp":"2026-06-19 03:34:02"}
{"level":"info","message":"HTTP Request: GET /users - Status: 304 - Duration: 11ms - IP: ::1","timestamp":"2026-06-19 03:34:02"}
{"level":"info","message":"HTTP Request: GET /listings - Status: 304 - Duration: 11ms - IP: ::1","timestamp":"2026-06-19 03:34:02"}
{"level":"info","message":"HTTP Request: GET /stats - Status: 304 - Duration: 13ms - IP: ::1","timestamp":"2026-06-19 03:34:02"}
{"level":"info","message":"HTTP Request: GET /users - Status: 304 - Duration: 14ms - IP: ::1","timestamp":"2026-06-19 03:34:02"}
{"level":"info","message":"HTTP Request: GET /listings - Status: 304 - Duration: 12ms - IP: ::1","timestamp":"2026-06-19 03:34:02"}
{"level":"info","message":"HTTP Request: GET /stats - Status: 304 - Duration: 13ms - IP: ::1","timestamp":"2026-06-19 03:34:02"}
{"level":"info","message":"HTTP Request: GET /listings - Status: 304 - Duration: 14ms - IP: ::1","timestamp":"2026-06-19 03:34:02"}
{"level":"info","message":"HTTP Request: GET /users - Status: 304 - Duration: 21ms - IP: ::1","timestamp":"2026-06-19 03:34:02"}
{"level":"info","message":"HTTP Request: GET /stats - Status: 304 - Duration: 14ms - IP: ::1","timestamp":"2026-06-19 03:34:02"}
{"level":"info","message":"HTTP Request: GET /listings - Status: 304 - Duration: 17ms - IP: ::1","timestamp":"2026-06-19 03:34:02"}
{"level":"info","message":"HTTP Request: GET /users - Status: 304 - Duration: 16ms - IP: ::1","timestamp":"2026-06-19 03:34:02"}
{"level":"info","message":"HTTP Request: GET /stats - Status: 304 - Duration: 13ms - IP: ::1","timestamp":"2026-06-19 03:34:02"}
{"level":"info","message":"HTTP Request: GET /listings - Status: 304 - Duration: 13ms - IP: ::1","timestamp":"2026-06-19 03:34:02"}
{"level":"info","message":"HTTP Request: GET /users - Status: 304 - Duration: 14ms - IP: ::1","timestamp":"2026-06-19 03:34:02"}
{"level":"info","message":"HTTP Request: GET /stats - Status: 304 - Duration: 12ms - IP: ::1","timestamp":"2026-06-19 03:34:02"}
{"level":"info","message":"HTTP Request: GET /listings - Status: 304 - Duration: 15ms - IP: ::1","timestamp":"2026-06-19 03:34:02"}
{"level":"info","message":"HTTP Request: GET /users - Status: 304 - Duration: 17ms - IP: ::1","timestamp":"2026-06-19 03:34:02"}
{"level":"info","message":"HTTP Request: GET /stats - Status: 304 - Duration: 12ms - IP: ::1","timestamp":"2026-06-19 03:34:02"}
{"level":"info","message":"HTTP Request: GET /listings - Status: 304 - Duration: 13ms - IP: ::1","timestamp":"2026-06-19 03:34:02"}
{"level":"info","message":"HTTP Request: GET /users - Status: 304 - Duration: 14ms - IP: ::1","timestamp":"2026-06-19 03:34:02"}
{"level":"info","message":"HTTP Request: GET /stats - Status: 304 - Duration: 11ms - IP: ::1","timestamp":"2026-06-19 03:34:02"}
{"level":"info","message":"HTTP Request: GET /listings - Status: 304 - Duration: 12ms - IP: ::1","timestamp":"2026-06-19 03:34:02"}
{"level":"info","message":"HTTP Request: GET /users - Status: 304 - Duration: 14ms - IP: ::1","timestamp":"2026-06-19 03:34:02"}
{"level":"info","message":"HTTP Request: GET /stats - Status: 304 - Duration: 13ms - IP: ::1","timestamp":"2026-06-19 03:34:02"}
{"level":"info","message":"HTTP Request: GET /listings - Status: 304 - Duration: 15ms - IP: ::1","timestamp":"2026-06-19 03:34:02"}
{"level":"info","message":"HTTP Request: GET /users - Status: 304 - Duration: 16ms - IP: ::1","timestamp":"2026-06-19 03:34:02"}
{"level":"info","message":"HTTP Request: GET /stats - Status: 304 - Duration: 12ms - IP: ::1","timestamp":"2026-06-19 03:34:02"}
{"level":"info","message":"HTTP Request: GET /listings - Status: 304 - Duration: 12ms - IP: ::1","timestamp":"2026-06-19 03:34:02"}
{"level":"info","message":"HTTP Request: GET /users - Status: 304 - Duration: 13ms - IP: ::1","timestamp":"2026-06-19 03:34:02"}
{"level":"info","message":"HTTP Request: GET /stats - Status: 304 - Duration: 11ms - IP: ::1","timestamp":"2026-06-19 03:34:02"}
{"level":"info","message":"HTTP Request: GET /listings - Status: 304 - Duration: 12ms - IP: ::1","timestamp":"2026-06-19 03:34:02"}
{"level":"info","message":"HTTP Request: GET /users - Status: 304 - Duration: 11ms - IP: ::1","timestamp":"2026-06-19 03:34:02"}
{"level":"info","message":"HTTP Request: GET /stats - Status: 304 - Duration: 11ms - IP: ::1","timestamp":"2026-06-19 03:34:02"}
{"level":"info","message":"HTTP Request: GET /users - Status: 304 - Duration: 14ms - IP: ::1","timestamp":"2026-06-19 03:34:02"}
{"level":"info","message":"HTTP Request: GET /listings - Status: 304 - Duration: 17ms - IP: ::1","timestamp":"2026-06-19 03:34:02"}
{"level":"info","message":"HTTP Request: GET /stats - Status: 304 - Duration: 11ms - IP: ::1","timestamp":"2026-06-19 03:34:02"}
{"level":"info","message":"HTTP Request: GET /listings - Status: 304 - Duration: 12ms - IP: ::1","timestamp":"2026-06-19 03:34:02"}
{"level":"info","message":"HTTP Request: GET /users - Status: 304 - Duration: 23ms - IP: ::1","timestamp":"2026-06-19 03:34:02"}
{"level":"info","message":"HTTP Request: GET /stats - Status: 304 - Duration: 12ms - IP: ::1","timestamp":"2026-06-19 03:34:02"}
{"level":"info","message":"HTTP Request: GET /listings - Status: 304 - Duration: 16ms - IP: ::1","timestamp":"2026-06-19 03:34:02"}
{"level":"info","message":"HTTP Request: GET /users - Status: 304 - Duration: 16ms - IP: ::1","timestamp":"2026-06-19 03:34:02"}
{"level":"info","message":"HTTP Request: GET /stats - Status: 304 - Duration: 11ms - IP: ::1","timestamp":"2026-06-19 03:34:02"}
{"level":"info","message":"HTTP Request: GET /listings - Status: 304 - Duration: 12ms - IP: ::1","timestamp":"2026-06-19 03:34:02"}
{"level":"info","message":"HTTP Request: GET /users - Status: 304 - Duration: 11ms - IP: ::1","timestamp":"2026-06-19 03:34:02"}
{"level":"info","message":"HTTP Request: GET /stats - Status: 304 - Duration: 11ms - IP: ::1","timestamp":"2026-06-19 03:34:02"}
{"level":"info","message":"HTTP Request: GET /listings - Status: 304 - Duration: 15ms - IP: ::1","timestamp":"2026-06-19 03:34:03"}
{"level":"info","message":"HTTP Request: GET /users - Status: 304 - Duration: 12ms - IP: ::1","timestamp":"2026-06-19 03:34:03"}
{"level":"info","message":"HTTP Request: GET /stats - Status: 304 - Duration: 11ms - IP: ::1","timestamp":"2026-06-19 03:34:03"}
{"level":"info","message":"HTTP Request: GET /listings - Status: 304 - Duration: 15ms - IP: ::1","timestamp":"2026-06-19 03:34:03"}
{"level":"info","message":"HTTP Request: GET /users - Status: 304 - Duration: 19ms - IP: ::1","timestamp":"2026-06-19 03:34:03"}
{"level":"info","message":"HTTP Request: GET /stats - Status: 304 - Duration: 13ms - IP: ::1","timestamp":"2026-06-19 03:34:03"}
{"level":"info","message":"HTTP Request: GET /listings - Status: 304 - Duration: 14ms - IP: ::1","timestamp":"2026-06-19 03:34:03"}
{"level":"info","message":"HTTP Request: GET /users - Status: 304 - Duration: 17ms - IP: ::1","timestamp":"2026-06-19 03:34:03"}
{"level":"info","message":"HTTP Request: GET /stats - Status: 304 - Duration: 12ms - IP: ::1","timestamp":"2026-06-19 03:34:03"}
{"level":"info","message":"HTTP Request: GET /listings - Status: 304 - Duration: 19ms - IP: ::1","timestamp":"2026-06-19 03:34:03"}
{"level":"info","message":"HTTP Request: GET /users - Status: 304 - Duration: 17ms - IP: ::1","timestamp":"2026-06-19 03:34:03"}
{"level":"info","message":"HTTP Request: GET /stats - Status: 304 - Duration: 11ms - IP: ::1","timestamp":"2026-06-19 03:34:03"}
{"level":"info","message":"HTTP Request: GET /listings - Status: 304 - Duration: 19ms - IP: ::1","timestamp":"2026-06-19 03:34:03"}
{"level":"info","message":"HTTP Request: GET /users - Status: 304 - Duration: 17ms - IP: ::1","timestamp":"2026-06-19 03:34:03"}
{"level":"info","message":"HTTP Request: GET /stats - Status: 304 - Duration: 12ms - IP: ::1","timestamp":"2026-06-19 03:34:03"}
{"level":"info","message":"HTTP Request: GET /listings - Status: 304 - Duration: 12ms - IP: ::1","timestamp":"2026-06-19 03:34:03"}
{"level":"info","message":"HTTP Request: GET /users - Status: 304 - Duration: 13ms - IP: ::1","timestamp":"2026-06-19 03:34:03"}
{"level":"info","message":"HTTP Request: GET /stats - Status: 304 - Duration: 12ms - IP: ::1","timestamp":"2026-06-19 03:34:03"}
{"level":"info","message":"HTTP Request: GET /listings - Status: 304 - Duration: 20ms - IP: ::1","timestamp":"2026-06-19 03:34:03"}
{"level":"info","message":"HTTP Request: GET /users - Status: 304 - Duration: 17ms - IP: ::1","timestamp":"2026-06-19 03:34:03"}
{"level":"info","message":"HTTP Request: GET /stats - Status: 304 - Duration: 12ms - IP: ::1","timestamp":"2026-06-19 03:34:03"}
{"level":"info","message":"HTTP Request: GET /listings - Status: 304 - Duration: 14ms - IP: ::1","timestamp":"2026-06-19 03:34:03"}
{"level":"info","message":"HTTP Request: GET /users - Status: 304 - Duration: 19ms - IP: ::1","timestamp":"2026-06-19 03:34:03"}
{"level":"info","message":"HTTP Request: GET /stats - Status: 304 - Duration: 10ms - IP: ::1","timestamp":"2026-06-19 03:34:03"}
{"level":"info","message":"HTTP Request: GET /listings - Status: 304 - Duration: 10ms - IP: ::1","timestamp":"2026-06-19 03:34:03"}
{"level":"info","message":"HTTP Request: GET /users - Status: 304 - Duration: 17ms - IP: ::1","timestamp":"2026-06-19 03:34:03"}
{"level":"info","message":"HTTP Request: GET /stats - Status: 304 - Duration: 11ms - IP: ::1","timestamp":"2026-06-19 03:34:03"}
{"level":"info","message":"HTTP Request: GET /listings - Status: 304 - Duration: 12ms - IP: ::1","timestamp":"2026-06-19 03:34:03"}
{"level":"info","message":"HTTP Request: GET /users - Status: 304 - Duration: 14ms - IP: ::1","timestamp":"2026-06-19 03:34:03"}
{"level":"info","message":"HTTP Request: GET /stats - Status: 304 - Duration: 12ms - IP: ::1","timestamp":"2026-06-19 03:34:03"}
{"level":"info","message":"HTTP Request: GET /listings - Status: 304 - Duration: 13ms - IP: ::1","timestamp":"2026-06-19 03:34:03"}
{"level":"info","message":"HTTP Request: GET /users - Status: 304 - Duration: 14ms - IP: ::1","timestamp":"2026-06-19 03:34:03"}
{"level":"info","message":"HTTP Request: GET /stats - Status: 304 - Duration: 12ms - IP: ::1","timestamp":"2026-06-19 03:34:03"}
{"level":"info","message":"HTTP Request: GET /listings - Status: 304 - Duration: 14ms - IP: ::1","timestamp":"2026-06-19 03:34:03"}
{"level":"info","message":"HTTP Request: GET /users - Status: 304 - Duration: 17ms - IP: ::1","timestamp":"2026-06-19 03:34:03"}
{"level":"info","message":"HTTP Request: GET /stats - Status: 304 - Duration: 13ms - IP: ::1","timestamp":"2026-06-19 03:34:03"}
{"level":"info","message":"HTTP Request: GET /listings - Status: 304 - Duration: 13ms - IP: ::1","timestamp":"2026-06-19 03:34:03"}
{"level":"info","message":"HTTP Request: GET /users - Status: 304 - Duration: 16ms - IP: ::1","timestamp":"2026-06-19 03:34:03"}
{"level":"info","message":"HTTP Request: GET /stats - Status: 304 - Duration: 12ms - IP: ::1","timestamp":"2026-06-19 03:34:03"}
{"level":"info","message":"HTTP Request: GET /listings - Status: 304 - Duration: 14ms - IP: ::1","timestamp":"2026-06-19 03:34:03"}
{"level":"info","message":"HTTP Request: GET /users - Status: 304 - Duration: 15ms - IP: ::1","timestamp":"2026-06-19 03:34:03"}
{"level":"info","message":"HTTP Request: GET /stats - Status: 304 - Duration: 12ms - IP: ::1","timestamp":"2026-06-19 03:34:03"}
{"level":"info","message":"HTTP Request: GET /listings - Status: 304 - Duration: 12ms - IP: ::1","timestamp":"2026-06-19 03:34:03"}
{"level":"info","message":"HTTP Request: GET /users - Status: 304 - Duration: 11ms - IP: ::1","timestamp":"2026-06-19 03:34:03"}
{"level":"info","message":"HTTP Request: GET /stats - Status: 304 - Duration: 11ms - IP: ::1","timestamp":"2026-06-19 03:34:03"}
{"level":"info","message":"HTTP Request: GET /listings - Status: 304 - Duration: 14ms - IP: ::1","timestamp":"2026-06-19 03:34:03"}
{"level":"info","message":"HTTP Request: GET /users - Status: 304 - Duration: 13ms - IP: ::1","timestamp":"2026-06-19 03:34:03"}
{"level":"info","message":"HTTP Request: GET /stats - Status: 304 - Duration: 12ms - IP: ::1","timestamp":"2026-06-19 03:34:03"}
{"level":"info","message":"HTTP Request: GET /listings - Status: 304 - Duration: 14ms - IP: ::1","timestamp":"2026-06-19 03:34:03"}
{"level":"info","message":"HTTP Request: GET /users - Status: 304 - Duration: 16ms - IP: ::1","timestamp":"2026-06-19 03:34:03"}
{"level":"info","message":"HTTP Request: GET /stats - Status: 304 - Duration: 10ms - IP: ::1","timestamp":"2026-06-19 03:34:03"}
{"level":"info","message":"HTTP Request: GET /listings - Status: 304 - Duration: 9ms - IP: ::1","timestamp":"2026-06-19 03:34:03"}
{"level":"info","message":"HTTP Request: GET /users - Status: 304 - Duration: 14ms - IP: ::1","timestamp":"2026-06-19 03:34:03"}
{"level":"info","message":"HTTP Request: GET /stats - Status: 304 - Duration: 11ms - IP: ::1","timestamp":"2026-06-19 03:34:03"}
{"level":"info","message":"HTTP Request: GET /listings - Status: 304 - Duration: 13ms - IP: ::1","timestamp":"2026-06-19 03:34:03"}
{"level":"info","message":"HTTP Request: GET /users - Status: 304 - Duration: 13ms - IP: ::1","timestamp":"2026-06-19 03:34:03"}
{"level":"info","message":"HTTP Request: GET /stats - Status: 304 - Duration: 11ms - IP: ::1","timestamp":"2026-06-19 03:34:03"}
{"level":"info","message":"HTTP Request: GET /listings - Status: 304 - Duration: 12ms - IP: ::1","timestamp":"2026-06-19 03:34:03"}
{"level":"info","message":"HTTP Request: GET /users - Status: 304 - Duration: 13ms - IP: ::1","timestamp":"2026-06-19 03:34:03"}
{"level":"info","message":"HTTP Request: GET /stats - Status: 304 - Duration: 11ms - IP: ::1","timestamp":"2026-06-19 03:34:03"}
{"level":"info","message":"HTTP Request: GET /listings - Status: 304 - Duration: 10ms - IP: ::1","timestamp":"2026-06-19 03:34:03"}
{"level":"info","message":"HTTP Request: GET /users - Status: 304 - Duration: 10ms - IP: ::1","timestamp":"2026-06-19 03:34:03"}
{"level":"info","message":"HTTP Request: GET /stats - Status: 304 - Duration: 11ms - IP: ::1","timestamp":"2026-06-19 03:34:03"}
{"level":"info","message":"HTTP Request: GET /listings - Status: 304 - Duration: 17ms - IP: ::1","timestamp":"2026-06-19 03:34:03"}
{"level":"info","message":"HTTP Request: GET /users - Status: 304 - Duration: 17ms - IP: ::1","timestamp":"2026-06-19 03:34:03"}
{"level":"info","message":"HTTP Request: GET /stats - Status: 304 - Duration: 13ms - IP: ::1","timestamp":"2026-06-19 03:34:03"}
{"level":"info","message":"HTTP Request: GET /stats - Status: 304 - Duration: 11ms - IP: ::1","timestamp":"2026-06-19 03:34:03"}
{"level":"info","message":"HTTP Request: GET /listings - Status: 304 - Duration: 21ms - IP: ::1","timestamp":"2026-06-19 03:34:03"}
{"level":"info","message":"HTTP Request: GET /users - Status: 304 - Duration: 21ms - IP: ::1","timestamp":"2026-06-19 03:34:03"}
{"level":"info","message":"HTTP Request: GET /listings - Status: 304 - Duration: 10ms - IP: ::1","timestamp":"2026-06-19 03:34:03"}
{"level":"info","message":"HTTP Request: GET /users - Status: 304 - Duration: 11ms - IP: ::1","timestamp":"2026-06-19 03:34:03"}
{"level":"info","message":"HTTP Request: GET /stats - Status: 304 - Duration: 13ms - IP: ::1","timestamp":"2026-06-19 03:34:03"}
{"level":"info","message":"HTTP Request: GET /listings - Status: 304 - Duration: 13ms - IP: ::1","timestamp":"2026-06-19 03:34:03"}
{"level":"info","message":"HTTP Request: GET /users - Status: 304 - Duration: 15ms - IP: ::1","timestamp":"2026-06-19 03:34:03"}
{"level":"info","message":"HTTP Request: GET /stats - Status: 304 - Duration: 11ms - IP: ::1","timestamp":"2026-06-19 03:34:03"}
{"level":"info","message":"HTTP Request: GET /listings - Status: 304 - Duration: 15ms - IP: ::1","timestamp":"2026-06-19 03:34:03"}
{"level":"info","message":"HTTP Request: GET /users - Status: 304 - Duration: 15ms - IP: ::1","timestamp":"2026-06-19 03:34:03"}
{"level":"info","message":"HTTP Request: GET /stats - Status: 304 - Duration: 11ms - IP: ::1","timestamp":"2026-06-19 03:34:03"}
{"level":"info","message":"HTTP Request: GET /listings - Status: 304 - Duration: 10ms - IP: ::1","timestamp":"2026-06-19 03:34:03"}
{"level":"info","message":"HTTP Request: GET /users - Status: 304 - Duration: 12ms - IP: ::1","timestamp":"2026-06-19 03:34:03"}
{"level":"info","message":"HTTP Request: GET /stats - Status: 304 - Duration: 11ms - IP: ::1","timestamp":"2026-06-19 03:34:03"}
{"level":"info","message":"HTTP Request: GET /listings - Status: 304 - Duration: 13ms - IP: ::1","timestamp":"2026-06-19 03:34:03"}
{"level":"info","message":"HTTP Request: GET /users - Status: 304 - Duration: 15ms - IP: ::1","timestamp":"2026-06-19 03:34:03"}
{"level":"info","message":"HTTP Request: GET /stats - Status: 304 - Duration: 14ms - IP: ::1","timestamp":"2026-06-19 03:34:03"}
{"level":"info","message":"HTTP Request: GET /listings - Status: 304 - Duration: 23ms - IP: ::1","timestamp":"2026-06-19 03:34:03"}
{"level":"info","message":"HTTP Request: GET /stats - Status: 304 - Duration: 14ms - IP: ::1","timestamp":"2026-06-19 03:34:03"}
{"level":"info","message":"HTTP Request: GET /users - Status: 304 - Duration: 21ms - IP: ::1","timestamp":"2026-06-19 03:34:03"}
{"level":"info","message":"HTTP Request: GET /listings - Status: 304 - Duration: 12ms - IP: ::1","timestamp":"2026-06-19 03:34:03"}
{"level":"info","message":"HTTP Request: GET /users - Status: 304 - Duration: 11ms - IP: ::1","timestamp":"2026-06-19 03:34:03"}
{"level":"info","message":"HTTP Request: GET /stats - Status: 304 - Duration: 13ms - IP: ::1","timestamp":"2026-06-19 03:34:03"}
{"level":"info","message":"HTTP Request: GET /listings - Status: 304 - Duration: 22ms - IP: ::1","timestamp":"2026-06-19 03:34:03"}
{"level":"info","message":"HTTP Request: GET /users - Status: 304 - Duration: 18ms - IP: ::1","timestamp":"2026-06-19 03:34:03"}
{"level":"info","message":"HTTP Request: GET /stats - Status: 304 - Duration: 12ms - IP: ::1","timestamp":"2026-06-19 03:34:03"}
{"level":"info","message":"HTTP Request: GET /listings - Status: 304 - Duration: 12ms - IP: ::1","timestamp":"2026-06-19 03:34:03"}
{"level":"info","message":"HTTP Request: GET /users - Status: 304 - Duration: 18ms - IP: ::1","timestamp":"2026-06-19 03:34:03"}
{"level":"info","message":"HTTP Request: GET /stats - Status: 304 - Duration: 14ms - IP: ::1","timestamp":"2026-06-19 03:34:03"}
{"level":"info","message":"HTTP Request: GET /listings - Status: 304 - Duration: 14ms - IP: ::1","timestamp":"2026-06-19 03:34:03"}
{"level":"info","message":"HTTP Request: GET /users - Status: 304 - Duration: 19ms - IP: ::1","timestamp":"2026-06-19 03:34:03"}
{"level":"info","message":"HTTP Request: GET /stats - Status: 304 - Duration: 14ms - IP: ::1","timestamp":"2026-06-19 03:34:03"}
{"level":"info","message":"HTTP Request: GET /listings - Status: 304 - Duration: 16ms - IP: ::1","timestamp":"2026-06-19 03:34:03"}
{"level":"info","message":"HTTP Request: GET /stats - Status: 304 - Duration: 14ms - IP: ::1","timestamp":"2026-06-19 03:34:03"}
{"level":"info","message":"HTTP Request: GET /users - Status: 304 - Duration: 24ms - IP: ::1","timestamp":"2026-06-19 03:34:03"}
{"level":"info","message":"HTTP Request: GET /listings - Status: 304 - Duration: 17ms - IP: ::1","timestamp":"2026-06-19 03:34:03"}
{"level":"info","message":"HTTP Request: GET /users - Status: 304 - Duration: 10ms - IP: ::1","timestamp":"2026-06-19 03:34:03"}
{"level":"info","message":"HTTP Request: GET /stats - Status: 304 - Duration: 12ms - IP: ::1","timestamp":"2026-06-19 03:34:03"}
{"level":"info","message":"HTTP Request: GET /stats - Status: 304 - Duration: 10ms - IP: ::1","timestamp":"2026-06-19 03:34:03"}
{"level":"info","message":"HTTP Request: GET /users - Status: 304 - Duration: 21ms - IP: ::1","timestamp":"2026-06-19 03:34:03"}
{"level":"info","message":"HTTP Request: GET /listings - Status: 304 - Duration: 25ms - IP: ::1","timestamp":"2026-06-19 03:34:03"}
{"level":"info","message":"HTTP Request: GET /users - Status: 304 - Duration: 11ms - IP: ::1","timestamp":"2026-06-19 03:34:03"}
{"level":"info","message":"HTTP Request: GET /listings - Status: 304 - Duration: 10ms - IP: ::1","timestamp":"2026-06-19 03:34:03"}
{"level":"info","message":"HTTP Request: GET /stats - Status: 304 - Duration: 12ms - IP: ::1","timestamp":"2026-06-19 03:34:03"}
{"level":"info","message":"HTTP Request: GET /users - Status: 304 - Duration: 21ms - IP: ::1","timestamp":"2026-06-19 03:34:03"}
{"level":"info","message":"HTTP Request: GET /listings - Status: 304 - Duration: 20ms - IP: ::1","timestamp":"2026-06-19 03:34:03"}
{"level":"info","message":"HTTP Request: GET /stats - Status: 304 - Duration: 13ms - IP: ::1","timestamp":"2026-06-19 03:34:03"}
{"level":"info","message":"HTTP Request: GET /listings - Status: 304 - Duration: 11ms - IP: ::1","timestamp":"2026-06-19 03:34:03"}
{"level":"info","message":"HTTP Request: GET /users - Status: 304 - Duration: 15ms - IP: ::1","timestamp":"2026-06-19 03:34:03"}
{"level":"info","message":"HTTP Request: GET /stats - Status: 304 - Duration: 15ms - IP: ::1","timestamp":"2026-06-19 03:34:03"}
{"level":"info","message":"HTTP Request: GET /listings - Status: 304 - Duration: 17ms - IP: ::1","timestamp":"2026-06-19 03:34:03"}
{"level":"info","message":"HTTP Request: GET /users - Status: 304 - Duration: 20ms - IP: ::1","timestamp":"2026-06-19 03:34:03"}
{"level":"info","message":"HTTP Request: GET /stats - Status: 304 - Duration: 15ms - IP: ::1","timestamp":"2026-06-19 03:34:04"}
{"level":"info","message":"HTTP Request: GET /listings - Status: 304 - Duration: 13ms - IP: ::1","timestamp":"2026-06-19 03:34:04"}
{"level":"info","message":"HTTP Request: GET /users - Status: 304 - Duration: 15ms - IP: ::1","timestamp":"2026-06-19 03:34:04"}
{"level":"info","message":"HTTP Request: GET /stats - Status: 304 - Duration: 13ms - IP: ::1","timestamp":"2026-06-19 03:34:04"}
{"level":"info","message":"HTTP Request: GET /listings - Status: 304 - Duration: 15ms - IP: ::1","timestamp":"2026-06-19 03:34:04"}
{"level":"info","message":"HTTP Request: GET /users - Status: 304 - Duration: 17ms - IP: ::1","timestamp":"2026-06-19 03:34:04"}
{"level":"info","message":"HTTP Request: GET /stats - Status: 304 - Duration: 12ms - IP: ::1","timestamp":"2026-06-19 03:34:04"}
{"level":"info","message":"HTTP Request: GET /listings - Status: 304 - Duration: 16ms - IP: ::1","timestamp":"2026-06-19 03:34:04"}
{"level":"info","message":"HTTP Request: GET /users - Status: 304 - Duration: 17ms - IP: ::1","timestamp":"2026-06-19 03:34:04"}
{"level":"info","message":"HTTP Request: GET /stats - Status: 304 - Duration: 12ms - IP: ::1","timestamp":"2026-06-19 03:34:04"}
{"level":"info","message":"HTTP Request: GET /users - Status: 304 - Duration: 12ms - IP: ::1","timestamp":"2026-06-19 03:34:04"}
{"level":"info","message":"HTTP Request: GET /listings - Status: 304 - Duration: 17ms - IP: ::1","timestamp":"2026-06-19 03:34:04"}
{"level":"info","message":"HTTP Request: GET /stats - Status: 304 - Duration: 15ms - IP: ::1","timestamp":"2026-06-19 03:34:04"}
{"level":"info","message":"HTTP Request: GET /stats - Status: 304 - Duration: 12ms - IP: ::1","timestamp":"2026-06-19 03:34:04"}
{"level":"info","message":"HTTP Request: GET /users - Status: 304 - Duration: 31ms - IP: ::1","timestamp":"2026-06-19 03:34:04"}
{"level":"info","message":"HTTP Request: GET /listings - Status: 304 - Duration: 30ms - IP: ::1","timestamp":"2026-06-19 03:34:04"}
{"level":"info","message":"HTTP Request: GET /users - Status: 304 - Duration: 10ms - IP: ::1","timestamp":"2026-06-19 03:34:04"}
{"level":"info","message":"HTTP Request: GET /listings - Status: 304 - Duration: 11ms - IP: ::1","timestamp":"2026-06-19 03:34:04"}
{"level":"info","message":"HTTP Request: GET /stats - Status: 304 - Duration: 11ms - IP: ::1","timestamp":"2026-06-19 03:34:04"}
{"level":"info","message":"HTTP Request: GET /users - Status: 304 - Duration: 13ms - IP: ::1","timestamp":"2026-06-19 03:34:04"}
{"level":"info","message":"HTTP Request: GET /listings - Status: 304 - Duration: 15ms - IP: ::1","timestamp":"2026-06-19 03:34:04"}
{"level":"info","message":"HTTP Request: GET /stats - Status: 304 - Duration: 14ms - IP: ::1","timestamp":"2026-06-19 03:34:04"}
{"level":"info","message":"HTTP Request: GET /users - Status: 304 - Duration: 19ms - IP: ::1","timestamp":"2026-06-19 03:34:04"}
{"level":"info","message":"HTTP Request: GET /stats - Status: 304 - Duration: 12ms - IP: ::1","timestamp":"2026-06-19 03:34:04"}
{"level":"info","message":"HTTP Request: GET /listings - Status: 304 - Duration: 20ms - IP: ::1","timestamp":"2026-06-19 03:34:04"}
{"level":"info","message":"HTTP Request: GET /users - Status: 304 - Duration: 13ms - IP: ::1","timestamp":"2026-06-19 03:34:04"}
{"level":"info","message":"HTTP Request: GET /listings - Status: 304 - Duration: 10ms - IP: ::1","timestamp":"2026-06-19 03:34:04"}
{"level":"info","message":"HTTP Request: GET /stats - Status: 304 - Duration: 13ms - IP: ::1","timestamp":"2026-06-19 03:34:04"}
{"level":"info","message":"HTTP Request: GET /users - Status: 304 - Duration: 23ms - IP: ::1","timestamp":"2026-06-19 03:34:04"}
{"level":"info","message":"HTTP Request: GET /listings - Status: 304 - Duration: 22ms - IP: ::1","timestamp":"2026-06-19 03:34:04"}
{"level":"info","message":"HTTP Request: GET /stats - Status: 304 - Duration: 13ms - IP: ::1","timestamp":"2026-06-19 03:34:04"}
{"level":"info","message":"HTTP Request: GET /users - Status: 304 - Duration: 17ms - IP: ::1","timestamp":"2026-06-19 03:34:04"}
{"level":"info","message":"HTTP Request: GET /listings - Status: 304 - Duration: 18ms - IP: ::1","timestamp":"2026-06-19 03:34:04"}
{"level":"info","message":"HTTP Request: GET /stats - Status: 304 - Duration: 11ms - IP: ::1","timestamp":"2026-06-19 03:34:04"}
{"level":"info","message":"HTTP Request: GET /users - Status: 304 - Duration: 13ms - IP: ::1","timestamp":"2026-06-19 03:34:04"}
{"level":"info","message":"HTTP Request: GET /listings - Status: 304 - Duration: 12ms - IP: ::1","timestamp":"2026-06-19 03:34:04"}
{"level":"info","message":"HTTP Request: GET /stats - Status: 304 - Duration: 18ms - IP: ::1","timestamp":"2026-06-19 03:34:04"}
{"level":"info","message":"HTTP Request: GET /users - Status: 304 - Duration: 14ms - IP: ::1","timestamp":"2026-06-19 03:34:04"}
{"level":"info","message":"HTTP Request: GET /listings - Status: 304 - Duration: 18ms - IP: ::1","timestamp":"2026-06-19 03:34:04"}
{"level":"info","message":"HTTP Request: GET /stats - Status: 304 - Duration: 14ms - IP: ::1","timestamp":"2026-06-19 03:34:04"}
{"level":"info","message":"HTTP Request: GET /users - Status: 304 - Duration: 23ms - IP: ::1","timestamp":"2026-06-19 03:34:04"}
{"level":"info","message":"HTTP Request: GET /listings - Status: 304 - Duration: 18ms - IP: ::1","timestamp":"2026-06-19 03:34:04"}
{"level":"info","message":"HTTP Request: GET /stats - Status: 304 - Duration: 29ms - IP: ::1","timestamp":"2026-06-19 03:34:04"}
{"level":"info","message":"HTTP Request: GET /listings - Status: 304 - Duration: 37ms - IP: ::1","timestamp":"2026-06-19 03:34:04"}
{"level":"info","message":"HTTP Request: GET /stats - Status: 304 - Duration: 16ms - IP: ::1","timestamp":"2026-06-19 03:34:04"}
{"level":"info","message":"HTTP Request: GET /users - Status: 304 - Duration: 43ms - IP: ::1","timestamp":"2026-06-19 03:34:04"}
{"level":"info","message":"HTTP Request: GET /listings - Status: 304 - Duration: 21ms - IP: ::1","timestamp":"2026-06-19 03:34:04"}
{"level":"info","message":"HTTP Request: GET /stats - Status: 304 - Duration: 12ms - IP: ::1","timestamp":"2026-06-19 03:34:04"}
{"level":"info","message":"HTTP Request: GET /users - Status: 304 - Duration: 29ms - IP: ::1","timestamp":"2026-06-19 03:34:04"}
{"level":"info","message":"HTTP Request: GET /listings - Status: 304 - Duration: 12ms - IP: ::1","timestamp":"2026-06-19 03:34:04"}
{"level":"info","message":"HTTP Request: GET /users - Status: 304 - Duration: 12ms - IP: ::1","timestamp":"2026-06-19 03:34:04"}
{"level":"info","message":"HTTP Request: GET /stats - Status: 304 - Duration: 17ms - IP: ::1","timestamp":"2026-06-19 03:34:04"}
{"level":"info","message":"HTTP Request: GET /listings - Status: 304 - Duration: 20ms - IP: ::1","timestamp":"2026-06-19 03:34:04"}
{"level":"info","message":"HTTP Request: GET /users - Status: 304 - Duration: 15ms - IP: ::1","timestamp":"2026-06-19 03:34:04"}
{"level":"info","message":"HTTP Request: GET /stats - Status: 304 - Duration: 10ms - IP: ::1","timestamp":"2026-06-19 03:34:04"}
{"level":"info","message":"HTTP Request: GET /stats - Status: 304 - Duration: 11ms - IP: ::1","timestamp":"2026-06-19 03:34:04"}
{"level":"info","message":"HTTP Request: GET /users - Status: 304 - Duration: 21ms - IP: ::1","timestamp":"2026-06-19 03:34:04"}
{"level":"info","message":"HTTP Request: GET /listings - Status: 304 - Duration: 27ms - IP: ::1","timestamp":"2026-06-19 03:34:04"}
{"level":"info","message":"HTTP Request: GET /users - Status: 304 - Duration: 11ms - IP: ::1","timestamp":"2026-06-19 03:34:04"}
{"level":"info","message":"HTTP Request: GET /listings - Status: 304 - Duration: 16ms - IP: ::1","timestamp":"2026-06-19 03:34:04"}
{"level":"info","message":"HTTP Request: GET /stats - Status: 304 - Duration: 11ms - IP: ::1","timestamp":"2026-06-19 03:34:04"}
{"level":"info","message":"HTTP Request: GET /users - Status: 304 - Duration: 16ms - IP: ::1","timestamp":"2026-06-19 03:34:04"}
{"level":"info","message":"HTTP Request: GET /stats - Status: 304 - Duration: 11ms - IP: ::1","timestamp":"2026-06-19 03:34:04"}
{"level":"info","message":"HTTP Request: GET /listings - Status: 304 - Duration: 19ms - IP: ::1","timestamp":"2026-06-19 03:34:04"}
{"level":"info","message":"HTTP Request: GET /users - Status: 304 - Duration: 10ms - IP: ::1","timestamp":"2026-06-19 03:34:04"}
{"level":"info","message":"HTTP Request: GET /listings - Status: 304 - Duration: 13ms - IP: ::1","timestamp":"2026-06-19 03:34:04"}
{"level":"info","message":"HTTP Request: GET /stats - Status: 304 - Duration: 11ms - IP: ::1","timestamp":"2026-06-19 03:34:04"}
{"level":"info","message":"HTTP Request: GET /users - Status: 304 - Duration: 12ms - IP: ::1","timestamp":"2026-06-19 03:34:04"}
{"level":"info","message":"HTTP Request: GET /listings - Status: 304 - Duration: 15ms - IP: ::1","timestamp":"2026-06-19 03:34:04"}
{"level":"info","message":"HTTP Request: GET /stats - Status: 304 - Duration: 12ms - IP: ::1","timestamp":"2026-06-19 03:34:04"}
{"level":"info","message":"HTTP Request: GET /users - Status: 304 - Duration: 12ms - IP: ::1","timestamp":"2026-06-19 03:34:04"}
{"level":"info","message":"HTTP Request: GET /listings - Status: 304 - Duration: 15ms - IP: ::1","timestamp":"2026-06-19 03:34:04"}
{"level":"info","message":"HTTP Request: GET /stats - Status: 304 - Duration: 13ms - IP: ::1","timestamp":"2026-06-19 03:34:04"}
{"level":"info","message":"HTTP Request: GET /users - Status: 304 - Duration: 17ms - IP: ::1","timestamp":"2026-06-19 03:34:04"}
{"level":"info","message":"HTTP Request: GET /stats - Status: 304 - Duration: 11ms - IP: ::1","timestamp":"2026-06-19 03:34:04"}
{"level":"info","message":"HTTP Request: GET /listings - Status: 304 - Duration: 18ms - IP: ::1","timestamp":"2026-06-19 03:34:04"}
{"level":"info","message":"HTTP Request: GET /users - Status: 304 - Duration: 16ms - IP: ::1","timestamp":"2026-06-19 03:34:04"}
{"level":"info","message":"HTTP Request: GET /listings - Status: 304 - Duration: 16ms - IP: ::1","timestamp":"2026-06-19 03:34:04"}
{"level":"info","message":"HTTP Request: GET /stats - Status: 304 - Duration: 13ms - IP: ::1","timestamp":"2026-06-19 03:34:04"}
{"level":"info","message":"HTTP Request: GET /users - Status: 304 - Duration: 15ms - IP: ::1","timestamp":"2026-06-19 03:34:04"}
{"level":"info","message":"HTTP Request: GET /listings - Status: 304 - Duration: 15ms - IP: ::1","timestamp":"2026-06-19 03:34:04"}
{"level":"info","message":"HTTP Request: GET /stats - Status: 304 - Duration: 12ms - IP: ::1","timestamp":"2026-06-19 03:34:04"}
{"level":"info","message":"HTTP Request: GET /users - Status: 304 - Duration: 15ms - IP: ::1","timestamp":"2026-06-19 03:34:04"}
{"level":"info","message":"HTTP Request: GET /stats - Status: 304 - Duration: 10ms - IP: ::1","timestamp":"2026-06-19 03:34:04"}
{"level":"info","message":"HTTP Request: GET /listings - Status: 304 - Duration: 19ms - IP: ::1","timestamp":"2026-06-19 03:34:04"}
{"level":"info","message":"HTTP Request: GET /users - Status: 304 - Duration: 13ms - IP: ::1","timestamp":"2026-06-19 03:34:04"}
{"level":"info","message":"HTTP Request: GET /listings - Status: 304 - Duration: 11ms - IP: ::1","timestamp":"2026-06-19 03:34:04"}
{"level":"info","message":"HTTP Request: GET /stats - Status: 304 - Duration: 9ms - IP: ::1","timestamp":"2026-06-19 03:34:04"}
{"level":"info","message":"HTTP Request: GET /users - Status: 304 - Duration: 19ms - IP: ::1","timestamp":"2026-06-19 03:34:04"}
{"level":"info","message":"HTTP Request: GET /listings - Status: 304 - Duration: 18ms - IP: ::1","timestamp":"2026-06-19 03:34:04"}
{"level":"info","message":"HTTP Request: GET /stats - Status: 304 - Duration: 12ms - IP: ::1","timestamp":"2026-06-19 03:34:04"}
{"level":"info","message":"HTTP Request: GET /users - Status: 304 - Duration: 15ms - IP: ::1","timestamp":"2026-06-19 03:34:04"}
{"level":"info","message":"HTTP Request: GET /listings - Status: 304 - Duration: 17ms - IP: ::1","timestamp":"2026-06-19 03:34:04"}
{"level":"info","message":"HTTP Request: GET /stats - Status: 304 - Duration: 12ms - IP: ::1","timestamp":"2026-06-19 03:34:04"}
{"level":"info","message":"HTTP Request: GET /users - Status: 304 - Duration: 11ms - IP: ::1","timestamp":"2026-06-19 03:34:04"}
{"level":"info","message":"HTTP Request: GET /listings - Status: 304 - Duration: 11ms - IP: ::1","timestamp":"2026-06-19 03:34:04"}
{"level":"info","message":"HTTP Request: GET /stats - Status: 304 - Duration: 12ms - IP: ::1","timestamp":"2026-06-19 03:34:04"}
{"level":"info","message":"HTTP Request: GET /users - Status: 304 - Duration: 18ms - IP: ::1","timestamp":"2026-06-19 03:34:04"}
{"level":"info","message":"HTTP Request: GET /listings - Status: 304 - Duration: 17ms - IP: ::1","timestamp":"2026-06-19 03:34:04"}
{"level":"info","message":"HTTP Request: GET /stats - Status: 304 - Duration: 11ms - IP: ::1","timestamp":"2026-06-19 03:34:04"}
{"level":"info","message":"HTTP Request: GET /listings - Status: 304 - Duration: 10ms - IP: ::1","timestamp":"2026-06-19 03:34:04"}
{"level":"info","message":"HTTP Request: GET /users - Status: 304 - Duration: 13ms - IP: ::1","timestamp":"2026-06-19 03:34:04"}
{"level":"info","message":"HTTP Request: GET /stats - Status: 304 - Duration: 12ms - IP: ::1","timestamp":"2026-06-19 03:34:04"}
{"level":"info","message":"HTTP Request: GET /users - Status: 304 - Duration: 22ms - IP: ::1","timestamp":"2026-06-19 03:34:05"}
{"level":"info","message":"HTTP Request: GET /listings - Status: 304 - Duration: 22ms - IP: ::1","timestamp":"2026-06-19 03:34:05"}
{"level":"info","message":"HTTP Request: GET /stats - Status: 304 - Duration: 15ms - IP: ::1","timestamp":"2026-06-19 03:34:05"}
{"level":"info","message":"HTTP Request: GET /users - Status: 304 - Duration: 10ms - IP: ::1","timestamp":"2026-06-19 03:34:05"}
{"level":"info","message":"HTTP Request: GET /listings - Status: 304 - Duration: 10ms - IP: ::1","timestamp":"2026-06-19 03:34:05"}
{"level":"info","message":"HTTP Request: GET /stats - Status: 304 - Duration: 12ms - IP: ::1","timestamp":"2026-06-19 03:34:05"}
{"level":"info","message":"HTTP Request: GET /users - Status: 304 - Duration: 18ms - IP: ::1","timestamp":"2026-06-19 03:34:05"}
{"level":"info","message":"HTTP Request: GET /listings - Status: 304 - Duration: 19ms - IP: ::1","timestamp":"2026-06-19 03:34:05"}
{"level":"info","message":"HTTP Request: GET /stats - Status: 304 - Duration: 11ms - IP: ::1","timestamp":"2026-06-19 03:34:05"}
{"level":"info","message":"HTTP Request: GET /users - Status: 304 - Duration: 10ms - IP: ::1","timestamp":"2026-06-19 03:34:05"}
{"level":"info","message":"HTTP Request: GET /listings - Status: 304 - Duration: 10ms - IP: ::1","timestamp":"2026-06-19 03:34:05"}
{"level":"info","message":"HTTP Request: GET /stats - Status: 304 - Duration: 13ms - IP: ::1","timestamp":"2026-06-19 03:34:05"}
{"level":"info","message":"HTTP Request: GET /listings - Status: 304 - Duration: 12ms - IP: ::1","timestamp":"2026-06-19 03:34:05"}
{"level":"info","message":"HTTP Request: GET /users - Status: 304 - Duration: 23ms - IP: ::1","timestamp":"2026-06-19 03:34:05"}
{"level":"info","message":"HTTP Request: GET /stats - Status: 304 - Duration: 12ms - IP: ::1","timestamp":"2026-06-19 03:34:05"}
{"level":"info","message":"HTTP Request: GET /listings - Status: 304 - Duration: 12ms - IP: ::1","timestamp":"2026-06-19 03:34:05"}
{"level":"info","message":"HTTP Request: GET /users - Status: 304 - Duration: 12ms - IP: ::1","timestamp":"2026-06-19 03:34:05"}
{"level":"info","message":"HTTP Request: GET /stats - Status: 304 - Duration: 13ms - IP: ::1","timestamp":"2026-06-19 03:34:05"}
{"level":"info","message":"HTTP Request: GET /users - Status: 304 - Duration: 17ms - IP: ::1","timestamp":"2026-06-19 03:34:05"}
{"level":"info","message":"HTTP Request: GET /listings - Status: 304 - Duration: 23ms - IP: ::1","timestamp":"2026-06-19 03:34:05"}
{"level":"info","message":"HTTP Request: GET /stats - Status: 304 - Duration: 12ms - IP: ::1","timestamp":"2026-06-19 03:34:05"}
{"level":"info","message":"HTTP Request: GET /users - Status: 304 - Duration: 21ms - IP: ::1","timestamp":"2026-06-19 03:34:05"}
{"level":"info","message":"HTTP Request: GET /listings - Status: 304 - Duration: 23ms - IP: ::1","timestamp":"2026-06-19 03:34:05"}
{"level":"info","message":"HTTP Request: GET /stats - Status: 304 - Duration: 12ms - IP: ::1","timestamp":"2026-06-19 03:34:05"}
{"level":"info","message":"HTTP Request: GET /users - Status: 304 - Duration: 21ms - IP: ::1","timestamp":"2026-06-19 03:34:05"}
{"level":"info","message":"HTTP Request: GET /stats - Status: 304 - Duration: 11ms - IP: ::1","timestamp":"2026-06-19 03:34:05"}
{"level":"info","message":"HTTP Request: GET /listings - Status: 304 - Duration: 25ms - IP: ::1","timestamp":"2026-06-19 03:34:05"}
{"level":"info","message":"HTTP Request: GET /listings - Status: 304 - Duration: 16ms - IP: ::1","timestamp":"2026-06-19 03:34:05"}
{"level":"info","message":"HTTP Request: GET /users - Status: 304 - Duration: 25ms - IP: ::1","timestamp":"2026-06-19 03:34:05"}
{"level":"info","message":"HTTP Request: GET /stats - Status: 304 - Duration: 11ms - IP: ::1","timestamp":"2026-06-19 03:34:05"}
{"level":"info","message":"HTTP Request: GET /listings - Status: 304 - Duration: 11ms - IP: ::1","timestamp":"2026-06-19 03:34:05"}
{"level":"info","message":"HTTP Request: GET /users - Status: 304 - Duration: 12ms - IP: ::1","timestamp":"2026-06-19 03:34:05"}
{"level":"info","message":"HTTP Request: GET /listings - Status: 304 - Duration: 15ms - IP: ::1","timestamp":"2026-06-19 03:34:05"}
{"level":"info","message":"HTTP Request: GET /stats - Status: 304 - Duration: 22ms - IP: ::1","timestamp":"2026-06-19 03:34:05"}
{"level":"info","message":"HTTP Request: GET /users - Status: 304 - Duration: 13ms - IP: ::1","timestamp":"2026-06-19 03:34:05"}
{"level":"info","message":"HTTP Request: GET /stats - Status: 304 - Duration: 19ms - IP: ::1","timestamp":"2026-06-19 03:34:05"}
{"level":"info","message":"HTTP Request: GET /users - Status: 304 - Duration: 23ms - IP: ::1","timestamp":"2026-06-19 03:34:05"}
{"level":"info","message":"HTTP Request: GET /listings - Status: 304 - Duration: 28ms - IP: ::1","timestamp":"2026-06-19 03:34:05"}
{"level":"info","message":"HTTP Request: GET /stats - Status: 304 - Duration: 13ms - IP: ::1","timestamp":"2026-06-19 03:34:05"}
{"level":"info","message":"HTTP Request: GET /users - Status: 304 - Duration: 17ms - IP: ::1","timestamp":"2026-06-19 03:34:05"}
{"level":"info","message":"HTTP Request: GET /listings - Status: 304 - Duration: 18ms - IP: ::1","timestamp":"2026-06-19 03:34:05"}
{"level":"info","message":"HTTP Request: GET /stats - Status: 304 - Duration: 12ms - IP: ::1","timestamp":"2026-06-19 03:34:05"}
{"level":"info","message":"HTTP Request: GET /listings - Status: 304 - Duration: 11ms - IP: ::1","timestamp":"2026-06-19 03:34:05"}
{"level":"info","message":"HTTP Request: GET /users - Status: 304 - Duration: 15ms - IP: ::1","timestamp":"2026-06-19 03:34:05"}
{"level":"info","message":"HTTP Request: GET /stats - Status: 304 - Duration: 15ms - IP: ::1","timestamp":"2026-06-19 03:34:05"}
{"level":"info","message":"HTTP Request: GET /users - Status: 304 - Duration: 14ms - IP: ::1","timestamp":"2026-06-19 03:34:05"}
{"level":"info","message":"HTTP Request: GET /listings - Status: 304 - Duration: 15ms - IP: ::1","timestamp":"2026-06-19 03:34:05"}
{"level":"info","message":"HTTP Request: GET /stats - Status: 304 - Duration: 12ms - IP: ::1","timestamp":"2026-06-19 03:34:05"}
{"level":"info","message":"HTTP Request: GET /users - Status: 304 - Duration: 16ms - IP: ::1","timestamp":"2026-06-19 03:34:05"}
{"level":"info","message":"HTTP Request: GET /listings - Status: 304 - Duration: 18ms - IP: ::1","timestamp":"2026-06-19 03:34:05"}
{"level":"info","message":"HTTP Request: GET /stats - Status: 304 - Duration: 14ms - IP: ::1","timestamp":"2026-06-19 03:34:05"}
{"level":"info","message":"HTTP Request: GET /users - Status: 304 - Duration: 19ms - IP: ::1","timestamp":"2026-06-19 03:34:05"}
{"level":"info","message":"HTTP Request: GET /listings - Status: 304 - Duration: 21ms - IP: ::1","timestamp":"2026-06-19 03:34:05"}
{"level":"info","message":"HTTP Request: GET /stats - Status: 304 - Duration: 12ms - IP: ::1","timestamp":"2026-06-19 03:34:05"}
{"level":"info","message":"HTTP Request: GET /users - Status: 304 - Duration: 15ms - IP: ::1","timestamp":"2026-06-19 03:34:05"}
{"level":"info","message":"HTTP Request: GET /listings - Status: 304 - Duration: 12ms - IP: ::1","timestamp":"2026-06-19 03:34:05"}
{"level":"info","message":"HTTP Request: GET /stats - Status: 304 - Duration: 12ms - IP: ::1","timestamp":"2026-06-19 03:34:05"}
{"level":"info","message":"HTTP Request: GET /users - Status: 304 - Duration: 17ms - IP: ::1","timestamp":"2026-06-19 03:34:05"}
{"level":"info","message":"HTTP Request: GET /listings - Status: 304 - Duration: 10ms - IP: ::1","timestamp":"2026-06-19 03:34:05"}
{"level":"info","message":"HTTP Request: GET /stats - Status: 304 - Duration: 11ms - IP: ::1","timestamp":"2026-06-19 03:34:05"}
{"level":"info","message":"HTTP Request: GET /users - Status: 304 - Duration: 23ms - IP: ::1","timestamp":"2026-06-19 03:34:05"}
{"level":"info","message":"HTTP Request: GET /listings - Status: 304 - Duration: 22ms - IP: ::1","timestamp":"2026-06-19 03:34:05"}
{"level":"info","message":"HTTP Request: GET /stats - Status: 304 - Duration: 14ms - IP: ::1","timestamp":"2026-06-19 03:34:05"}
{"level":"info","message":"HTTP Request: GET /users - Status: 304 - Duration: 22ms - IP: ::1","timestamp":"2026-06-19 03:34:05"}
{"level":"info","message":"HTTP Request: GET /listings - Status: 304 - Duration: 21ms - IP: ::1","timestamp":"2026-06-19 03:34:05"}
{"level":"info","message":"HTTP Request: GET /stats - Status: 304 - Duration: 17ms - IP: ::1","timestamp":"2026-06-19 03:34:05"}
{"level":"info","message":"HTTP Request: GET /listings - Status: 304 - Duration: 11ms - IP: ::1","timestamp":"2026-06-19 03:34:05"}
{"level":"info","message":"HTTP Request: GET /users - Status: 304 - Duration: 14ms - IP: ::1","timestamp":"2026-06-19 03:34:05"}
{"level":"info","message":"HTTP Request: GET /stats - Status: 304 - Duration: 12ms - IP: ::1","timestamp":"2026-06-19 03:34:05"}
{"level":"info","message":"HTTP Request: GET /listings - Status: 304 - Duration: 21ms - IP: ::1","timestamp":"2026-06-19 03:34:05"}
{"level":"info","message":"HTTP Request: GET /stats - Status: 304 - Duration: 12ms - IP: ::1","timestamp":"2026-06-19 03:34:05"}
{"level":"info","message":"HTTP Request: GET /users - Status: 304 - Duration: 24ms - IP: ::1","timestamp":"2026-06-19 03:34:05"}
{"level":"info","message":"HTTP Request: GET /listings - Status: 304 - Duration: 17ms - IP: ::1","timestamp":"2026-06-19 03:34:05"}
{"level":"info","message":"HTTP Request: GET /stats - Status: 304 - Duration: 12ms - IP: ::1","timestamp":"2026-06-19 03:34:05"}
{"level":"info","message":"HTTP Request: GET /users - Status: 304 - Duration: 25ms - IP: ::1","timestamp":"2026-06-19 03:34:05"}
{"level":"info","message":"HTTP Request: GET /listings - Status: 304 - Duration: 12ms - IP: ::1","timestamp":"2026-06-19 03:34:05"}
{"level":"info","message":"HTTP Request: GET /users - Status: 304 - Duration: 17ms - IP: ::1","timestamp":"2026-06-19 03:34:05"}
{"level":"info","message":"HTTP Request: GET /stats - Status: 304 - Duration: 10ms - IP: ::1","timestamp":"2026-06-19 03:34:05"}
{"level":"info","message":"HTTP Request: GET /listings - Status: 304 - Duration: 18ms - IP: ::1","timestamp":"2026-06-19 03:34:05"}
{"level":"info","message":"HTTP Request: GET /users - Status: 304 - Duration: 17ms - IP: ::1","timestamp":"2026-06-19 03:34:05"}
{"level":"info","message":"HTTP Request: GET /stats - Status: 304 - Duration: 11ms - IP: ::1","timestamp":"2026-06-19 03:34:05"}
{"level":"info","message":"HTTP Request: GET /listings - Status: 304 - Duration: 17ms - IP: ::1","timestamp":"2026-06-19 03:34:05"}
{"level":"info","message":"HTTP Request: GET /users - Status: 304 - Duration: 16ms - IP: ::1","timestamp":"2026-06-19 03:34:05"}
{"level":"info","message":"HTTP Request: GET /stats - Status: 304 - Duration: 12ms - IP: ::1","timestamp":"2026-06-19 03:34:05"}
{"level":"info","message":"HTTP Request: GET /listings - Status: 304 - Duration: 10ms - IP: ::1","timestamp":"2026-06-19 03:34:05"}
{"level":"info","message":"HTTP Request: GET /users - Status: 304 - Duration: 14ms - IP: ::1","timestamp":"2026-06-19 03:34:05"}
{"level":"info","message":"HTTP Request: GET /stats - Status: 304 - Duration: 13ms - IP: ::1","timestamp":"2026-06-19 03:34:05"}
{"level":"info","message":"HTTP Request: GET /listings - Status: 304 - Duration: 11ms - IP: ::1","timestamp":"2026-06-19 03:34:05"}
{"level":"info","message":"HTTP Request: GET /users - Status: 304 - Duration: 10ms - IP: ::1","timestamp":"2026-06-19 03:34:05"}
{"level":"info","message":"HTTP Request: GET /stats - Status: 304 - Duration: 11ms - IP: ::1","timestamp":"2026-06-19 03:34:05"}
{"level":"info","message":"HTTP Request: GET /listings - Status: 304 - Duration: 14ms - IP: ::1","timestamp":"2026-06-19 03:34:05"}
{"level":"info","message":"HTTP Request: GET /users - Status: 304 - Duration: 12ms - IP: ::1","timestamp":"2026-06-19 03:34:05"}
{"level":"info","message":"HTTP Request: GET /stats - Status: 304 - Duration: 12ms - IP: ::1","timestamp":"2026-06-19 03:34:05"}
{"level":"info","message":"HTTP Request: GET /stats - Status: 304 - Duration: 13ms - IP: ::1","timestamp":"2026-06-19 03:34:05"}
{"level":"info","message":"HTTP Request: GET /listings - Status: 304 - Duration: 27ms - IP: ::1","timestamp":"2026-06-19 03:34:05"}
{"level":"info","message":"HTTP Request: GET /users - Status: 304 - Duration: 21ms - IP: ::1","timestamp":"2026-06-19 03:34:05"}
{"level":"info","message":"HTTP Request: GET /listings - Status: 304 - Duration: 11ms - IP: ::1","timestamp":"2026-06-19 03:34:05"}
{"level":"info","message":"HTTP Request: GET /users - Status: 304 - Duration: 17ms - IP: ::1","timestamp":"2026-06-19 03:34:05"}
{"level":"info","message":"HTTP Request: GET /stats - Status: 304 - Duration: 15ms - IP: ::1","timestamp":"2026-06-19 03:34:05"}
{"level":"info","message":"HTTP Request: GET /listings - Status: 304 - Duration: 18ms - IP: ::1","timestamp":"2026-06-19 03:34:05"}
{"level":"info","message":"HTTP Request: GET /stats - Status: 304 - Duration: 17ms - IP: ::1","timestamp":"2026-06-19 03:34:05"}
{"level":"info","message":"HTTP Request: GET /users - Status: 304 - Duration: 28ms - IP: ::1","timestamp":"2026-06-19 03:34:05"}
{"level":"info","message":"HTTP Request: GET /conversations - Status: 304 - Duration: 10ms - IP: ::1","timestamp":"2026-06-19 03:34:05"}
{"level":"info","message":"HTTP Request: GET /listings - Status: 304 - Duration: 21ms - IP: ::1","timestamp":"2026-06-19 03:34:05"}
{"level":"info","message":"HTTP Request: GET /conversations - Status: 304 - Duration: 7ms - IP: ::1","timestamp":"2026-06-19 03:34:05"}
{"level":"info","message":"HTTP Request: GET /users - Status: 304 - Duration: 20ms - IP: ::1","timestamp":"2026-06-19 03:34:05"}
{"level":"info","message":"HTTP Request: GET /stats - Status: 304 - Duration: 12ms - IP: ::1","timestamp":"2026-06-19 03:34:05"}
{"level":"info","message":"HTTP Request: GET /listings - Status: 304 - Duration: 17ms - IP: ::1","timestamp":"2026-06-19 03:34:05"}
{"level":"info","message":"HTTP Request: GET /users - Status: 304 - Duration: 13ms - IP: ::1","timestamp":"2026-06-19 03:34:05"}
{"level":"info","message":"HTTP Request: GET /stats - Status: 304 - Duration: 12ms - IP: ::1","timestamp":"2026-06-19 03:34:05"}
{"level":"info","message":"HTTP Request: GET /listings - Status: 304 - Duration: 16ms - IP: ::1","timestamp":"2026-06-19 03:34:05"}
{"level":"info","message":"HTTP Request: GET /users - Status: 304 - Duration: 19ms - IP: ::1","timestamp":"2026-06-19 03:34:05"}
{"level":"info","message":"HTTP Request: GET /stats - Status: 304 - Duration: 12ms - IP: ::1","timestamp":"2026-06-19 03:34:05"}
{"level":"info","message":"HTTP Request: GET /listings - Status: 304 - Duration: 13ms - IP: ::1","timestamp":"2026-06-19 03:34:05"}
{"level":"info","message":"HTTP Request: GET /users - Status: 304 - Duration: 16ms - IP: ::1","timestamp":"2026-06-19 03:34:06"}
{"level":"info","message":"HTTP Request: GET /stats - Status: 304 - Duration: 13ms - IP: ::1","timestamp":"2026-06-19 03:34:06"}
{"level":"info","message":"HTTP Request: GET /listings - Status: 304 - Duration: 13ms - IP: ::1","timestamp":"2026-06-19 03:34:06"}
{"level":"info","message":"HTTP Request: GET /users - Status: 304 - Duration: 16ms - IP: ::1","timestamp":"2026-06-19 03:34:06"}
{"level":"info","message":"HTTP Request: GET /stats - Status: 304 - Duration: 12ms - IP: ::1","timestamp":"2026-06-19 03:34:06"}
{"level":"info","message":"HTTP Request: GET /listings - Status: 304 - Duration: 12ms - IP: ::1","timestamp":"2026-06-19 03:34:06"}
{"level":"info","message":"HTTP Request: GET /users - Status: 304 - Duration: 14ms - IP: ::1","timestamp":"2026-06-19 03:34:06"}
{"level":"info","message":"HTTP Request: GET /stats - Status: 304 - Duration: 11ms - IP: ::1","timestamp":"2026-06-19 03:34:06"}
{"level":"info","message":"HTTP Request: GET /listings - Status: 304 - Duration: 14ms - IP: ::1","timestamp":"2026-06-19 03:34:06"}
{"level":"info","message":"HTTP Request: GET /users - Status: 304 - Duration: 14ms - IP: ::1","timestamp":"2026-06-19 03:34:06"}
{"level":"info","message":"HTTP Request: GET /stats - Status: 304 - Duration: 11ms - IP: ::1","timestamp":"2026-06-19 03:34:06"}
{"level":"info","message":"HTTP Request: GET /listings - Status: 304 - Duration: 13ms - IP: ::1","timestamp":"2026-06-19 03:34:06"}
{"level":"info","message":"HTTP Request: GET /users - Status: 304 - Duration: 15ms - IP: ::1","timestamp":"2026-06-19 03:34:06"}
{"level":"info","message":"HTTP Request: GET /stats - Status: 304 - Duration: 15ms - IP: ::1","timestamp":"2026-06-19 03:34:06"}
{"level":"info","message":"HTTP Request: GET /stats - Status: 304 - Duration: 13ms - IP: ::1","timestamp":"2026-06-19 03:34:06"}
{"level":"info","message":"HTTP Request: GET /listings - Status: 304 - Duration: 28ms - IP: ::1","timestamp":"2026-06-19 03:34:06"}
{"level":"info","message":"HTTP Request: GET /users - Status: 304 - Duration: 23ms - IP: ::1","timestamp":"2026-06-19 03:34:06"}
{"level":"info","message":"HTTP Request: GET /listings - Status: 304 - Duration: 11ms - IP: ::1","timestamp":"2026-06-19 03:34:06"}
{"level":"info","message":"HTTP Request: GET /users - Status: 304 - Duration: 16ms - IP: ::1","timestamp":"2026-06-19 03:34:06"}
{"level":"info","message":"HTTP Request: GET /stats - Status: 304 - Duration: 14ms - IP: ::1","timestamp":"2026-06-19 03:34:06"}
{"level":"info","message":"HTTP Request: GET /listings - Status: 304 - Duration: 15ms - IP: ::1","timestamp":"2026-06-19 03:34:06"}
{"level":"info","message":"HTTP Request: GET /stats - Status: 304 - Duration: 11ms - IP: ::1","timestamp":"2026-06-19 03:34:06"}
{"level":"info","message":"HTTP Request: GET /users - Status: 304 - Duration: 20ms - IP: ::1","timestamp":"2026-06-19 03:34:06"}
{"level":"info","message":"HTTP Request: GET /listings - Status: 304 - Duration: 12ms - IP: ::1","timestamp":"2026-06-19 03:34:06"}
{"level":"info","message":"HTTP Request: GET /users - Status: 304 - Duration: 10ms - IP: ::1","timestamp":"2026-06-19 03:34:06"}
{"level":"info","message":"HTTP Request: GET /stats - Status: 304 - Duration: 11ms - IP: ::1","timestamp":"2026-06-19 03:34:06"}
{"level":"info","message":"HTTP Request: GET /listings - Status: 304 - Duration: 20ms - IP: ::1","timestamp":"2026-06-19 03:34:06"}
{"level":"info","message":"HTTP Request: GET /users - Status: 304 - Duration: 20ms - IP: ::1","timestamp":"2026-06-19 03:34:06"}
{"level":"info","message":"HTTP Request: GET /stats - Status: 304 - Duration: 13ms - IP: ::1","timestamp":"2026-06-19 03:34:06"}
{"level":"info","message":"HTTP Request: GET /listings - Status: 304 - Duration: 10ms - IP: ::1","timestamp":"2026-06-19 03:34:06"}
{"level":"info","message":"HTTP Request: GET /users - Status: 304 - Duration: 11ms - IP: ::1","timestamp":"2026-06-19 03:34:06"}
{"level":"info","message":"HTTP Request: GET /stats - Status: 304 - Duration: 11ms - IP: ::1","timestamp":"2026-06-19 03:34:06"}
{"level":"info","message":"HTTP Request: GET /listings - Status: 304 - Duration: 13ms - IP: ::1","timestamp":"2026-06-19 03:34:06"}
{"level":"info","message":"HTTP Request: GET /users - Status: 304 - Duration: 19ms - IP: ::1","timestamp":"2026-06-19 03:34:06"}
{"level":"info","message":"HTTP Request: GET /stats - Status: 304 - Duration: 14ms - IP: ::1","timestamp":"2026-06-19 03:34:06"}
{"level":"info","message":"HTTP Request: GET /listings - Status: 304 - Duration: 13ms - IP: ::1","timestamp":"2026-06-19 03:34:06"}
{"level":"info","message":"HTTP Request: GET /users - Status: 304 - Duration: 16ms - IP: ::1","timestamp":"2026-06-19 03:34:06"}
{"level":"info","message":"HTTP Request: GET /stats - Status: 304 - Duration: 12ms - IP: ::1","timestamp":"2026-06-19 03:34:06"}
{"level":"info","message":"HTTP Request: GET /listings - Status: 304 - Duration: 13ms - IP: ::1","timestamp":"2026-06-19 03:34:06"}
{"level":"info","message":"HTTP Request: GET /users - Status: 304 - Duration: 12ms - IP: ::1","timestamp":"2026-06-19 03:34:06"}
{"level":"info","message":"HTTP Request: GET /stats - Status: 304 - Duration: 12ms - IP: ::1","timestamp":"2026-06-19 03:34:06"}
{"level":"info","message":"HTTP Request: GET /listings - Status: 304 - Duration: 16ms - IP: ::1","timestamp":"2026-06-19 03:34:06"}
{"level":"info","message":"HTTP Request: GET /users - Status: 304 - Duration: 18ms - IP: ::1","timestamp":"2026-06-19 03:34:06"}
{"level":"info","message":"HTTP Request: GET /stats - Status: 304 - Duration: 12ms - IP: ::1","timestamp":"2026-06-19 03:34:06"}
{"level":"info","message":"HTTP Request: GET /listings - Status: 304 - Duration: 12ms - IP: ::1","timestamp":"2026-06-19 03:34:06"}
{"level":"info","message":"HTTP Request: GET /users - Status: 304 - Duration: 16ms - IP: ::1","timestamp":"2026-06-19 03:34:06"}
{"level":"info","message":"HTTP Request: GET /stats - Status: 304 - Duration: 11ms - IP: ::1","timestamp":"2026-06-19 03:34:06"}
{"level":"info","message":"HTTP Request: GET /listings - Status: 304 - Duration: 12ms - IP: ::1","timestamp":"2026-06-19 03:34:06"}
{"level":"info","message":"HTTP Request: GET /users - Status: 304 - Duration: 11ms - IP: ::1","timestamp":"2026-06-19 03:34:06"}
{"level":"info","message":"HTTP Request: GET /stats - Status: 304 - Duration: 12ms - IP: ::1","timestamp":"2026-06-19 03:34:06"}
{"level":"info","message":"HTTP Request: GET /listings - Status: 304 - Duration: 22ms - IP: ::1","timestamp":"2026-06-19 03:34:06"}
{"level":"info","message":"HTTP Request: GET /users - Status: 304 - Duration: 17ms - IP: ::1","timestamp":"2026-06-19 03:34:06"}
{"level":"info","message":"HTTP Request: GET /stats - Status: 304 - Duration: 13ms - IP: ::1","timestamp":"2026-06-19 03:34:06"}
{"level":"info","message":"HTTP Request: GET /listings - Status: 304 - Duration: 14ms - IP: ::1","timestamp":"2026-06-19 03:34:06"}
{"level":"info","message":"HTTP Request: GET /users - Status: 304 - Duration: 17ms - IP: ::1","timestamp":"2026-06-19 03:34:06"}
{"level":"info","message":"HTTP Request: GET /stats - Status: 304 - Duration: 19ms - IP: ::1","timestamp":"2026-06-19 03:34:06"}
{"level":"info","message":"HTTP Request: GET /listings - Status: 304 - Duration: 23ms - IP: ::1","timestamp":"2026-06-19 03:34:06"}
{"level":"info","message":"HTTP Request: GET /stats - Status: 304 - Duration: 18ms - IP: ::1","timestamp":"2026-06-19 03:34:06"}
{"level":"info","message":"HTTP Request: GET /users - Status: 304 - Duration: 24ms - IP: ::1","timestamp":"2026-06-19 03:34:06"}
{"level":"info","message":"HTTP Request: GET /listings - Status: 304 - Duration: 11ms - IP: ::1","timestamp":"2026-06-19 03:34:06"}
{"level":"info","message":"HTTP Request: GET /users - Status: 304 - Duration: 13ms - IP: ::1","timestamp":"2026-06-19 03:34:06"}
{"level":"info","message":"HTTP Request: GET /stats - Status: 304 - Duration: 10ms - IP: ::1","timestamp":"2026-06-19 03:34:06"}
{"level":"info","message":"HTTP Request: GET /stats - Status: 304 - Duration: 12ms - IP: ::1","timestamp":"2026-06-19 03:34:06"}
{"level":"info","message":"HTTP Request: GET /users - Status: 304 - Duration: 17ms - IP: ::1","timestamp":"2026-06-19 03:34:06"}
{"level":"info","message":"HTTP Request: GET /listings - Status: 304 - Duration: 18ms - IP: ::1","timestamp":"2026-06-19 03:34:06"}
{"level":"info","message":"HTTP Request: GET /users - Status: 304 - Duration: 11ms - IP: ::1","timestamp":"2026-06-19 03:34:06"}
{"level":"info","message":"HTTP Request: GET /listings - Status: 304 - Duration: 10ms - IP: ::1","timestamp":"2026-06-19 03:34:06"}
{"level":"info","message":"HTTP Request: GET /stats - Status: 304 - Duration: 14ms - IP: ::1","timestamp":"2026-06-19 03:34:06"}
{"level":"info","message":"HTTP Request: GET /users - Status: 304 - Duration: 20ms - IP: ::1","timestamp":"2026-06-19 03:34:06"}
{"level":"info","message":"HTTP Request: GET /listings - Status: 304 - Duration: 18ms - IP: ::1","timestamp":"2026-06-19 03:34:06"}
{"level":"info","message":"HTTP Request: GET /stats - Status: 304 - Duration: 13ms - IP: ::1","timestamp":"2026-06-19 03:34:06"}
{"level":"info","message":"HTTP Request: GET /users - Status: 304 - Duration: 11ms - IP: ::1","timestamp":"2026-06-19 03:34:06"}
{"level":"info","message":"HTTP Request: GET /listings - Status: 304 - Duration: 11ms - IP: ::1","timestamp":"2026-06-19 03:34:06"}
{"level":"info","message":"HTTP Request: GET /stats - Status: 304 - Duration: 13ms - IP: ::1","timestamp":"2026-06-19 03:34:06"}
{"level":"info","message":"HTTP Request: GET /users - Status: 304 - Duration: 20ms - IP: ::1","timestamp":"2026-06-19 03:34:06"}
{"level":"info","message":"HTTP Request: GET /listings - Status: 304 - Duration: 20ms - IP: ::1","timestamp":"2026-06-19 03:34:06"}
{"level":"info","message":"HTTP Request: GET /stats - Status: 304 - Duration: 12ms - IP: ::1","timestamp":"2026-06-19 03:34:06"}
{"level":"info","message":"HTTP Request: GET /users - Status: 304 - Duration: 12ms - IP: ::1","timestamp":"2026-06-19 03:34:06"}
{"level":"info","message":"HTTP Request: GET /listings - Status: 304 - Duration: 11ms - IP: ::1","timestamp":"2026-06-19 03:34:06"}
{"level":"info","message":"HTTP Request: GET /stats - Status: 304 - Duration: 14ms - IP: ::1","timestamp":"2026-06-19 03:34:06"}
{"level":"info","message":"HTTP Request: GET /users - Status: 304 - Duration: 19ms - IP: ::1","timestamp":"2026-06-19 03:34:06"}
{"level":"info","message":"HTTP Request: GET /listings - Status: 304 - Duration: 20ms - IP: ::1","timestamp":"2026-06-19 03:34:06"}
{"level":"info","message":"HTTP Request: GET /stats - Status: 304 - Duration: 12ms - IP: ::1","timestamp":"2026-06-19 03:34:06"}
{"level":"info","message":"HTTP Request: GET /stats - Status: 304 - Duration: 12ms - IP: ::1","timestamp":"2026-06-19 03:34:06"}
{"level":"info","message":"HTTP Request: GET /users - Status: 304 - Duration: 20ms - IP: ::1","timestamp":"2026-06-19 03:34:06"}
{"level":"info","message":"HTTP Request: GET /listings - Status: 304 - Duration: 19ms - IP: ::1","timestamp":"2026-06-19 03:34:06"}
{"level":"info","message":"HTTP Request: GET /users - Status: 304 - Duration: 15ms - IP: ::1","timestamp":"2026-06-19 03:34:06"}
{"level":"info","message":"HTTP Request: GET /listings - Status: 304 - Duration: 16ms - IP: ::1","timestamp":"2026-06-19 03:34:06"}
{"level":"info","message":"HTTP Request: GET /stats - Status: 304 - Duration: 13ms - IP: ::1","timestamp":"2026-06-19 03:34:06"}
{"level":"info","message":"HTTP Request: GET /users - Status: 304 - Duration: 16ms - IP: ::1","timestamp":"2026-06-19 03:34:06"}
{"level":"info","message":"HTTP Request: GET /listings - Status: 304 - Duration: 17ms - IP: ::1","timestamp":"2026-06-19 03:34:06"}
{"level":"info","message":"HTTP Request: GET /stats - Status: 304 - Duration: 15ms - IP: ::1","timestamp":"2026-06-19 03:34:06"}
{"level":"info","message":"HTTP Request: GET /users - Status: 304 - Duration: 15ms - IP: ::1","timestamp":"2026-06-19 03:34:06"}
{"level":"info","message":"HTTP Request: GET /listings - Status: 304 - Duration: 15ms - IP: ::1","timestamp":"2026-06-19 03:34:06"}
{"level":"info","message":"HTTP Request: GET /stats - Status: 304 - Duration: 13ms - IP: ::1","timestamp":"2026-06-19 03:34:06"}
{"level":"info","message":"HTTP Request: GET /users - Status: 304 - Duration: 11ms - IP: ::1","timestamp":"2026-06-19 03:34:06"}
{"level":"info","message":"HTTP Request: GET /listings - Status: 304 - Duration: 11ms - IP: ::1","timestamp":"2026-06-19 03:34:06"}
{"level":"info","message":"HTTP Request: GET /stats - Status: 304 - Duration: 12ms - IP: ::1","timestamp":"2026-06-19 03:34:06"}
{"level":"info","message":"HTTP Request: GET /users - Status: 304 - Duration: 20ms - IP: ::1","timestamp":"2026-06-19 03:34:06"}
{"level":"info","message":"HTTP Request: GET /listings - Status: 304 - Duration: 18ms - IP: ::1","timestamp":"2026-06-19 03:34:06"}
{"level":"info","message":"HTTP Request: GET /stats - Status: 304 - Duration: 12ms - IP: ::1","timestamp":"2026-06-19 03:34:06"}
{"level":"info","message":"HTTP Request: GET /users - Status: 304 - Duration: 16ms - IP: ::1","timestamp":"2026-06-19 03:34:06"}
{"level":"info","message":"HTTP Request: GET /stats - Status: 304 - Duration: 11ms - IP: ::1","timestamp":"2026-06-19 03:34:06"}
{"level":"info","message":"HTTP Request: GET /listings - Status: 304 - Duration: 19ms - IP: ::1","timestamp":"2026-06-19 03:34:06"}
{"level":"info","message":"HTTP Request: GET /users - Status: 304 - Duration: 15ms - IP: ::1","timestamp":"2026-06-19 03:34:06"}
{"level":"info","message":"HTTP Request: GET /listings - Status: 304 - Duration: 12ms - IP: ::1","timestamp":"2026-06-19 03:34:06"}
{"level":"info","message":"HTTP Request: GET /stats - Status: 304 - Duration: 10ms - IP: ::1","timestamp":"2026-06-19 03:34:06"}
{"level":"info","message":"HTTP Request: GET /users - Status: 304 - Duration: 20ms - IP: ::1","timestamp":"2026-06-19 03:34:06"}
{"level":"info","message":"HTTP Request: GET /listings - Status: 304 - Duration: 16ms - IP: ::1","timestamp":"2026-06-19 03:34:06"}
{"level":"info","message":"HTTP Request: GET /stats - Status: 304 - Duration: 13ms - IP: ::1","timestamp":"2026-06-19 03:34:06"}
{"level":"info","message":"HTTP Request: GET /listings - Status: 304 - Duration: 15ms - IP: ::1","timestamp":"2026-06-19 03:34:06"}
{"level":"info","message":"HTTP Request: GET /users - Status: 304 - Duration: 19ms - IP: ::1","timestamp":"2026-06-19 03:34:06"}
{"level":"info","message":"HTTP Request: GET /stats - Status: 304 - Duration: 13ms - IP: ::1","timestamp":"2026-06-19 03:34:06"}
{"level":"info","message":"HTTP Request: GET /listings - Status: 304 - Duration: 10ms - IP: ::1","timestamp":"2026-06-19 03:34:06"}
{"level":"info","message":"HTTP Request: GET /users - Status: 304 - Duration: 17ms - IP: ::1","timestamp":"2026-06-19 03:34:06"}
{"level":"info","message":"HTTP Request: GET /stats - Status: 304 - Duration: 13ms - IP: ::1","timestamp":"2026-06-19 03:34:06"}
{"level":"info","message":"HTTP Request: GET /listings - Status: 304 - Duration: 13ms - IP: ::1","timestamp":"2026-06-19 03:34:07"}
{"level":"info","message":"HTTP Request: GET /users - Status: 304 - Duration: 11ms - IP: ::1","timestamp":"2026-06-19 03:34:07"}
{"level":"info","message":"HTTP Request: GET /stats - Status: 304 - Duration: 11ms - IP: ::1","timestamp":"2026-06-19 03:34:07"}
{"level":"info","message":"HTTP Request: GET /listings - Status: 304 - Duration: 20ms - IP: ::1","timestamp":"2026-06-19 03:34:07"}
{"level":"info","message":"HTTP Request: GET /stats - Status: 304 - Duration: 12ms - IP: ::1","timestamp":"2026-06-19 03:34:07"}
{"level":"info","message":"HTTP Request: GET /users - Status: 304 - Duration: 24ms - IP: ::1","timestamp":"2026-06-19 03:34:07"}
{"level":"info","message":"HTTP Request: GET /listings - Status: 304 - Duration: 12ms - IP: ::1","timestamp":"2026-06-19 03:34:07"}
{"level":"info","message":"HTTP Request: GET /users - Status: 304 - Duration: 13ms - IP: ::1","timestamp":"2026-06-19 03:34:07"}
{"level":"info","message":"HTTP Request: GET /stats - Status: 304 - Duration: 16ms - IP: ::1","timestamp":"2026-06-19 03:34:07"}
{"level":"info","message":"HTTP Request: GET /listings - Status: 304 - Duration: 20ms - IP: ::1","timestamp":"2026-06-19 03:34:07"}
{"level":"info","message":"HTTP Request: GET /users - Status: 304 - Duration: 20ms - IP: ::1","timestamp":"2026-06-19 03:34:07"}
{"level":"info","message":"HTTP Request: GET /stats - Status: 304 - Duration: 14ms - IP: ::1","timestamp":"2026-06-19 03:34:07"}
{"level":"info","message":"HTTP Request: GET /listings - Status: 304 - Duration: 11ms - IP: ::1","timestamp":"2026-06-19 03:34:07"}
{"level":"info","message":"HTTP Request: GET /users - Status: 304 - Duration: 16ms - IP: ::1","timestamp":"2026-06-19 03:34:07"}
{"level":"info","message":"HTTP Request: GET /stats - Status: 304 - Duration: 12ms - IP: ::1","timestamp":"2026-06-19 03:34:07"}
{"level":"info","message":"HTTP Request: GET /listings - Status: 304 - Duration: 13ms - IP: ::1","timestamp":"2026-06-19 03:34:07"}
{"level":"info","message":"HTTP Request: GET /users - Status: 304 - Duration: 14ms - IP: ::1","timestamp":"2026-06-19 03:34:07"}
{"level":"info","message":"HTTP Request: GET /stats - Status: 304 - Duration: 15ms - IP: ::1","timestamp":"2026-06-19 03:34:07"}
{"level":"info","message":"HTTP Request: GET /users - Status: 304 - Duration: 18ms - IP: ::1","timestamp":"2026-06-19 03:34:07"}
{"level":"info","message":"HTTP Request: GET /stats - Status: 304 - Duration: 14ms - IP: ::1","timestamp":"2026-06-19 03:34:07"}
{"level":"info","message":"HTTP Request: GET /listings - Status: 304 - Duration: 28ms - IP: ::1","timestamp":"2026-06-19 03:34:07"}
{"level":"info","message":"HTTP Request: GET /users - Status: 304 - Duration: 12ms - IP: ::1","timestamp":"2026-06-19 03:34:07"}
{"level":"info","message":"HTTP Request: GET /listings - Status: 304 - Duration: 11ms - IP: ::1","timestamp":"2026-06-19 03:34:07"}
{"level":"info","message":"HTTP Request: GET /stats - Status: 304 - Duration: 13ms - IP: ::1","timestamp":"2026-06-19 03:34:07"}
{"level":"info","message":"HTTP Request: GET /users - Status: 304 - Duration: 22ms - IP: ::1","timestamp":"2026-06-19 03:34:07"}
{"level":"info","message":"HTTP Request: GET /listings - Status: 304 - Duration: 21ms - IP: ::1","timestamp":"2026-06-19 03:34:07"}
{"level":"info","message":"HTTP Request: GET /stats - Status: 304 - Duration: 15ms - IP: ::1","timestamp":"2026-06-19 03:34:07"}
{"level":"info","message":"HTTP Request: GET /stats - Status: 304 - Duration: 12ms - IP: ::1","timestamp":"2026-06-19 03:34:07"}
{"level":"info","message":"HTTP Request: GET /users - Status: 304 - Duration: 23ms - IP: ::1","timestamp":"2026-06-19 03:34:07"}
{"level":"info","message":"HTTP Request: GET /listings - Status: 304 - Duration: 22ms - IP: ::1","timestamp":"2026-06-19 03:34:07"}
{"level":"info","message":"HTTP Request: GET /users - Status: 304 - Duration: 11ms - IP: ::1","timestamp":"2026-06-19 03:34:07"}
{"level":"info","message":"HTTP Request: GET /listings - Status: 304 - Duration: 11ms - IP: ::1","timestamp":"2026-06-19 03:34:07"}
{"level":"info","message":"HTTP Request: GET /stats - Status: 304 - Duration: 12ms - IP: ::1","timestamp":"2026-06-19 03:34:07"}
{"level":"info","message":"HTTP Request: GET /users - Status: 304 - Duration: 23ms - IP: ::1","timestamp":"2026-06-19 03:34:07"}
{"level":"info","message":"HTTP Request: GET /listings - Status: 304 - Duration: 19ms - IP: ::1","timestamp":"2026-06-19 03:34:07"}
{"level":"info","message":"HTTP Request: GET /stats - Status: 304 - Duration: 12ms - IP: ::1","timestamp":"2026-06-19 03:34:07"}
{"level":"info","message":"HTTP Request: GET /listings - Status: 304 - Duration: 10ms - IP: ::1","timestamp":"2026-06-19 03:34:07"}
{"level":"info","message":"HTTP Request: GET /users - Status: 304 - Duration: 15ms - IP: ::1","timestamp":"2026-06-19 03:34:07"}
{"level":"info","message":"HTTP Request: GET /stats - Status: 304 - Duration: 13ms - IP: ::1","timestamp":"2026-06-19 03:34:07"}
{"level":"info","message":"HTTP Request: GET /listings - Status: 304 - Duration: 15ms - IP: ::1","timestamp":"2026-06-19 03:34:07"}
{"level":"info","message":"HTTP Request: GET /users - Status: 304 - Duration: 14ms - IP: ::1","timestamp":"2026-06-19 03:34:07"}
{"level":"info","message":"HTTP Request: GET /stats - Status: 304 - Duration: 12ms - IP: ::1","timestamp":"2026-06-19 03:34:07"}
{"level":"info","message":"HTTP Request: GET /stats - Status: 304 - Duration: 10ms - IP: ::1","timestamp":"2026-06-19 03:34:07"}
{"level":"info","message":"HTTP Request: GET /users - Status: 304 - Duration: 29ms - IP: ::1","timestamp":"2026-06-19 03:34:07"}
{"level":"info","message":"HTTP Request: GET /listings - Status: 304 - Duration: 26ms - IP: ::1","timestamp":"2026-06-19 03:34:07"}
{"level":"info","message":"HTTP Request: GET /users - Status: 304 - Duration: 11ms - IP: ::1","timestamp":"2026-06-19 03:34:07"}
{"level":"info","message":"HTTP Request: GET /listings - Status: 304 - Duration: 10ms - IP: ::1","timestamp":"2026-06-19 03:34:07"}
{"level":"info","message":"HTTP Request: GET /stats - Status: 304 - Duration: 13ms - IP: ::1","timestamp":"2026-06-19 03:34:07"}
{"level":"info","message":"HTTP Request: GET /users - Status: 304 - Duration: 19ms - IP: ::1","timestamp":"2026-06-19 03:34:07"}
{"level":"info","message":"HTTP Request: GET /listings - Status: 304 - Duration: 19ms - IP: ::1","timestamp":"2026-06-19 03:34:07"}
{"level":"info","message":"HTTP Request: GET /stats - Status: 304 - Duration: 13ms - IP: ::1","timestamp":"2026-06-19 03:34:07"}
{"level":"info","message":"HTTP Request: GET /users - Status: 304 - Duration: 12ms - IP: ::1","timestamp":"2026-06-19 03:34:07"}
{"level":"info","message":"HTTP Request: GET /listings - Status: 304 - Duration: 17ms - IP: ::1","timestamp":"2026-06-19 03:34:07"}
{"level":"info","message":"HTTP Request: GET /stats - Status: 304 - Duration: 13ms - IP: ::1","timestamp":"2026-06-19 03:34:07"}
{"level":"info","message":"HTTP Request: GET /users - Status: 304 - Duration: 15ms - IP: ::1","timestamp":"2026-06-19 03:34:07"}
{"level":"info","message":"HTTP Request: GET /listings - Status: 304 - Duration: 12ms - IP: ::1","timestamp":"2026-06-19 03:34:07"}
{"level":"info","message":"HTTP Request: GET /stats - Status: 304 - Duration: 13ms - IP: ::1","timestamp":"2026-06-19 03:34:07"}
{"level":"info","message":"HTTP Request: GET /users - Status: 304 - Duration: 20ms - IP: ::1","timestamp":"2026-06-19 03:34:07"}
{"level":"info","message":"HTTP Request: GET /listings - Status: 304 - Duration: 21ms - IP: ::1","timestamp":"2026-06-19 03:34:07"}
{"level":"info","message":"HTTP Request: GET /stats - Status: 304 - Duration: 13ms - IP: ::1","timestamp":"2026-06-19 03:34:07"}
{"level":"info","message":"HTTP Request: GET /users - Status: 304 - Duration: 16ms - IP: ::1","timestamp":"2026-06-19 03:34:07"}
{"level":"info","message":"HTTP Request: GET /listings - Status: 304 - Duration: 16ms - IP: ::1","timestamp":"2026-06-19 03:34:07"}
{"level":"info","message":"HTTP Request: GET /stats - Status: 304 - Duration: 13ms - IP: ::1","timestamp":"2026-06-19 03:34:07"}
{"level":"info","message":"HTTP Request: GET /users - Status: 304 - Duration: 17ms - IP: ::1","timestamp":"2026-06-19 03:34:07"}
{"level":"info","message":"HTTP Request: GET /listings - Status: 304 - Duration: 16ms - IP: ::1","timestamp":"2026-06-19 03:34:07"}
{"level":"info","message":"HTTP Request: GET /stats - Status: 304 - Duration: 14ms - IP: ::1","timestamp":"2026-06-19 03:34:07"}
{"level":"info","message":"HTTP Request: GET /users - Status: 304 - Duration: 14ms - IP: ::1","timestamp":"2026-06-19 03:34:07"}
{"level":"info","message":"HTTP Request: GET /stats - Status: 304 - Duration: 11ms - IP: ::1","timestamp":"2026-06-19 03:34:07"}
{"level":"info","message":"HTTP Request: GET /listings - Status: 304 - Duration: 19ms - IP: ::1","timestamp":"2026-06-19 03:34:07"}
{"level":"info","message":"HTTP Request: GET /users - Status: 304 - Duration: 12ms - IP: ::1","timestamp":"2026-06-19 03:34:07"}
{"level":"info","message":"HTTP Request: GET /listings - Status: 304 - Duration: 11ms - IP: ::1","timestamp":"2026-06-19 03:34:07"}
{"level":"info","message":"HTTP Request: GET /stats - Status: 304 - Duration: 9ms - IP: ::1","timestamp":"2026-06-19 03:34:07"}
{"level":"info","message":"HTTP Request: GET /users - Status: 304 - Duration: 16ms - IP: ::1","timestamp":"2026-06-19 03:34:07"}
{"level":"info","message":"HTTP Request: GET /listings - Status: 304 - Duration: 10ms - IP: ::1","timestamp":"2026-06-19 03:34:07"}
{"level":"info","message":"HTTP Request: GET /stats - Status: 304 - Duration: 11ms - IP: ::1","timestamp":"2026-06-19 03:34:07"}
{"level":"info","message":"HTTP Request: GET /users - Status: 304 - Duration: 20ms - IP: ::1","timestamp":"2026-06-19 03:34:07"}
{"level":"info","message":"HTTP Request: GET /listings - Status: 304 - Duration: 18ms - IP: ::1","timestamp":"2026-06-19 03:34:07"}
{"level":"info","message":"HTTP Request: GET /stats - Status: 304 - Duration: 13ms - IP: ::1","timestamp":"2026-06-19 03:34:07"}
{"level":"info","message":"HTTP Request: GET /users - Status: 304 - Duration: 10ms - IP: ::1","timestamp":"2026-06-19 03:34:07"}
{"level":"info","message":"HTTP Request: GET /listings - Status: 304 - Duration: 10ms - IP: ::1","timestamp":"2026-06-19 03:34:07"}
{"level":"info","message":"HTTP Request: GET /stats - Status: 304 - Duration: 10ms - IP: ::1","timestamp":"2026-06-19 03:34:08"}
{"level":"info","message":"HTTP Request: GET /users - Status: 304 - Duration: 13ms - IP: ::1","timestamp":"2026-06-19 03:34:08"}
{"level":"info","message":"HTTP Request: GET /listings - Status: 304 - Duration: 16ms - IP: ::1","timestamp":"2026-06-19 03:34:08"}
{"level":"info","message":"HTTP Request: GET /stats - Status: 304 - Duration: 13ms - IP: ::1","timestamp":"2026-06-19 03:34:08"}
{"level":"info","message":"HTTP Request: GET /users - Status: 304 - Duration: 22ms - IP: ::1","timestamp":"2026-06-19 03:34:08"}
{"level":"info","message":"HTTP Request: GET /listings - Status: 304 - Duration: 17ms - IP: ::1","timestamp":"2026-06-19 03:34:08"}
{"level":"info","message":"HTTP Request: GET /stats - Status: 304 - Duration: 12ms - IP: ::1","timestamp":"2026-06-19 03:34:08"}
{"level":"info","message":"HTTP Request: GET /users - Status: 304 - Duration: 10ms - IP: ::1","timestamp":"2026-06-19 03:34:08"}
{"level":"info","message":"HTTP Request: GET /listings - Status: 304 - Duration: 11ms - IP: ::1","timestamp":"2026-06-19 03:34:08"}
{"level":"info","message":"HTTP Request: GET /stats - Status: 304 - Duration: 12ms - IP: ::1","timestamp":"2026-06-19 03:34:08"}
{"level":"info","message":"HTTP Request: GET /users - Status: 304 - Duration: 21ms - IP: ::1","timestamp":"2026-06-19 03:34:08"}
{"level":"info","message":"HTTP Request: GET /listings - Status: 304 - Duration: 21ms - IP: ::1","timestamp":"2026-06-19 03:34:08"}
{"level":"info","message":"HTTP Request: GET /stats - Status: 304 - Duration: 14ms - IP: ::1","timestamp":"2026-06-19 03:34:08"}
{"level":"info","message":"HTTP Request: GET /users - Status: 304 - Duration: 19ms - IP: ::1","timestamp":"2026-06-19 03:34:08"}
{"level":"info","message":"HTTP Request: GET /listings - Status: 304 - Duration: 21ms - IP: ::1","timestamp":"2026-06-19 03:34:08"}
{"level":"info","message":"HTTP Request: GET /stats - Status: 304 - Duration: 15ms - IP: ::1","timestamp":"2026-06-19 03:34:08"}
{"level":"info","message":"HTTP Request: GET /users - Status: 304 - Duration: 13ms - IP: ::1","timestamp":"2026-06-19 03:34:08"}
{"level":"info","message":"HTTP Request: GET /listings - Status: 304 - Duration: 12ms - IP: ::1","timestamp":"2026-06-19 03:34:08"}
{"level":"info","message":"HTTP Request: GET /stats - Status: 304 - Duration: 12ms - IP: ::1","timestamp":"2026-06-19 03:34:08"}
{"level":"info","message":"HTTP Request: GET /users - Status: 304 - Duration: 14ms - IP: ::1","timestamp":"2026-06-19 03:34:08"}
{"level":"info","message":"HTTP Request: GET /listings - Status: 304 - Duration: 13ms - IP: ::1","timestamp":"2026-06-19 03:34:08"}
{"level":"info","message":"HTTP Request: GET /stats - Status: 304 - Duration: 12ms - IP: ::1","timestamp":"2026-06-19 03:34:08"}
{"level":"info","message":"HTTP Request: GET /users - Status: 304 - Duration: 18ms - IP: ::1","timestamp":"2026-06-19 03:34:08"}
{"level":"info","message":"HTTP Request: GET /listings - Status: 304 - Duration: 15ms - IP: ::1","timestamp":"2026-06-19 03:34:08"}
{"level":"info","message":"HTTP Request: GET /stats - Status: 304 - Duration: 12ms - IP: ::1","timestamp":"2026-06-19 03:34:08"}
{"level":"info","message":"HTTP Request: GET /users - Status: 304 - Duration: 17ms - IP: ::1","timestamp":"2026-06-19 03:34:08"}
{"level":"info","message":"HTTP Request: GET /stats - Status: 304 - Duration: 12ms - IP: ::1","timestamp":"2026-06-19 03:34:08"}
{"level":"info","message":"HTTP Request: GET /listings - Status: 304 - Duration: 23ms - IP: ::1","timestamp":"2026-06-19 03:34:08"}
{"level":"info","message":"HTTP Request: GET /users - Status: 304 - Duration: 11ms - IP: ::1","timestamp":"2026-06-19 03:34:08"}
{"level":"info","message":"HTTP Request: GET /listings - Status: 304 - Duration: 14ms - IP: ::1","timestamp":"2026-06-19 03:34:08"}
{"level":"info","message":"HTTP Request: GET /stats - Status: 304 - Duration: 11ms - IP: ::1","timestamp":"2026-06-19 03:34:08"}
{"level":"info","message":"HTTP Request: GET /users - Status: 304 - Duration: 14ms - IP: ::1","timestamp":"2026-06-19 03:34:08"}
{"level":"info","message":"HTTP Request: GET /listings - Status: 304 - Duration: 13ms - IP: ::1","timestamp":"2026-06-19 03:34:08"}
{"level":"info","message":"HTTP Request: GET /stats - Status: 304 - Duration: 11ms - IP: ::1","timestamp":"2026-06-19 03:34:08"}
{"level":"info","message":"HTTP Request: GET /users - Status: 304 - Duration: 14ms - IP: ::1","timestamp":"2026-06-19 03:34:08"}
{"level":"info","message":"HTTP Request: GET /listings - Status: 304 - Duration: 12ms - IP: ::1","timestamp":"2026-06-19 03:34:08"}
{"level":"info","message":"HTTP Request: GET /stats - Status: 304 - Duration: 12ms - IP: ::1","timestamp":"2026-06-19 03:34:08"}
{"level":"info","message":"HTTP Request: GET /users - Status: 304 - Duration: 18ms - IP: ::1","timestamp":"2026-06-19 03:34:08"}
{"level":"info","message":"HTTP Request: GET /listings - Status: 304 - Duration: 17ms - IP: ::1","timestamp":"2026-06-19 03:34:08"}
{"level":"info","message":"HTTP Request: GET /stats - Status: 304 - Duration: 11ms - IP: ::1","timestamp":"2026-06-19 03:34:08"}
{"level":"info","message":"HTTP Request: GET /users - Status: 304 - Duration: 11ms - IP: ::1","timestamp":"2026-06-19 03:34:08"}
{"level":"info","message":"HTTP Request: GET /listings - Status: 304 - Duration: 10ms - IP: ::1","timestamp":"2026-06-19 03:34:08"}
{"level":"info","message":"HTTP Request: GET /stats - Status: 304 - Duration: 12ms - IP: ::1","timestamp":"2026-06-19 03:34:08"}
{"level":"info","message":"HTTP Request: GET /stats - Status: 304 - Duration: 9ms - IP: ::1","timestamp":"2026-06-19 03:34:08"}
{"level":"info","message":"HTTP Request: GET /users - Status: 304 - Duration: 22ms - IP: ::1","timestamp":"2026-06-19 03:34:08"}
{"level":"info","message":"HTTP Request: GET /listings - Status: 304 - Duration: 18ms - IP: ::1","timestamp":"2026-06-19 03:34:08"}
{"level":"info","message":"HTTP Request: GET /users - Status: 304 - Duration: 10ms - IP: ::1","timestamp":"2026-06-19 03:34:08"}
{"level":"info","message":"HTTP Request: GET /listings - Status: 304 - Duration: 10ms - IP: ::1","timestamp":"2026-06-19 03:34:08"}
{"level":"info","message":"HTTP Request: GET /stats - Status: 304 - Duration: 10ms - IP: ::1","timestamp":"2026-06-19 03:34:08"}
{"level":"info","message":"HTTP Request: GET /users - Status: 304 - Duration: 19ms - IP: ::1","timestamp":"2026-06-19 03:34:08"}
{"level":"info","message":"HTTP Request: GET /listings - Status: 304 - Duration: 18ms - IP: ::1","timestamp":"2026-06-19 03:34:08"}
{"level":"info","message":"HTTP Request: GET /stats - Status: 304 - Duration: 12ms - IP: ::1","timestamp":"2026-06-19 03:34:08"}
{"level":"info","message":"HTTP Request: GET /users - Status: 304 - Duration: 16ms - IP: ::1","timestamp":"2026-06-19 03:34:08"}
{"level":"info","message":"HTTP Request: GET /listings - Status: 304 - Duration: 16ms - IP: ::1","timestamp":"2026-06-19 03:34:08"}
{"level":"info","message":"HTTP Request: GET /stats - Status: 304 - Duration: 11ms - IP: ::1","timestamp":"2026-06-19 03:34:08"}
{"level":"info","message":"HTTP Request: GET /users - Status: 304 - Duration: 10ms - IP: ::1","timestamp":"2026-06-19 03:34:08"}
{"level":"info","message":"HTTP Request: GET /listings - Status: 304 - Duration: 9ms - IP: ::1","timestamp":"2026-06-19 03:34:08"}
{"level":"info","message":"HTTP Request: GET /stats - Status: 304 - Duration: 11ms - IP: ::1","timestamp":"2026-06-19 03:34:08"}
{"level":"info","message":"HTTP Request: GET /users - Status: 304 - Duration: 17ms - IP: ::1","timestamp":"2026-06-19 03:34:08"}
{"level":"info","message":"HTTP Request: GET /listings - Status: 304 - Duration: 15ms - IP: ::1","timestamp":"2026-06-19 03:34:08"}
{"level":"info","message":"HTTP Request: GET /stats - Status: 304 - Duration: 14ms - IP: ::1","timestamp":"2026-06-19 03:34:08"}
{"level":"info","message":"HTTP Request: GET /users - Status: 304 - Duration: 17ms - IP: ::1","timestamp":"2026-06-19 03:34:08"}
{"level":"info","message":"HTTP Request: GET /listings - Status: 304 - Duration: 15ms - IP: ::1","timestamp":"2026-06-19 03:34:08"}
{"level":"info","message":"HTTP Request: GET /stats - Status: 304 - Duration: 12ms - IP: ::1","timestamp":"2026-06-19 03:34:08"}
{"level":"info","message":"HTTP Request: GET /users - Status: 304 - Duration: 14ms - IP: ::1","timestamp":"2026-06-19 03:34:08"}
{"level":"info","message":"HTTP Request: GET /listings - Status: 304 - Duration: 15ms - IP: ::1","timestamp":"2026-06-19 03:34:08"}
{"level":"info","message":"HTTP Request: GET /stats - Status: 304 - Duration: 12ms - IP: ::1","timestamp":"2026-06-19 03:34:08"}
{"level":"info","message":"HTTP Request: GET /users - Status: 304 - Duration: 15ms - IP: ::1","timestamp":"2026-06-19 03:34:08"}
{"level":"info","message":"HTTP Request: GET /stats - Status: 304 - Duration: 11ms - IP: ::1","timestamp":"2026-06-19 03:34:08"}
{"level":"info","message":"HTTP Request: GET /listings - Status: 304 - Duration: 18ms - IP: ::1","timestamp":"2026-06-19 03:34:08"}
{"level":"info","message":"HTTP Request: GET /users - Status: 304 - Duration: 14ms - IP: ::1","timestamp":"2026-06-19 03:34:08"}
{"level":"info","message":"HTTP Request: GET /listings - Status: 304 - Duration: 14ms - IP: ::1","timestamp":"2026-06-19 03:34:08"}
{"level":"info","message":"HTTP Request: GET /stats - Status: 304 - Duration: 12ms - IP: ::1","timestamp":"2026-06-19 03:34:08"}
{"level":"info","message":"HTTP Request: GET /users - Status: 304 - Duration: 12ms - IP: ::1","timestamp":"2026-06-19 03:34:08"}
{"level":"info","message":"HTTP Request: GET /listings - Status: 304 - Duration: 12ms - IP: ::1","timestamp":"2026-06-19 03:34:08"}
{"level":"info","message":"HTTP Request: GET /stats - Status: 304 - Duration: 10ms - IP: ::1","timestamp":"2026-06-19 03:34:08"}
{"level":"info","message":"HTTP Request: GET /users - Status: 304 - Duration: 18ms - IP: ::1","timestamp":"2026-06-19 03:34:08"}
{"level":"info","message":"HTTP Request: GET /listings - Status: 304 - Duration: 15ms - IP: ::1","timestamp":"2026-06-19 03:34:08"}
{"level":"info","message":"HTTP Request: GET /stats - Status: 304 - Duration: 13ms - IP: ::1","timestamp":"2026-06-19 03:34:08"}
{"level":"info","message":"HTTP Request: GET /stats - Status: 304 - Duration: 11ms - IP: ::1","timestamp":"2026-06-19 03:34:08"}
{"level":"info","message":"HTTP Request: GET /users - Status: 304 - Duration: 20ms - IP: ::1","timestamp":"2026-06-19 03:34:08"}
{"level":"info","message":"HTTP Request: GET /listings - Status: 304 - Duration: 18ms - IP: ::1","timestamp":"2026-06-19 03:34:08"}
{"level":"info","message":"HTTP Request: GET /users - Status: 304 - Duration: 14ms - IP: ::1","timestamp":"2026-06-19 03:34:08"}
{"level":"info","message":"HTTP Request: GET /listings - Status: 304 - Duration: 15ms - IP: ::1","timestamp":"2026-06-19 03:34:08"}
{"level":"info","message":"HTTP Request: GET /stats - Status: 304 - Duration: 12ms - IP: ::1","timestamp":"2026-06-19 03:34:08"}
{"level":"info","message":"HTTP Request: GET /users - Status: 304 - Duration: 11ms - IP: ::1","timestamp":"2026-06-19 03:34:08"}
{"level":"info","message":"HTTP Request: GET /listings - Status: 304 - Duration: 15ms - IP: ::1","timestamp":"2026-06-19 03:34:08"}
{"level":"info","message":"HTTP Request: GET /stats - Status: 304 - Duration: 12ms - IP: ::1","timestamp":"2026-06-19 03:34:08"}
{"level":"info","message":"HTTP Request: GET /users - Status: 304 - Duration: 17ms - IP: ::1","timestamp":"2026-06-19 03:34:08"}
{"level":"info","message":"HTTP Request: GET /stats - Status: 304 - Duration: 10ms - IP: ::1","timestamp":"2026-06-19 03:34:08"}
{"level":"info","message":"HTTP Request: GET /listings - Status: 304 - Duration: 17ms - IP: ::1","timestamp":"2026-06-19 03:34:08"}
{"level":"info","message":"HTTP Request: GET /users - Status: 304 - Duration: 17ms - IP: ::1","timestamp":"2026-06-19 03:34:08"}
{"level":"info","message":"HTTP Request: GET /listings - Status: 304 - Duration: 16ms - IP: ::1","timestamp":"2026-06-19 03:34:08"}
{"level":"info","message":"HTTP Request: GET /stats - Status: 304 - Duration: 12ms - IP: ::1","timestamp":"2026-06-19 03:34:08"}
{"level":"info","message":"HTTP Request: GET /users - Status: 304 - Duration: 13ms - IP: ::1","timestamp":"2026-06-19 03:34:08"}
{"level":"info","message":"HTTP Request: GET /listings - Status: 304 - Duration: 13ms - IP: ::1","timestamp":"2026-06-19 03:34:08"}
{"level":"info","message":"HTTP Request: GET /stats - Status: 304 - Duration: 11ms - IP: ::1","timestamp":"2026-06-19 03:34:08"}
{"level":"info","message":"HTTP Request: GET /users - Status: 304 - Duration: 16ms - IP: ::1","timestamp":"2026-06-19 03:34:08"}
{"level":"info","message":"HTTP Request: GET /listings - Status: 304 - Duration: 16ms - IP: ::1","timestamp":"2026-06-19 03:34:08"}
{"level":"info","message":"HTTP Request: GET /stats - Status: 304 - Duration: 12ms - IP: ::1","timestamp":"2026-06-19 03:34:08"}
{"level":"info","message":"HTTP Request: GET /users - Status: 304 - Duration: 13ms - IP: ::1","timestamp":"2026-06-19 03:34:08"}
{"level":"info","message":"HTTP Request: GET /listings - Status: 304 - Duration: 14ms - IP: ::1","timestamp":"2026-06-19 03:34:08"}
{"level":"info","message":"HTTP Request: GET /stats - Status: 304 - Duration: 11ms - IP: ::1","timestamp":"2026-06-19 03:34:08"}
{"level":"info","message":"HTTP Request: GET /users - Status: 304 - Duration: 13ms - IP: ::1","timestamp":"2026-06-19 03:34:08"}
{"level":"info","message":"HTTP Request: GET /listings - Status: 304 - Duration: 15ms - IP: ::1","timestamp":"2026-06-19 03:34:08"}
{"level":"info","message":"HTTP Request: GET /stats - Status: 304 - Duration: 11ms - IP: ::1","timestamp":"2026-06-19 03:34:08"}
{"level":"info","message":"HTTP Request: GET /listings - Status: 304 - Duration: 14ms - IP: ::1","timestamp":"2026-06-19 03:34:08"}
{"level":"info","message":"HTTP Request: GET /users - Status: 304 - Duration: 17ms - IP: ::1","timestamp":"2026-06-19 03:34:08"}
{"level":"info","message":"HTTP Request: GET /stats - Status: 304 - Duration: 11ms - IP: ::1","timestamp":"2026-06-19 03:34:08"}
{"level":"info","message":"HTTP Request: GET /listings - Status: 304 - Duration: 9ms - IP: ::1","timestamp":"2026-06-19 03:34:08"}
{"level":"info","message":"HTTP Request: GET /users - Status: 304 - Duration: 13ms - IP: ::1","timestamp":"2026-06-19 03:34:08"}
{"level":"info","message":"HTTP Request: GET /stats - Status: 304 - Duration: 12ms - IP: ::1","timestamp":"2026-06-19 03:34:08"}
{"level":"info","message":"HTTP Request: GET /listings - Status: 304 - Duration: 13ms - IP: ::1","timestamp":"2026-06-19 03:34:08"}
{"level":"info","message":"HTTP Request: GET /users - Status: 304 - Duration: 12ms - IP: ::1","timestamp":"2026-06-19 03:34:08"}
{"level":"info","message":"HTTP Request: GET /stats - Status: 304 - Duration: 10ms - IP: ::1","timestamp":"2026-06-19 03:34:08"}
{"level":"info","message":"HTTP Request: GET /listings - Status: 304 - Duration: 13ms - IP: ::1","timestamp":"2026-06-19 03:34:08"}
{"level":"info","message":"HTTP Request: GET /users - Status: 304 - Duration: 12ms - IP: ::1","timestamp":"2026-06-19 03:34:08"}
{"level":"info","message":"HTTP Request: GET /stats - Status: 304 - Duration: 12ms - IP: ::1","timestamp":"2026-06-19 03:34:08"}
{"level":"info","message":"HTTP Request: GET /listings - Status: 304 - Duration: 12ms - IP: ::1","timestamp":"2026-06-19 03:34:08"}
{"level":"info","message":"HTTP Request: GET /users - Status: 304 - Duration: 13ms - IP: ::1","timestamp":"2026-06-19 03:34:08"}
{"level":"info","message":"HTTP Request: GET /stats - Status: 304 - Duration: 11ms - IP: ::1","timestamp":"2026-06-19 03:34:08"}
{"level":"info","message":"HTTP Request: GET /listings - Status: 304 - Duration: 13ms - IP: ::1","timestamp":"2026-06-19 03:34:08"}
{"level":"info","message":"HTTP Request: GET /users - Status: 304 - Duration: 14ms - IP: ::1","timestamp":"2026-06-19 03:34:08"}
{"level":"info","message":"HTTP Request: GET /stats - Status: 304 - Duration: 11ms - IP: ::1","timestamp":"2026-06-19 03:34:08"}
{"level":"info","message":"HTTP Request: GET /listings - Status: 304 - Duration: 13ms - IP: ::1","timestamp":"2026-06-19 03:34:08"}
{"level":"info","message":"HTTP Request: GET /stats - Status: 304 - Duration: 11ms - IP: ::1","timestamp":"2026-06-19 03:34:09"}
{"level":"info","message":"HTTP Request: GET /users - Status: 304 - Duration: 22ms - IP: ::1","timestamp":"2026-06-19 03:34:09"}
{"level":"info","message":"HTTP Request: GET /listings - Status: 304 - Duration: 18ms - IP: ::1","timestamp":"2026-06-19 03:34:09"}
{"level":"info","message":"HTTP Request: GET /users - Status: 304 - Duration: 10ms - IP: ::1","timestamp":"2026-06-19 03:34:09"}
{"level":"info","message":"HTTP Request: GET /stats - Status: 304 - Duration: 10ms - IP: ::1","timestamp":"2026-06-19 03:34:09"}
{"level":"info","message":"HTTP Request: GET /listings - Status: 304 - Duration: 17ms - IP: ::1","timestamp":"2026-06-19 03:34:09"}
{"level":"info","message":"HTTP Request: GET /users - Status: 304 - Duration: 18ms - IP: ::1","timestamp":"2026-06-19 03:34:09"}
{"level":"info","message":"HTTP Request: GET /stats - Status: 304 - Duration: 10ms - IP: ::1","timestamp":"2026-06-19 03:34:09"}
{"level":"info","message":"HTTP Request: GET /listings - Status: 304 - Duration: 14ms - IP: ::1","timestamp":"2026-06-19 03:34:09"}
{"level":"info","message":"HTTP Request: GET /users - Status: 304 - Duration: 17ms - IP: ::1","timestamp":"2026-06-19 03:34:09"}
{"level":"info","message":"HTTP Request: GET /stats - Status: 304 - Duration: 12ms - IP: ::1","timestamp":"2026-06-19 03:34:09"}
{"level":"info","message":"HTTP Request: GET /listings - Status: 304 - Duration: 11ms - IP: ::1","timestamp":"2026-06-19 03:34:09"}
{"level":"info","message":"HTTP Request: GET /users - Status: 304 - Duration: 11ms - IP: ::1","timestamp":"2026-06-19 03:34:09"}
{"level":"info","message":"HTTP Request: GET /stats - Status: 304 - Duration: 9ms - IP: ::1","timestamp":"2026-06-19 03:34:09"}
{"level":"info","message":"HTTP Request: GET /listings - Status: 304 - Duration: 13ms - IP: ::1","timestamp":"2026-06-19 03:34:09"}
{"level":"info","message":"HTTP Request: GET /users - Status: 304 - Duration: 13ms - IP: ::1","timestamp":"2026-06-19 03:34:09"}
{"level":"info","message":"HTTP Request: GET /stats - Status: 304 - Duration: 11ms - IP: ::1","timestamp":"2026-06-19 03:34:09"}
{"level":"info","message":"HTTP Request: GET /listings - Status: 304 - Duration: 14ms - IP: ::1","timestamp":"2026-06-19 03:34:09"}
{"level":"info","message":"HTTP Request: GET /users - Status: 304 - Duration: 13ms - IP: ::1","timestamp":"2026-06-19 03:34:09"}
{"level":"info","message":"HTTP Request: GET /stats - Status: 304 - Duration: 10ms - IP: ::1","timestamp":"2026-06-19 03:34:09"}
{"level":"info","message":"HTTP Request: GET /listings - Status: 304 - Duration: 16ms - IP: ::1","timestamp":"2026-06-19 03:34:09"}
{"level":"info","message":"HTTP Request: GET /users - Status: 304 - Duration: 15ms - IP: ::1","timestamp":"2026-06-19 03:34:09"}
{"level":"info","message":"HTTP Request: GET /stats - Status: 304 - Duration: 12ms - IP: ::1","timestamp":"2026-06-19 03:34:09"}
{"level":"info","message":"HTTP Request: GET /listings - Status: 304 - Duration: 12ms - IP: ::1","timestamp":"2026-06-19 03:34:09"}
{"level":"info","message":"HTTP Request: GET /users - Status: 304 - Duration: 11ms - IP: ::1","timestamp":"2026-06-19 03:34:09"}
{"level":"info","message":"HTTP Request: GET /stats - Status: 304 - Duration: 10ms - IP: ::1","timestamp":"2026-06-19 03:34:09"}
{"level":"info","message":"HTTP Request: GET /listings - Status: 304 - Duration: 15ms - IP: ::1","timestamp":"2026-06-19 03:34:09"}
{"level":"info","message":"HTTP Request: GET /users - Status: 304 - Duration: 15ms - IP: ::1","timestamp":"2026-06-19 03:34:09"}
{"level":"info","message":"HTTP Request: GET /stats - Status: 304 - Duration: 12ms - IP: ::1","timestamp":"2026-06-19 03:34:09"}
{"level":"info","message":"HTTP Request: GET /listings - Status: 304 - Duration: 14ms - IP: ::1","timestamp":"2026-06-19 03:34:09"}
{"level":"info","message":"HTTP Request: GET /users - Status: 304 - Duration: 15ms - IP: ::1","timestamp":"2026-06-19 03:34:09"}
{"level":"info","message":"HTTP Request: GET /stats - Status: 304 - Duration: 12ms - IP: ::1","timestamp":"2026-06-19 03:34:09"}
{"level":"info","message":"HTTP Request: GET /listings - Status: 304 - Duration: 14ms - IP: ::1","timestamp":"2026-06-19 03:34:09"}
{"level":"info","message":"HTTP Request: GET /users - Status: 304 - Duration: 17ms - IP: ::1","timestamp":"2026-06-19 03:34:09"}
{"level":"info","message":"HTTP Request: GET /stats - Status: 304 - Duration: 10ms - IP: ::1","timestamp":"2026-06-19 03:34:09"}
{"level":"info","message":"HTTP Request: GET /listings - Status: 304 - Duration: 11ms - IP: ::1","timestamp":"2026-06-19 03:34:09"}
{"level":"info","message":"HTTP Request: GET /users - Status: 304 - Duration: 12ms - IP: ::1","timestamp":"2026-06-19 03:34:09"}
{"level":"info","message":"HTTP Request: GET /stats - Status: 304 - Duration: 11ms - IP: ::1","timestamp":"2026-06-19 03:34:09"}
{"level":"info","message":"HTTP Request: GET /listings - Status: 304 - Duration: 19ms - IP: ::1","timestamp":"2026-06-19 03:34:09"}
{"level":"info","message":"HTTP Request: GET /users - Status: 304 - Duration: 19ms - IP: ::1","timestamp":"2026-06-19 03:34:09"}
{"level":"info","message":"HTTP Request: GET /stats - Status: 304 - Duration: 13ms - IP: ::1","timestamp":"2026-06-19 03:34:09"}
{"level":"info","message":"HTTP Request: GET /listings - Status: 304 - Duration: 11ms - IP: ::1","timestamp":"2026-06-19 03:34:09"}
{"level":"info","message":"HTTP Request: GET /users - Status: 304 - Duration: 11ms - IP: ::1","timestamp":"2026-06-19 03:34:09"}
{"level":"info","message":"HTTP Request: GET /stats - Status: 304 - Duration: 10ms - IP: ::1","timestamp":"2026-06-19 03:34:09"}
{"level":"info","message":"HTTP Request: GET /listings - Status: 304 - Duration: 15ms - IP: ::1","timestamp":"2026-06-19 03:34:09"}
{"level":"info","message":"HTTP Request: GET /users - Status: 304 - Duration: 16ms - IP: ::1","timestamp":"2026-06-19 03:34:09"}
{"level":"info","message":"HTTP Request: GET /stats - Status: 304 - Duration: 12ms - IP: ::1","timestamp":"2026-06-19 03:34:09"}
{"level":"info","message":"HTTP Request: GET /listings - Status: 304 - Duration: 13ms - IP: ::1","timestamp":"2026-06-19 03:34:09"}
{"level":"info","message":"HTTP Request: GET /users - Status: 304 - Duration: 11ms - IP: ::1","timestamp":"2026-06-19 03:34:09"}
{"level":"info","message":"HTTP Request: GET /stats - Status: 304 - Duration: 11ms - IP: ::1","timestamp":"2026-06-19 03:34:09"}
{"level":"info","message":"HTTP Request: GET /listings - Status: 304 - Duration: 21ms - IP: ::1","timestamp":"2026-06-19 03:34:09"}
{"level":"info","message":"HTTP Request: GET /users - Status: 304 - Duration: 18ms - IP: ::1","timestamp":"2026-06-19 03:34:09"}
{"level":"info","message":"HTTP Request: GET /stats - Status: 304 - Duration: 14ms - IP: ::1","timestamp":"2026-06-19 03:34:09"}
{"level":"info","message":"HTTP Request: GET /listings - Status: 304 - Duration: 10ms - IP: ::1","timestamp":"2026-06-19 03:34:09"}
{"level":"info","message":"HTTP Request: GET /users - Status: 304 - Duration: 17ms - IP: ::1","timestamp":"2026-06-19 03:34:09"}
{"level":"info","message":"HTTP Request: GET /stats - Status: 304 - Duration: 12ms - IP: ::1","timestamp":"2026-06-19 03:34:09"}
{"level":"info","message":"HTTP Request: GET /listings - Status: 304 - Duration: 13ms - IP: ::1","timestamp":"2026-06-19 03:34:09"}
{"level":"info","message":"HTTP Request: GET /users - Status: 304 - Duration: 13ms - IP: ::1","timestamp":"2026-06-19 03:34:09"}
{"level":"info","message":"HTTP Request: GET /stats - Status: 304 - Duration: 12ms - IP: ::1","timestamp":"2026-06-19 03:34:09"}
{"level":"info","message":"HTTP Request: GET /listings - Status: 304 - Duration: 14ms - IP: ::1","timestamp":"2026-06-19 03:34:09"}
{"level":"info","message":"HTTP Request: GET /users - Status: 304 - Duration: 18ms - IP: ::1","timestamp":"2026-06-19 03:34:09"}
{"level":"info","message":"HTTP Request: GET /stats - Status: 304 - Duration: 12ms - IP: ::1","timestamp":"2026-06-19 03:34:09"}
{"level":"info","message":"HTTP Request: GET /listings - Status: 304 - Duration: 12ms - IP: ::1","timestamp":"2026-06-19 03:34:09"}
{"level":"info","message":"HTTP Request: GET /users - Status: 304 - Duration: 10ms - IP: ::1","timestamp":"2026-06-19 03:34:09"}
{"level":"info","message":"HTTP Request: GET /stats - Status: 304 - Duration: 11ms - IP: ::1","timestamp":"2026-06-19 03:34:09"}
{"level":"info","message":"HTTP Request: GET /users - Status: 304 - Duration: 15ms - IP: ::1","timestamp":"2026-06-19 03:34:09"}
{"level":"info","message":"HTTP Request: GET /listings - Status: 304 - Duration: 14ms - IP: ::1","timestamp":"2026-06-19 03:34:09"}
{"level":"info","message":"HTTP Request: GET /stats - Status: 304 - Duration: 12ms - IP: ::1","timestamp":"2026-06-19 03:34:09"}
{"level":"info","message":"HTTP Request: GET /users - Status: 304 - Duration: 18ms - IP: ::1","timestamp":"2026-06-19 03:34:09"}
{"level":"info","message":"HTTP Request: GET /listings - Status: 304 - Duration: 16ms - IP: ::1","timestamp":"2026-06-19 03:34:09"}
{"level":"info","message":"HTTP Request: GET /stats - Status: 304 - Duration: 11ms - IP: ::1","timestamp":"2026-06-19 03:34:09"}
{"level":"info","message":"HTTP Request: GET /users - Status: 304 - Duration: 10ms - IP: ::1","timestamp":"2026-06-19 03:34:09"}
{"level":"info","message":"HTTP Request: GET /listings - Status: 304 - Duration: 11ms - IP: ::1","timestamp":"2026-06-19 03:34:09"}
{"level":"info","message":"HTTP Request: GET /stats - Status: 304 - Duration: 8ms - IP: ::1","timestamp":"2026-06-19 03:34:09"}
{"level":"info","message":"HTTP Request: GET /?page=1&limit=9 - Status: 304 - Duration: 13ms - IP: ::1","timestamp":"2026-06-19 03:34:09"}
{"level":"info","message":"HTTP Request: GET /users - Status: 304 - Duration: 18ms - IP: ::1","timestamp":"2026-06-19 03:34:09"}
{"level":"info","message":"HTTP Request: GET /listings - Status: 304 - Duration: 18ms - IP: ::1","timestamp":"2026-06-19 03:34:09"}
{"level":"info","message":"HTTP Request: GET /ids - Status: 304 - Duration: 5ms - IP: ::1","timestamp":"2026-06-19 03:34:10"}
{"level":"info","message":"HTTP Request: GET /ids - Status: 304 - Duration: 4ms - IP: ::1","timestamp":"2026-06-19 03:34:10"}
{"level":"info","message":"HTTP Request: GET /?type=Fresh&page=1&limit=20&lat=15.968056967921283&lng=108.26234798201149 - Status: 304 - Duration: 5ms - IP: ::1","timestamp":"2026-06-19 03:34:11"}
{"level":"info","message":"HTTP Request: GET /6a344c9de124fea1fddb18f0 - Status: 200 - Duration: 5ms - IP: ::1","timestamp":"2026-06-19 03:34:11"}
{"level":"info","message":"HTTP Request: GET /6a344c9de124fea1fddb18f0 - Status: 200 - Duration: 7ms - IP: ::1","timestamp":"2026-06-19 03:34:11"}
{"level":"info","message":"HTTP Request: GET /ids - Status: 304 - Duration: 11ms - IP: ::1","timestamp":"2026-06-19 03:34:11"}
{"level":"info","message":"HTTP Request: GET /seller/6a3435a4efb989c2939b656d - Status: 304 - Duration: 9ms - IP: ::1","timestamp":"2026-06-19 03:34:11"}
{"level":"info","message":"HTTP Request: GET /6a3435a4efb989c2939b656d/check - Status: 200 - Duration: 9ms - IP: ::1","timestamp":"2026-06-19 03:34:11"}
{"level":"info","message":"HTTP Request: GET /6a344c9de124fea1fddb18f0 - Status: 200 - Duration: 26ms - IP: ::1","timestamp":"2026-06-19 03:34:11"}
{"level":"info","message":"HTTP Request: GET /ids - Status: 304 - Duration: 27ms - IP: ::1","timestamp":"2026-06-19 03:34:11"}
{"level":"info","message":"HTTP Request: GET /6a3435a4efb989c2939b656d/check - Status: 304 - Duration: 14ms - IP: ::1","timestamp":"2026-06-19 03:34:11"}
{"level":"info","message":"HTTP Request: GET /seller/6a3435a4efb989c2939b656d - Status: 304 - Duration: 19ms - IP: ::1","timestamp":"2026-06-19 03:34:11"}
{"level":"info","message":"HTTP Request: GET /?page=1&limit=10 - Status: 304 - Duration: 6ms - IP: ::1","timestamp":"2026-06-19 03:34:18"}
{"level":"info","message":"HTTP Request: GET /?page=1&limit=20 - Status: 304 - Duration: 16ms - IP: ::1","timestamp":"2026-06-19 03:34:22"}
{"level":"info","message":"HTTP Request: GET /unread-count - Status: 304 - Duration: 4ms - IP: ::1","timestamp":"2026-06-19 03:34:23"}
{"level":"info","message":"HTTP Request: GET /my?page=1&limit=5 - Status: 304 - Duration: 8ms - IP: ::1","timestamp":"2026-06-19 03:34:23"}
{"level":"info","message":"HTTP Request: GET /unread-count - Status: 304 - Duration: 6ms - IP: ::1","timestamp":"2026-06-19 03:34:23"}
{"level":"info","message":"HTTP Request: GET / - Status: 304 - Duration: 7ms - IP: ::1","timestamp":"2026-06-19 03:34:23"}
{"level":"info","message":"HTTP Request: GET /my?page=1&limit=5 - Status: 304 - Duration: 11ms - IP: ::1","timestamp":"2026-06-19 03:34:23"}
{"level":"info","message":"HTTP Request: GET / - Status: 304 - Duration: 6ms - IP: ::1","timestamp":"2026-06-19 03:34:23"}
{"level":"info","message":"HTTP Request: GET /stats - Status: 304 - Duration: 9ms - IP: ::1","timestamp":"2026-06-19 03:34:24"}
{"level":"info","message":"HTTP Request: GET /stats - Status: 304 - Duration: 14ms - IP: ::1","timestamp":"2026-06-19 03:34:24"}
{"level":"info","message":"HTTP Request: GET /users - Status: 304 - Duration: 23ms - IP: ::1","timestamp":"2026-06-19 03:34:24"}
{"level":"info","message":"HTTP Request: GET /listings - Status: 304 - Duration: 23ms - IP: ::1","timestamp":"2026-06-19 03:34:24"}
{"level":"info","message":"HTTP Request: GET /users - Status: 304 - Duration: 11ms - IP: ::1","timestamp":"2026-06-19 03:34:24"}
{"level":"info","message":"HTTP Request: GET /listings - Status: 304 - Duration: 10ms - IP: ::1","timestamp":"2026-06-19 03:34:24"}
{"level":"info","message":"HTTP Request: GET /stats - Status: 304 - Duration: 12ms - IP: ::1","timestamp":"2026-06-19 03:34:24"}
{"level":"info","message":"HTTP Request: GET /listings - Status: 304 - Duration: 18ms - IP: ::1","timestamp":"2026-06-19 03:34:24"}
{"level":"info","message":"HTTP Request: GET /users - Status: 304 - Duration: 23ms - IP: ::1","timestamp":"2026-06-19 03:34:24"}
{"level":"info","message":"HTTP Request: GET /stats - Status: 304 - Duration: 14ms - IP: ::1","timestamp":"2026-06-19 03:34:24"}
{"level":"info","message":"HTTP Request: GET /listings - Status: 304 - Duration: 13ms - IP: ::1","timestamp":"2026-06-19 03:34:24"}
{"level":"info","message":"HTTP Request: GET /users - Status: 304 - Duration: 13ms - IP: ::1","timestamp":"2026-06-19 03:34:24"}
{"level":"info","message":"HTTP Request: GET /stats - Status: 304 - Duration: 10ms - IP: ::1","timestamp":"2026-06-19 03:34:24"}
{"level":"info","message":"HTTP Request: GET /listings - Status: 304 - Duration: 15ms - IP: ::1","timestamp":"2026-06-19 03:34:24"}
{"level":"info","message":"HTTP Request: GET /users - Status: 304 - Duration: 14ms - IP: ::1","timestamp":"2026-06-19 03:34:24"}
{"level":"info","message":"HTTP Request: GET /stats - Status: 304 - Duration: 12ms - IP: ::1","timestamp":"2026-06-19 03:34:24"}
{"level":"info","message":"HTTP Request: GET /listings - Status: 304 - Duration: 17ms - IP: ::1","timestamp":"2026-06-19 03:34:24"}
{"level":"info","message":"HTTP Request: GET /users - Status: 304 - Duration: 12ms - IP: ::1","timestamp":"2026-06-19 03:34:24"}
{"level":"info","message":"HTTP Request: GET /stats - Status: 304 - Duration: 12ms - IP: ::1","timestamp":"2026-06-19 03:34:24"}
{"level":"info","message":"HTTP Request: GET /listings - Status: 304 - Duration: 13ms - IP: ::1","timestamp":"2026-06-19 03:34:24"}
{"level":"info","message":"HTTP Request: GET /users - Status: 304 - Duration: 13ms - IP: ::1","timestamp":"2026-06-19 03:34:24"}
{"level":"info","message":"HTTP Request: GET /stats - Status: 304 - Duration: 10ms - IP: ::1","timestamp":"2026-06-19 03:34:24"}
{"level":"info","message":"HTTP Request: GET /listings - Status: 304 - Duration: 15ms - IP: ::1","timestamp":"2026-06-19 03:34:24"}
{"level":"info","message":"HTTP Request: GET /users - Status: 304 - Duration: 11ms - IP: ::1","timestamp":"2026-06-19 03:34:24"}
{"level":"info","message":"HTTP Request: GET /stats - Status: 304 - Duration: 13ms - IP: ::1","timestamp":"2026-06-19 03:34:24"}
{"level":"info","message":"HTTP Request: GET /listings - Status: 304 - Duration: 14ms - IP: ::1","timestamp":"2026-06-19 03:34:24"}
{"level":"info","message":"HTTP Request: GET /users - Status: 304 - Duration: 20ms - IP: ::1","timestamp":"2026-06-19 03:34:24"}
{"level":"info","message":"HTTP Request: GET /stats - Status: 304 - Duration: 10ms - IP: ::1","timestamp":"2026-06-19 03:34:24"}
{"level":"info","message":"HTTP Request: GET /listings - Status: 304 - Duration: 10ms - IP: ::1","timestamp":"2026-06-19 03:34:24"}
{"level":"info","message":"HTTP Request: GET /users - Status: 304 - Duration: 10ms - IP: ::1","timestamp":"2026-06-19 03:34:24"}
{"level":"info","message":"HTTP Request: GET /stats - Status: 304 - Duration: 10ms - IP: ::1","timestamp":"2026-06-19 03:34:24"}
{"level":"info","message":"HTTP Request: GET /users - Status: 304 - Duration: 18ms - IP: ::1","timestamp":"2026-06-19 03:34:24"}
{"level":"info","message":"HTTP Request: GET /listings - Status: 304 - Duration: 18ms - IP: ::1","timestamp":"2026-06-19 03:34:24"}
{"level":"info","message":"HTTP Request: GET /stats - Status: 304 - Duration: 11ms - IP: ::1","timestamp":"2026-06-19 03:34:24"}
{"level":"info","message":"HTTP Request: GET /users - Status: 304 - Duration: 10ms - IP: ::1","timestamp":"2026-06-19 03:34:24"}
{"level":"info","message":"HTTP Request: GET /listings - Status: 304 - Duration: 11ms - IP: ::1","timestamp":"2026-06-19 03:34:24"}
{"level":"info","message":"HTTP Request: GET /stats - Status: 304 - Duration: 14ms - IP: ::1","timestamp":"2026-06-19 03:34:24"}
{"level":"info","message":"HTTP Request: GET /users - Status: 304 - Duration: 23ms - IP: ::1","timestamp":"2026-06-19 03:34:24"}
{"level":"info","message":"HTTP Request: GET /listings - Status: 304 - Duration: 24ms - IP: ::1","timestamp":"2026-06-19 03:34:24"}
{"level":"info","message":"HTTP Request: GET /stats - Status: 304 - Duration: 16ms - IP: ::1","timestamp":"2026-06-19 03:34:24"}
{"level":"info","message":"HTTP Request: GET /users - Status: 304 - Duration: 14ms - IP: ::1","timestamp":"2026-06-19 03:34:24"}
{"level":"info","message":"HTTP Request: GET /listings - Status: 304 - Duration: 15ms - IP: ::1","timestamp":"2026-06-19 03:34:24"}
{"level":"info","message":"HTTP Request: GET /stats - Status: 304 - Duration: 14ms - IP: ::1","timestamp":"2026-06-19 03:34:24"}
{"level":"info","message":"HTTP Request: GET /users - Status: 304 - Duration: 33ms - IP: ::1","timestamp":"2026-06-19 03:34:25"}
{"level":"info","message":"HTTP Request: GET /listings - Status: 304 - Duration: 33ms - IP: ::1","timestamp":"2026-06-19 03:34:25"}
{"level":"info","message":"HTTP Request: GET /stats - Status: 304 - Duration: 19ms - IP: ::1","timestamp":"2026-06-19 03:34:25"}
{"level":"info","message":"HTTP Request: GET /stats - Status: 304 - Duration: 10ms - IP: ::1","timestamp":"2026-06-19 03:34:25"}
{"level":"info","message":"HTTP Request: GET /users - Status: 304 - Duration: 26ms - IP: ::1","timestamp":"2026-06-19 03:34:25"}
{"level":"info","message":"HTTP Request: GET /listings - Status: 304 - Duration: 25ms - IP: ::1","timestamp":"2026-06-19 03:34:25"}
{"level":"info","message":"HTTP Request: GET /users - Status: 304 - Duration: 10ms - IP: ::1","timestamp":"2026-06-19 03:34:25"}
{"level":"info","message":"HTTP Request: GET /listings - Status: 304 - Duration: 10ms - IP: ::1","timestamp":"2026-06-19 03:34:25"}
{"level":"info","message":"HTTP Request: GET /stats - Status: 304 - Duration: 9ms - IP: ::1","timestamp":"2026-06-19 03:34:25"}
{"level":"info","message":"HTTP Request: GET /users - Status: 304 - Duration: 14ms - IP: ::1","timestamp":"2026-06-19 03:34:25"}
{"level":"info","message":"HTTP Request: GET /listings - Status: 304 - Duration: 14ms - IP: ::1","timestamp":"2026-06-19 03:34:25"}
{"level":"info","message":"HTTP Request: GET /stats - Status: 304 - Duration: 12ms - IP: ::1","timestamp":"2026-06-19 03:34:25"}
{"level":"info","message":"HTTP Request: GET /users - Status: 304 - Duration: 14ms - IP: ::1","timestamp":"2026-06-19 03:34:25"}
{"level":"info","message":"HTTP Request: GET /listings - Status: 304 - Duration: 15ms - IP: ::1","timestamp":"2026-06-19 03:34:25"}
{"level":"info","message":"HTTP Request: GET /stats - Status: 304 - Duration: 11ms - IP: ::1","timestamp":"2026-06-19 03:34:25"}
{"level":"info","message":"HTTP Request: GET /listings - Status: 304 - Duration: 13ms - IP: ::1","timestamp":"2026-06-19 03:34:25"}
{"level":"info","message":"HTTP Request: GET /users - Status: 304 - Duration: 17ms - IP: ::1","timestamp":"2026-06-19 03:34:25"}
{"level":"info","message":"HTTP Request: GET /stats - Status: 304 - Duration: 12ms - IP: ::1","timestamp":"2026-06-19 03:34:25"}
{"level":"info","message":"HTTP Request: GET /listings - Status: 304 - Duration: 14ms - IP: ::1","timestamp":"2026-06-19 03:34:25"}
{"level":"info","message":"HTTP Request: GET /users - Status: 304 - Duration: 14ms - IP: ::1","timestamp":"2026-06-19 03:34:25"}
{"level":"info","message":"HTTP Request: GET /stats - Status: 304 - Duration: 13ms - IP: ::1","timestamp":"2026-06-19 03:34:25"}
{"level":"info","message":"HTTP Request: GET /listings - Status: 304 - Duration: 17ms - IP: ::1","timestamp":"2026-06-19 03:34:25"}
{"level":"info","message":"HTTP Request: GET /users - Status: 304 - Duration: 18ms - IP: ::1","timestamp":"2026-06-19 03:34:25"}
{"level":"info","message":"HTTP Request: GET /stats - Status: 304 - Duration: 11ms - IP: ::1","timestamp":"2026-06-19 03:34:25"}
{"level":"info","message":"HTTP Request: GET /listings - Status: 304 - Duration: 10ms - IP: ::1","timestamp":"2026-06-19 03:34:25"}
{"level":"info","message":"HTTP Request: GET /users - Status: 304 - Duration: 10ms - IP: ::1","timestamp":"2026-06-19 03:34:25"}
{"level":"info","message":"HTTP Request: GET /stats - Status: 304 - Duration: 11ms - IP: ::1","timestamp":"2026-06-19 03:34:25"}
{"level":"info","message":"HTTP Request: GET /listings - Status: 304 - Duration: 13ms - IP: ::1","timestamp":"2026-06-19 03:34:25"}
{"level":"info","message":"HTTP Request: GET /users - Status: 304 - Duration: 15ms - IP: ::1","timestamp":"2026-06-19 03:34:25"}
{"level":"info","message":"HTTP Request: GET /stats - Status: 304 - Duration: 12ms - IP: ::1","timestamp":"2026-06-19 03:34:25"}
{"level":"info","message":"HTTP Request: GET /listings - Status: 304 - Duration: 13ms - IP: ::1","timestamp":"2026-06-19 03:34:25"}
{"level":"info","message":"HTTP Request: GET /users - Status: 304 - Duration: 14ms - IP: ::1","timestamp":"2026-06-19 03:34:25"}
{"level":"info","message":"HTTP Request: GET /stats - Status: 304 - Duration: 9ms - IP: ::1","timestamp":"2026-06-19 03:34:25"}
{"level":"info","message":"HTTP Request: GET /listings - Status: 304 - Duration: 10ms - IP: ::1","timestamp":"2026-06-19 03:34:25"}
{"level":"info","message":"HTTP Request: GET /users - Status: 304 - Duration: 10ms - IP: ::1","timestamp":"2026-06-19 03:34:25"}
{"level":"info","message":"HTTP Request: GET /stats - Status: 304 - Duration: 12ms - IP: ::1","timestamp":"2026-06-19 03:34:25"}
{"level":"info","message":"HTTP Request: GET /listings - Status: 304 - Duration: 16ms - IP: ::1","timestamp":"2026-06-19 03:34:25"}
{"level":"info","message":"HTTP Request: GET /users - Status: 304 - Duration: 13ms - IP: ::1","timestamp":"2026-06-19 03:34:25"}
{"level":"info","message":"HTTP Request: GET /stats - Status: 304 - Duration: 12ms - IP: ::1","timestamp":"2026-06-19 03:34:25"}
{"level":"info","message":"HTTP Request: GET /listings - Status: 304 - Duration: 13ms - IP: ::1","timestamp":"2026-06-19 03:34:25"}
{"level":"info","message":"HTTP Request: GET /users - Status: 304 - Duration: 12ms - IP: ::1","timestamp":"2026-06-19 03:34:25"}
{"level":"info","message":"HTTP Request: GET /stats - Status: 304 - Duration: 11ms - IP: ::1","timestamp":"2026-06-19 03:34:25"}
{"level":"info","message":"HTTP Request: GET /listings - Status: 304 - Duration: 23ms - IP: ::1","timestamp":"2026-06-19 03:34:25"}
{"level":"info","message":"HTTP Request: GET /users - Status: 304 - Duration: 20ms - IP: ::1","timestamp":"2026-06-19 03:34:25"}
{"level":"info","message":"HTTP Request: GET /stats - Status: 304 - Duration: 12ms - IP: ::1","timestamp":"2026-06-19 03:34:25"}
{"level":"info","message":"HTTP Request: GET /listings - Status: 304 - Duration: 10ms - IP: ::1","timestamp":"2026-06-19 03:34:25"}
{"level":"info","message":"HTTP Request: GET /users - Status: 304 - Duration: 11ms - IP: ::1","timestamp":"2026-06-19 03:34:25"}
{"level":"info","message":"HTTP Request: GET /stats - Status: 304 - Duration: 10ms - IP: ::1","timestamp":"2026-06-19 03:34:25"}
{"level":"info","message":"HTTP Request: GET /listings - Status: 304 - Duration: 13ms - IP: ::1","timestamp":"2026-06-19 03:34:25"}
{"level":"info","message":"HTTP Request: GET /users - Status: 304 - Duration: 13ms - IP: ::1","timestamp":"2026-06-19 03:34:25"}
{"level":"info","message":"HTTP Request: GET /stats - Status: 304 - Duration: 10ms - IP: ::1","timestamp":"2026-06-19 03:34:25"}
{"level":"info","message":"HTTP Request: GET /listings - Status: 304 - Duration: 11ms - IP: ::1","timestamp":"2026-06-19 03:34:25"}
{"level":"info","message":"HTTP Request: GET /users - Status: 304 - Duration: 10ms - IP: ::1","timestamp":"2026-06-19 03:34:25"}
{"level":"info","message":"HTTP Request: GET /stats - Status: 304 - Duration: 11ms - IP: ::1","timestamp":"2026-06-19 03:34:25"}
{"level":"info","message":"HTTP Request: GET /listings - Status: 304 - Duration: 15ms - IP: ::1","timestamp":"2026-06-19 03:34:25"}
{"level":"info","message":"HTTP Request: GET /users - Status: 304 - Duration: 17ms - IP: ::1","timestamp":"2026-06-19 03:34:25"}
{"level":"info","message":"HTTP Request: GET /stats - Status: 304 - Duration: 12ms - IP: ::1","timestamp":"2026-06-19 03:34:25"}
{"level":"info","message":"HTTP Request: GET /listings - Status: 304 - Duration: 12ms - IP: ::1","timestamp":"2026-06-19 03:34:25"}
{"level":"info","message":"HTTP Request: GET /users - Status: 304 - Duration: 10ms - IP: ::1","timestamp":"2026-06-19 03:34:25"}
{"level":"info","message":"HTTP Request: GET /stats - Status: 304 - Duration: 11ms - IP: ::1","timestamp":"2026-06-19 03:34:25"}
{"level":"info","message":"HTTP Request: GET /listings - Status: 304 - Duration: 16ms - IP: ::1","timestamp":"2026-06-19 03:34:25"}
{"level":"info","message":"HTTP Request: GET /stats - Status: 304 - Duration: 11ms - IP: ::1","timestamp":"2026-06-19 03:34:25"}
{"level":"info","message":"HTTP Request: GET /users - Status: 304 - Duration: 22ms - IP: ::1","timestamp":"2026-06-19 03:34:25"}
{"level":"info","message":"HTTP Request: GET /listings - Status: 304 - Duration: 13ms - IP: ::1","timestamp":"2026-06-19 03:34:25"}
{"level":"info","message":"HTTP Request: GET /users - Status: 304 - Duration: 15ms - IP: ::1","timestamp":"2026-06-19 03:34:25"}
{"level":"info","message":"HTTP Request: GET /stats - Status: 304 - Duration: 10ms - IP: ::1","timestamp":"2026-06-19 03:34:25"}
{"level":"info","message":"HTTP Request: GET /listings - Status: 304 - Duration: 15ms - IP: ::1","timestamp":"2026-06-19 03:34:25"}
{"level":"info","message":"HTTP Request: GET /users - Status: 304 - Duration: 18ms - IP: ::1","timestamp":"2026-06-19 03:34:25"}
{"level":"info","message":"HTTP Request: GET /stats - Status: 304 - Duration: 12ms - IP: ::1","timestamp":"2026-06-19 03:34:25"}
{"level":"info","message":"HTTP Request: GET /listings - Status: 304 - Duration: 17ms - IP: ::1","timestamp":"2026-06-19 03:34:25"}
{"level":"info","message":"HTTP Request: GET /users - Status: 304 - Duration: 17ms - IP: ::1","timestamp":"2026-06-19 03:34:25"}
{"level":"info","message":"HTTP Request: GET /stats - Status: 304 - Duration: 11ms - IP: ::1","timestamp":"2026-06-19 03:34:25"}
{"level":"info","message":"HTTP Request: GET /listings - Status: 304 - Duration: 11ms - IP: ::1","timestamp":"2026-06-19 03:34:25"}
{"level":"info","message":"HTTP Request: GET /users - Status: 304 - Duration: 13ms - IP: ::1","timestamp":"2026-06-19 03:34:25"}
{"level":"info","message":"HTTP Request: GET /stats - Status: 304 - Duration: 11ms - IP: ::1","timestamp":"2026-06-19 03:34:25"}
{"level":"info","message":"HTTP Request: GET /listings - Status: 304 - Duration: 12ms - IP: ::1","timestamp":"2026-06-19 03:34:25"}
{"level":"info","message":"HTTP Request: GET /users - Status: 304 - Duration: 15ms - IP: ::1","timestamp":"2026-06-19 03:34:25"}
{"level":"info","message":"HTTP Request: GET /stats - Status: 304 - Duration: 12ms - IP: ::1","timestamp":"2026-06-19 03:34:25"}
{"level":"info","message":"HTTP Request: GET /listings - Status: 304 - Duration: 11ms - IP: ::1","timestamp":"2026-06-19 03:34:25"}
{"level":"info","message":"HTTP Request: GET /users - Status: 304 - Duration: 14ms - IP: ::1","timestamp":"2026-06-19 03:34:25"}
{"level":"info","message":"HTTP Request: GET /stats - Status: 304 - Duration: 12ms - IP: ::1","timestamp":"2026-06-19 03:34:25"}
{"level":"info","message":"HTTP Request: GET /listings - Status: 304 - Duration: 12ms - IP: ::1","timestamp":"2026-06-19 03:34:25"}
{"level":"info","message":"HTTP Request: GET /users - Status: 304 - Duration: 13ms - IP: ::1","timestamp":"2026-06-19 03:34:25"}
{"level":"info","message":"HTTP Request: GET /stats - Status: 304 - Duration: 11ms - IP: ::1","timestamp":"2026-06-19 03:34:25"}
{"level":"info","message":"HTTP Request: GET /listings - Status: 304 - Duration: 12ms - IP: ::1","timestamp":"2026-06-19 03:34:25"}
{"level":"info","message":"HTTP Request: GET /users - Status: 304 - Duration: 10ms - IP: ::1","timestamp":"2026-06-19 03:34:25"}
{"level":"info","message":"HTTP Request: GET /stats - Status: 304 - Duration: 12ms - IP: ::1","timestamp":"2026-06-19 03:34:25"}
{"level":"info","message":"HTTP Request: GET /listings - Status: 304 - Duration: 20ms - IP: ::1","timestamp":"2026-06-19 03:34:25"}
{"level":"info","message":"HTTP Request: GET /users - Status: 304 - Duration: 16ms - IP: ::1","timestamp":"2026-06-19 03:34:25"}
{"level":"info","message":"HTTP Request: GET /stats - Status: 304 - Duration: 12ms - IP: ::1","timestamp":"2026-06-19 03:34:25"}
{"level":"info","message":"HTTP Request: GET /listings - Status: 304 - Duration: 15ms - IP: ::1","timestamp":"2026-06-19 03:34:25"}
{"level":"info","message":"HTTP Request: GET /users - Status: 304 - Duration: 12ms - IP: ::1","timestamp":"2026-06-19 03:34:25"}
{"level":"info","message":"HTTP Request: GET /stats - Status: 304 - Duration: 13ms - IP: ::1","timestamp":"2026-06-19 03:34:25"}
{"level":"info","message":"HTTP Request: GET /listings - Status: 304 - Duration: 11ms - IP: ::1","timestamp":"2026-06-19 03:34:25"}
{"level":"info","message":"HTTP Request: GET /users - Status: 304 - Duration: 11ms - IP: ::1","timestamp":"2026-06-19 03:34:25"}
{"level":"info","message":"HTTP Request: GET /stats - Status: 304 - Duration: 12ms - IP: ::1","timestamp":"2026-06-19 03:34:25"}
{"level":"info","message":"HTTP Request: GET /listings - Status: 304 - Duration: 15ms - IP: ::1","timestamp":"2026-06-19 03:34:25"}
{"level":"info","message":"HTTP Request: GET /users - Status: 304 - Duration: 17ms - IP: ::1","timestamp":"2026-06-19 03:34:25"}
{"level":"info","message":"HTTP Request: GET /stats - Status: 304 - Duration: 12ms - IP: ::1","timestamp":"2026-06-19 03:34:25"}
{"level":"info","message":"HTTP Request: GET /listings - Status: 304 - Duration: 11ms - IP: ::1","timestamp":"2026-06-19 03:34:25"}
{"level":"info","message":"HTTP Request: GET /users - Status: 304 - Duration: 10ms - IP: ::1","timestamp":"2026-06-19 03:34:25"}
{"level":"info","message":"HTTP Request: GET /stats - Status: 304 - Duration: 12ms - IP: ::1","timestamp":"2026-06-19 03:34:25"}
{"level":"info","message":"HTTP Request: GET /listings - Status: 304 - Duration: 16ms - IP: ::1","timestamp":"2026-06-19 03:34:25"}
{"level":"info","message":"HTTP Request: GET /users - Status: 304 - Duration: 16ms - IP: ::1","timestamp":"2026-06-19 03:34:25"}
{"level":"info","message":"HTTP Request: GET /stats - Status: 304 - Duration: 10ms - IP: ::1","timestamp":"2026-06-19 03:34:25"}
{"level":"info","message":"HTTP Request: GET /listings - Status: 304 - Duration: 13ms - IP: ::1","timestamp":"2026-06-19 03:34:25"}
{"level":"info","message":"HTTP Request: GET /users - Status: 304 - Duration: 11ms - IP: ::1","timestamp":"2026-06-19 03:34:25"}
{"level":"info","message":"HTTP Request: GET /stats - Status: 304 - Duration: 11ms - IP: ::1","timestamp":"2026-06-19 03:34:25"}
{"level":"info","message":"HTTP Request: GET /listings - Status: 304 - Duration: 14ms - IP: ::1","timestamp":"2026-06-19 03:34:25"}
{"level":"info","message":"HTTP Request: GET /users - Status: 304 - Duration: 10ms - IP: ::1","timestamp":"2026-06-19 03:34:25"}
{"level":"info","message":"HTTP Request: GET /stats - Status: 304 - Duration: 10ms - IP: ::1","timestamp":"2026-06-19 03:34:25"}
{"level":"info","message":"HTTP Request: GET /listings - Status: 304 - Duration: 20ms - IP: ::1","timestamp":"2026-06-19 03:34:25"}
{"level":"info","message":"HTTP Request: GET /users - Status: 304 - Duration: 18ms - IP: ::1","timestamp":"2026-06-19 03:34:25"}
{"level":"info","message":"HTTP Request: GET /stats - Status: 304 - Duration: 12ms - IP: ::1","timestamp":"2026-06-19 03:34:25"}
{"level":"info","message":"HTTP Request: GET /listings - Status: 304 - Duration: 11ms - IP: ::1","timestamp":"2026-06-19 03:34:25"}
{"level":"info","message":"HTTP Request: GET /users - Status: 304 - Duration: 11ms - IP: ::1","timestamp":"2026-06-19 03:34:25"}
{"level":"info","message":"HTTP Request: GET /stats - Status: 304 - Duration: 10ms - IP: ::1","timestamp":"2026-06-19 03:34:25"}
{"level":"info","message":"HTTP Request: GET /listings - Status: 304 - Duration: 14ms - IP: ::1","timestamp":"2026-06-19 03:34:25"}
{"level":"info","message":"HTTP Request: GET /users - Status: 304 - Duration: 14ms - IP: ::1","timestamp":"2026-06-19 03:34:25"}
{"level":"info","message":"HTTP Request: GET /stats - Status: 304 - Duration: 9ms - IP: ::1","timestamp":"2026-06-19 03:34:25"}
{"level":"info","message":"HTTP Request: GET /listings - Status: 304 - Duration: 13ms - IP: ::1","timestamp":"2026-06-19 03:34:25"}
{"level":"info","message":"HTTP Request: GET /users - Status: 304 - Duration: 13ms - IP: ::1","timestamp":"2026-06-19 03:34:25"}
{"level":"info","message":"HTTP Request: GET /stats - Status: 304 - Duration: 9ms - IP: ::1","timestamp":"2026-06-19 03:34:25"}
{"level":"info","message":"HTTP Request: GET /listings - Status: 304 - Duration: 19ms - IP: ::1","timestamp":"2026-06-19 03:34:26"}
{"level":"info","message":"HTTP Request: GET /users - Status: 304 - Duration: 19ms - IP: ::1","timestamp":"2026-06-19 03:34:26"}
{"level":"info","message":"HTTP Request: GET /stats - Status: 304 - Duration: 11ms - IP: ::1","timestamp":"2026-06-19 03:34:26"}
{"level":"info","message":"HTTP Request: GET /listings - Status: 304 - Duration: 11ms - IP: ::1","timestamp":"2026-06-19 03:34:26"}
{"level":"info","message":"HTTP Request: GET /users - Status: 304 - Duration: 9ms - IP: ::1","timestamp":"2026-06-19 03:34:26"}
{"level":"info","message":"HTTP Request: GET /stats - Status: 304 - Duration: 11ms - IP: ::1","timestamp":"2026-06-19 03:34:26"}
{"level":"info","message":"HTTP Request: GET /listings - Status: 304 - Duration: 16ms - IP: ::1","timestamp":"2026-06-19 03:34:26"}
{"level":"info","message":"HTTP Request: GET /users - Status: 304 - Duration: 10ms - IP: ::1","timestamp":"2026-06-19 03:34:26"}
{"level":"info","message":"HTTP Request: GET /stats - Status: 304 - Duration: 16ms - IP: ::1","timestamp":"2026-06-19 03:34:26"}
{"level":"info","message":"HTTP Request: GET /listings - Status: 304 - Duration: 20ms - IP: ::1","timestamp":"2026-06-19 03:34:26"}
{"level":"info","message":"HTTP Request: GET /users - Status: 304 - Duration: 22ms - IP: ::1","timestamp":"2026-06-19 03:34:26"}
{"level":"info","message":"HTTP Request: GET /stats - Status: 304 - Duration: 11ms - IP: ::1","timestamp":"2026-06-19 03:34:26"}
{"level":"info","message":"HTTP Request: GET /listings - Status: 304 - Duration: 14ms - IP: ::1","timestamp":"2026-06-19 03:34:26"}
{"level":"info","message":"HTTP Request: GET /users - Status: 304 - Duration: 12ms - IP: ::1","timestamp":"2026-06-19 03:34:26"}
{"level":"info","message":"HTTP Request: GET /stats - Status: 304 - Duration: 10ms - IP: ::1","timestamp":"2026-06-19 03:34:26"}
{"level":"info","message":"HTTP Request: GET /listings - Status: 304 - Duration: 12ms - IP: ::1","timestamp":"2026-06-19 03:34:26"}
{"level":"info","message":"HTTP Request: GET /users - Status: 304 - Duration: 13ms - IP: ::1","timestamp":"2026-06-19 03:34:26"}
{"level":"info","message":"HTTP Request: GET /stats - Status: 304 - Duration: 10ms - IP: ::1","timestamp":"2026-06-19 03:34:26"}
{"level":"info","message":"HTTP Request: GET /listings - Status: 304 - Duration: 15ms - IP: ::1","timestamp":"2026-06-19 03:34:26"}
{"level":"info","message":"HTTP Request: GET /users - Status: 304 - Duration: 18ms - IP: ::1","timestamp":"2026-06-19 03:34:26"}
{"level":"info","message":"HTTP Request: GET /stats - Status: 304 - Duration: 11ms - IP: ::1","timestamp":"2026-06-19 03:34:26"}
{"level":"info","message":"HTTP Request: GET /users - Status: 304 - Duration: 10ms - IP: ::1","timestamp":"2026-06-19 03:34:26"}
{"level":"info","message":"HTTP Request: GET /listings - Status: 304 - Duration: 15ms - IP: ::1","timestamp":"2026-06-19 03:34:26"}
{"level":"info","message":"HTTP Request: GET /stats - Status: 304 - Duration: 10ms - IP: ::1","timestamp":"2026-06-19 03:34:26"}
{"level":"info","message":"HTTP Request: GET /users - Status: 304 - Duration: 12ms - IP: ::1","timestamp":"2026-06-19 03:34:26"}
{"level":"info","message":"HTTP Request: GET /listings - Status: 304 - Duration: 13ms - IP: ::1","timestamp":"2026-06-19 03:34:26"}
{"level":"info","message":"HTTP Request: GET /stats - Status: 304 - Duration: 10ms - IP: ::1","timestamp":"2026-06-19 03:34:26"}
{"level":"info","message":"HTTP Request: GET /users - Status: 304 - Duration: 19ms - IP: ::1","timestamp":"2026-06-19 03:34:26"}
{"level":"info","message":"HTTP Request: GET /listings - Status: 304 - Duration: 16ms - IP: ::1","timestamp":"2026-06-19 03:34:26"}
{"level":"info","message":"HTTP Request: GET /stats - Status: 304 - Duration: 11ms - IP: ::1","timestamp":"2026-06-19 03:34:26"}
{"level":"info","message":"HTTP Request: GET /users - Status: 304 - Duration: 10ms - IP: ::1","timestamp":"2026-06-19 03:34:26"}
{"level":"info","message":"HTTP Request: GET /listings - Status: 304 - Duration: 9ms - IP: ::1","timestamp":"2026-06-19 03:34:26"}
{"level":"info","message":"HTTP Request: GET /stats - Status: 304 - Duration: 9ms - IP: ::1","timestamp":"2026-06-19 03:34:26"}
{"level":"info","message":"HTTP Request: GET /users - Status: 304 - Duration: 15ms - IP: ::1","timestamp":"2026-06-19 03:34:26"}
{"level":"info","message":"HTTP Request: GET /listings - Status: 304 - Duration: 14ms - IP: ::1","timestamp":"2026-06-19 03:34:26"}
{"level":"info","message":"HTTP Request: GET /stats - Status: 304 - Duration: 10ms - IP: ::1","timestamp":"2026-06-19 03:34:26"}
{"level":"info","message":"HTTP Request: GET /users - Status: 304 - Duration: 14ms - IP: ::1","timestamp":"2026-06-19 03:34:26"}
{"level":"info","message":"HTTP Request: GET /listings - Status: 304 - Duration: 14ms - IP: ::1","timestamp":"2026-06-19 03:34:26"}
{"level":"info","message":"HTTP Request: GET /stats - Status: 304 - Duration: 14ms - IP: ::1","timestamp":"2026-06-19 03:34:26"}
{"level":"info","message":"HTTP Request: GET /users - Status: 304 - Duration: 18ms - IP: ::1","timestamp":"2026-06-19 03:34:26"}
{"level":"info","message":"HTTP Request: GET /listings - Status: 304 - Duration: 15ms - IP: ::1","timestamp":"2026-06-19 03:34:26"}
{"level":"info","message":"HTTP Request: GET /stats - Status: 304 - Duration: 11ms - IP: ::1","timestamp":"2026-06-19 03:34:26"}
{"level":"info","message":"HTTP Request: GET /users - Status: 304 - Duration: 13ms - IP: ::1","timestamp":"2026-06-19 03:34:26"}
{"level":"info","message":"HTTP Request: GET /listings - Status: 304 - Duration: 10ms - IP: ::1","timestamp":"2026-06-19 03:34:26"}
{"level":"info","message":"HTTP Request: GET /stats - Status: 304 - Duration: 10ms - IP: ::1","timestamp":"2026-06-19 03:34:26"}
{"level":"info","message":"HTTP Request: GET /users - Status: 304 - Duration: 18ms - IP: ::1","timestamp":"2026-06-19 03:34:26"}
{"level":"info","message":"HTTP Request: GET /listings - Status: 304 - Duration: 15ms - IP: ::1","timestamp":"2026-06-19 03:34:26"}
{"level":"info","message":"HTTP Request: GET /stats - Status: 304 - Duration: 10ms - IP: ::1","timestamp":"2026-06-19 03:34:26"}
{"level":"info","message":"HTTP Request: GET /users - Status: 304 - Duration: 10ms - IP: ::1","timestamp":"2026-06-19 03:34:26"}
{"level":"info","message":"HTTP Request: GET /listings - Status: 304 - Duration: 10ms - IP: ::1","timestamp":"2026-06-19 03:34:26"}
{"level":"info","message":"HTTP Request: GET /stats - Status: 304 - Duration: 11ms - IP: ::1","timestamp":"2026-06-19 03:34:26"}
{"level":"info","message":"HTTP Request: GET /users - Status: 304 - Duration: 17ms - IP: ::1","timestamp":"2026-06-19 03:34:26"}
{"level":"info","message":"HTTP Request: GET /listings - Status: 304 - Duration: 17ms - IP: ::1","timestamp":"2026-06-19 03:34:26"}
{"level":"info","message":"HTTP Request: GET /stats - Status: 304 - Duration: 12ms - IP: ::1","timestamp":"2026-06-19 03:34:26"}
{"level":"info","message":"HTTP Request: GET /users - Status: 304 - Duration: 16ms - IP: ::1","timestamp":"2026-06-19 03:34:26"}
{"level":"info","message":"HTTP Request: GET /listings - Status: 304 - Duration: 16ms - IP: ::1","timestamp":"2026-06-19 03:34:26"}
{"level":"info","message":"HTTP Request: GET /stats - Status: 304 - Duration: 12ms - IP: ::1","timestamp":"2026-06-19 03:34:26"}
{"level":"info","message":"HTTP Request: GET /users - Status: 304 - Duration: 10ms - IP: ::1","timestamp":"2026-06-19 03:34:26"}
{"level":"info","message":"HTTP Request: GET /listings - Status: 304 - Duration: 9ms - IP: ::1","timestamp":"2026-06-19 03:34:26"}
{"level":"info","message":"HTTP Request: GET /stats - Status: 304 - Duration: 12ms - IP: ::1","timestamp":"2026-06-19 03:34:26"}
{"level":"info","message":"HTTP Request: GET /users - Status: 304 - Duration: 18ms - IP: ::1","timestamp":"2026-06-19 03:34:26"}
{"level":"info","message":"HTTP Request: GET /listings - Status: 304 - Duration: 19ms - IP: ::1","timestamp":"2026-06-19 03:34:26"}
{"level":"info","message":"HTTP Request: GET /stats - Status: 304 - Duration: 11ms - IP: ::1","timestamp":"2026-06-19 03:34:26"}
{"level":"info","message":"HTTP Request: GET /users - Status: 304 - Duration: 10ms - IP: ::1","timestamp":"2026-06-19 03:34:26"}
{"level":"info","message":"HTTP Request: GET /listings - Status: 304 - Duration: 9ms - IP: ::1","timestamp":"2026-06-19 03:34:26"}
{"level":"info","message":"HTTP Request: GET /stats - Status: 304 - Duration: 11ms - IP: ::1","timestamp":"2026-06-19 03:34:26"}
{"level":"info","message":"HTTP Request: GET /users - Status: 304 - Duration: 17ms - IP: ::1","timestamp":"2026-06-19 03:34:26"}
{"level":"info","message":"HTTP Request: GET /listings - Status: 304 - Duration: 16ms - IP: ::1","timestamp":"2026-06-19 03:34:26"}
{"level":"info","message":"HTTP Request: GET /stats - Status: 304 - Duration: 10ms - IP: ::1","timestamp":"2026-06-19 03:34:26"}
{"level":"info","message":"HTTP Request: GET /users - Status: 304 - Duration: 18ms - IP: ::1","timestamp":"2026-06-19 03:34:26"}
{"level":"info","message":"HTTP Request: GET /listings - Status: 304 - Duration: 19ms - IP: ::1","timestamp":"2026-06-19 03:34:26"}
{"level":"info","message":"HTTP Request: GET /stats - Status: 304 - Duration: 13ms - IP: ::1","timestamp":"2026-06-19 03:34:26"}
{"level":"info","message":"HTTP Request: GET /users - Status: 304 - Duration: 16ms - IP: ::1","timestamp":"2026-06-19 03:34:26"}
{"level":"info","message":"HTTP Request: GET /listings - Status: 304 - Duration: 17ms - IP: ::1","timestamp":"2026-06-19 03:34:26"}
{"level":"info","message":"HTTP Request: GET /stats - Status: 304 - Duration: 14ms - IP: ::1","timestamp":"2026-06-19 03:34:26"}
{"level":"info","message":"HTTP Request: GET /users - Status: 304 - Duration: 18ms - IP: ::1","timestamp":"2026-06-19 03:34:26"}
{"level":"info","message":"HTTP Request: GET /listings - Status: 304 - Duration: 18ms - IP: ::1","timestamp":"2026-06-19 03:34:26"}
{"level":"info","message":"HTTP Request: GET /stats - Status: 304 - Duration: 12ms - IP: ::1","timestamp":"2026-06-19 03:34:26"}
{"level":"info","message":"HTTP Request: GET /listings - Status: 304 - Duration: 16ms - IP: ::1","timestamp":"2026-06-19 03:34:26"}
{"level":"info","message":"HTTP Request: GET /users - Status: 304 - Duration: 22ms - IP: ::1","timestamp":"2026-06-19 03:34:26"}
{"level":"info","message":"HTTP Request: GET /stats - Status: 304 - Duration: 11ms - IP: ::1","timestamp":"2026-06-19 03:34:26"}
{"level":"info","message":"HTTP Request: GET /listings - Status: 304 - Duration: 11ms - IP: ::1","timestamp":"2026-06-19 03:34:26"}
{"level":"info","message":"HTTP Request: GET /users - Status: 304 - Duration: 13ms - IP: ::1","timestamp":"2026-06-19 03:34:26"}
{"level":"info","message":"HTTP Request: GET /stats - Status: 304 - Duration: 11ms - IP: ::1","timestamp":"2026-06-19 03:34:26"}
{"level":"info","message":"HTTP Request: GET /listings - Status: 304 - Duration: 15ms - IP: ::1","timestamp":"2026-06-19 03:34:26"}
{"level":"info","message":"HTTP Request: GET /stats - Status: 304 - Duration: 11ms - IP: ::1","timestamp":"2026-06-19 03:34:26"}
{"level":"info","message":"HTTP Request: GET /users - Status: 304 - Duration: 17ms - IP: ::1","timestamp":"2026-06-19 03:34:26"}
{"level":"info","message":"HTTP Request: GET /listings - Status: 304 - Duration: 12ms - IP: ::1","timestamp":"2026-06-19 03:34:26"}
{"level":"info","message":"HTTP Request: GET /users - Status: 304 - Duration: 11ms - IP: ::1","timestamp":"2026-06-19 03:34:26"}
{"level":"info","message":"HTTP Request: GET /stats - Status: 304 - Duration: 9ms - IP: ::1","timestamp":"2026-06-19 03:34:26"}
{"level":"info","message":"HTTP Request: GET /listings - Status: 304 - Duration: 13ms - IP: ::1","timestamp":"2026-06-19 03:34:26"}
{"level":"info","message":"HTTP Request: GET /users - Status: 304 - Duration: 17ms - IP: ::1","timestamp":"2026-06-19 03:34:26"}
{"level":"info","message":"HTTP Request: GET /stats - Status: 304 - Duration: 15ms - IP: ::1","timestamp":"2026-06-19 03:34:26"}
{"level":"info","message":"HTTP Request: GET /listings - Status: 304 - Duration: 14ms - IP: ::1","timestamp":"2026-06-19 03:34:26"}
{"level":"info","message":"HTTP Request: GET /users - Status: 304 - Duration: 11ms - IP: ::1","timestamp":"2026-06-19 03:34:26"}
{"level":"info","message":"HTTP Request: GET /stats - Status: 304 - Duration: 10ms - IP: ::1","timestamp":"2026-06-19 03:34:26"}
{"level":"info","message":"HTTP Request: GET /users - Status: 304 - Duration: 15ms - IP: ::1","timestamp":"2026-06-19 03:34:26"}
{"level":"info","message":"HTTP Request: GET /listings - Status: 304 - Duration: 15ms - IP: ::1","timestamp":"2026-06-19 03:34:26"}
{"level":"info","message":"HTTP Request: GET /stats - Status: 304 - Duration: 11ms - IP: ::1","timestamp":"2026-06-19 03:34:27"}
{"level":"info","message":"HTTP Request: GET /users - Status: 304 - Duration: 17ms - IP: ::1","timestamp":"2026-06-19 03:34:27"}
{"level":"info","message":"HTTP Request: GET /listings - Status: 304 - Duration: 14ms - IP: ::1","timestamp":"2026-06-19 03:34:27"}
{"level":"info","message":"HTTP Request: GET /stats - Status: 304 - Duration: 9ms - IP: ::1","timestamp":"2026-06-19 03:34:27"}
{"level":"info","message":"HTTP Request: GET /users - Status: 304 - Duration: 11ms - IP: ::1","timestamp":"2026-06-19 03:34:27"}
{"level":"info","message":"HTTP Request: GET /listings - Status: 304 - Duration: 11ms - IP: ::1","timestamp":"2026-06-19 03:34:27"}
{"level":"info","message":"HTTP Request: GET /stats - Status: 304 - Duration: 11ms - IP: ::1","timestamp":"2026-06-19 03:34:27"}
{"level":"info","message":"HTTP Request: GET /users - Status: 304 - Duration: 19ms - IP: ::1","timestamp":"2026-06-19 03:34:27"}
{"level":"info","message":"HTTP Request: GET /listings - Status: 304 - Duration: 19ms - IP: ::1","timestamp":"2026-06-19 03:34:27"}
{"level":"info","message":"HTTP Request: GET /stats - Status: 304 - Duration: 12ms - IP: ::1","timestamp":"2026-06-19 03:34:27"}
{"level":"info","message":"HTTP Request: GET /users - Status: 304 - Duration: 14ms - IP: ::1","timestamp":"2026-06-19 03:34:27"}
{"level":"info","message":"HTTP Request: GET /listings - Status: 304 - Duration: 16ms - IP: ::1","timestamp":"2026-06-19 03:34:27"}
{"level":"info","message":"HTTP Request: GET /stats - Status: 304 - Duration: 11ms - IP: ::1","timestamp":"2026-06-19 03:34:27"}
{"level":"info","message":"HTTP Request: GET /users - Status: 304 - Duration: 11ms - IP: ::1","timestamp":"2026-06-19 03:34:27"}
{"level":"info","message":"HTTP Request: GET /listings - Status: 304 - Duration: 10ms - IP: ::1","timestamp":"2026-06-19 03:34:27"}
{"level":"info","message":"HTTP Request: GET /stats - Status: 304 - Duration: 10ms - IP: ::1","timestamp":"2026-06-19 03:34:27"}
{"level":"info","message":"HTTP Request: GET /users - Status: 304 - Duration: 14ms - IP: ::1","timestamp":"2026-06-19 03:34:27"}
{"level":"info","message":"HTTP Request: GET /listings - Status: 304 - Duration: 16ms - IP: ::1","timestamp":"2026-06-19 03:34:27"}
{"level":"info","message":"HTTP Request: GET /stats - Status: 304 - Duration: 11ms - IP: ::1","timestamp":"2026-06-19 03:34:27"}
{"level":"info","message":"HTTP Request: GET /users - Status: 304 - Duration: 10ms - IP: ::1","timestamp":"2026-06-19 03:34:27"}
{"level":"info","message":"HTTP Request: GET /listings - Status: 304 - Duration: 10ms - IP: ::1","timestamp":"2026-06-19 03:34:27"}
{"level":"info","message":"HTTP Request: GET /stats - Status: 304 - Duration: 10ms - IP: ::1","timestamp":"2026-06-19 03:34:27"}
{"level":"info","message":"HTTP Request: GET /users - Status: 304 - Duration: 17ms - IP: ::1","timestamp":"2026-06-19 03:34:27"}
{"level":"info","message":"HTTP Request: GET /listings - Status: 304 - Duration: 18ms - IP: ::1","timestamp":"2026-06-19 03:34:27"}
{"level":"info","message":"HTTP Request: GET /stats - Status: 304 - Duration: 11ms - IP: ::1","timestamp":"2026-06-19 03:34:27"}
{"level":"info","message":"HTTP Request: GET /users - Status: 304 - Duration: 12ms - IP: ::1","timestamp":"2026-06-19 03:34:27"}
{"level":"info","message":"HTTP Request: GET /listings - Status: 304 - Duration: 12ms - IP: ::1","timestamp":"2026-06-19 03:34:27"}
{"level":"info","message":"HTTP Request: GET /stats - Status: 304 - Duration: 10ms - IP: ::1","timestamp":"2026-06-19 03:34:27"}
{"level":"info","message":"HTTP Request: GET /users - Status: 304 - Duration: 13ms - IP: ::1","timestamp":"2026-06-19 03:34:27"}
{"level":"info","message":"HTTP Request: GET /listings - Status: 304 - Duration: 13ms - IP: ::1","timestamp":"2026-06-19 03:34:27"}
{"level":"info","message":"HTTP Request: GET /stats - Status: 304 - Duration: 12ms - IP: ::1","timestamp":"2026-06-19 03:34:27"}
{"level":"info","message":"HTTP Request: GET /users - Status: 304 - Duration: 16ms - IP: ::1","timestamp":"2026-06-19 03:34:27"}
{"level":"info","message":"HTTP Request: GET /listings - Status: 304 - Duration: 11ms - IP: ::1","timestamp":"2026-06-19 03:34:27"}
{"level":"info","message":"HTTP Request: GET /stats - Status: 304 - Duration: 11ms - IP: ::1","timestamp":"2026-06-19 03:34:27"}
{"level":"info","message":"HTTP Request: GET /users - Status: 304 - Duration: 18ms - IP: ::1","timestamp":"2026-06-19 03:34:27"}
{"level":"info","message":"HTTP Request: GET /listings - Status: 304 - Duration: 15ms - IP: ::1","timestamp":"2026-06-19 03:34:27"}
{"level":"info","message":"HTTP Request: GET /stats - Status: 304 - Duration: 10ms - IP: ::1","timestamp":"2026-06-19 03:34:27"}
{"level":"info","message":"HTTP Request: GET /users - Status: 304 - Duration: 9ms - IP: ::1","timestamp":"2026-06-19 03:34:27"}
{"level":"info","message":"HTTP Request: GET /listings - Status: 304 - Duration: 9ms - IP: ::1","timestamp":"2026-06-19 03:34:27"}
{"level":"info","message":"HTTP Request: GET /stats - Status: 304 - Duration: 13ms - IP: ::1","timestamp":"2026-06-19 03:34:27"}
{"level":"info","message":"HTTP Request: GET /users - Status: 304 - Duration: 23ms - IP: ::1","timestamp":"2026-06-19 03:34:27"}
{"level":"info","message":"HTTP Request: GET /listings - Status: 304 - Duration: 20ms - IP: ::1","timestamp":"2026-06-19 03:34:27"}
{"level":"info","message":"HTTP Request: GET /stats - Status: 304 - Duration: 12ms - IP: ::1","timestamp":"2026-06-19 03:34:27"}
{"level":"info","message":"HTTP Request: GET /users - Status: 304 - Duration: 12ms - IP: ::1","timestamp":"2026-06-19 03:34:27"}
{"level":"info","message":"HTTP Request: GET /listings - Status: 304 - Duration: 12ms - IP: ::1","timestamp":"2026-06-19 03:34:27"}
{"level":"info","message":"HTTP Request: GET /stats - Status: 304 - Duration: 11ms - IP: ::1","timestamp":"2026-06-19 03:34:27"}
{"level":"info","message":"HTTP Request: GET /users - Status: 304 - Duration: 18ms - IP: ::1","timestamp":"2026-06-19 03:34:27"}
{"level":"info","message":"HTTP Request: GET /listings - Status: 304 - Duration: 15ms - IP: ::1","timestamp":"2026-06-19 03:34:27"}
{"level":"info","message":"HTTP Request: GET /stats - Status: 304 - Duration: 12ms - IP: ::1","timestamp":"2026-06-19 03:34:27"}
{"level":"info","message":"HTTP Request: GET /users - Status: 304 - Duration: 11ms - IP: ::1","timestamp":"2026-06-19 03:34:27"}
{"level":"info","message":"HTTP Request: GET /listings - Status: 304 - Duration: 11ms - IP: ::1","timestamp":"2026-06-19 03:34:27"}
{"level":"info","message":"HTTP Request: GET /stats - Status: 304 - Duration: 14ms - IP: ::1","timestamp":"2026-06-19 03:34:27"}
{"level":"info","message":"HTTP Request: GET /listings - Status: 304 - Duration: 16ms - IP: ::1","timestamp":"2026-06-19 03:34:27"}
{"level":"info","message":"HTTP Request: GET /users - Status: 304 - Duration: 22ms - IP: ::1","timestamp":"2026-06-19 03:34:27"}
{"level":"info","message":"HTTP Request: GET /stats - Status: 304 - Duration: 12ms - IP: ::1","timestamp":"2026-06-19 03:34:27"}
{"level":"info","message":"HTTP Request: GET /listings - Status: 304 - Duration: 13ms - IP: ::1","timestamp":"2026-06-19 03:34:27"}
{"level":"info","message":"HTTP Request: GET /users - Status: 304 - Duration: 12ms - IP: ::1","timestamp":"2026-06-19 03:34:27"}
{"level":"info","message":"HTTP Request: GET /stats - Status: 304 - Duration: 9ms - IP: ::1","timestamp":"2026-06-19 03:34:27"}
{"level":"info","message":"HTTP Request: GET /stats - Status: 304 - Duration: 10ms - IP: ::1","timestamp":"2026-06-19 03:34:27"}
{"level":"info","message":"HTTP Request: GET /listings - Status: 304 - Duration: 25ms - IP: ::1","timestamp":"2026-06-19 03:34:27"}
{"level":"info","message":"HTTP Request: GET /users - Status: 304 - Duration: 20ms - IP: ::1","timestamp":"2026-06-19 03:34:27"}
{"level":"info","message":"HTTP Request: GET /listings - Status: 304 - Duration: 9ms - IP: ::1","timestamp":"2026-06-19 03:34:27"}
{"level":"info","message":"HTTP Request: GET /users - Status: 304 - Duration: 9ms - IP: ::1","timestamp":"2026-06-19 03:34:27"}
{"level":"info","message":"HTTP Request: GET /stats - Status: 304 - Duration: 12ms - IP: ::1","timestamp":"2026-06-19 03:34:27"}
{"level":"info","message":"HTTP Request: GET /listings - Status: 304 - Duration: 17ms - IP: ::1","timestamp":"2026-06-19 03:34:27"}
{"level":"info","message":"HTTP Request: GET /users - Status: 304 - Duration: 18ms - IP: ::1","timestamp":"2026-06-19 03:34:27"}
{"level":"info","message":"HTTP Request: GET /stats - Status: 304 - Duration: 10ms - IP: ::1","timestamp":"2026-06-19 03:34:27"}
{"level":"info","message":"HTTP Request: GET /listings - Status: 304 - Duration: 10ms - IP: ::1","timestamp":"2026-06-19 03:34:27"}
{"level":"info","message":"HTTP Request: GET /users - Status: 304 - Duration: 15ms - IP: ::1","timestamp":"2026-06-19 03:34:27"}
{"level":"info","message":"HTTP Request: GET /stats - Status: 304 - Duration: 20ms - IP: ::1","timestamp":"2026-06-19 03:34:27"}
{"level":"info","message":"HTTP Request: GET /stats - Status: 304 - Duration: 18ms - IP: ::1","timestamp":"2026-06-19 03:34:27"}
{"level":"info","message":"HTTP Request: GET /listings - Status: 304 - Duration: 54ms - IP: ::1","timestamp":"2026-06-19 03:34:27"}
{"level":"info","message":"HTTP Request: GET /users - Status: 304 - Duration: 42ms - IP: ::1","timestamp":"2026-06-19 03:34:27"}
{"level":"info","message":"HTTP Request: GET /stats - Status: 304 - Duration: 17ms - IP: ::1","timestamp":"2026-06-19 03:34:27"}
{"level":"info","message":"HTTP Request: GET /listings - Status: 304 - Duration: 40ms - IP: ::1","timestamp":"2026-06-19 03:34:27"}
{"level":"info","message":"HTTP Request: GET /users - Status: 304 - Duration: 41ms - IP: ::1","timestamp":"2026-06-19 03:34:27"}
{"level":"info","message":"HTTP Request: GET /listings - Status: 304 - Duration: 17ms - IP: ::1","timestamp":"2026-06-19 03:34:27"}
{"level":"info","message":"HTTP Request: GET /stats - Status: 304 - Duration: 14ms - IP: ::1","timestamp":"2026-06-19 03:34:27"}
{"level":"info","message":"HTTP Request: GET /users - Status: 304 - Duration: 25ms - IP: ::1","timestamp":"2026-06-19 03:34:27"}
{"level":"info","message":"HTTP Request: GET /listings - Status: 304 - Duration: 18ms - IP: ::1","timestamp":"2026-06-19 03:34:27"}
{"level":"info","message":"HTTP Request: GET /stats - Status: 304 - Duration: 15ms - IP: ::1","timestamp":"2026-06-19 03:34:27"}
{"level":"info","message":"HTTP Request: GET /users - Status: 304 - Duration: 30ms - IP: ::1","timestamp":"2026-06-19 03:34:27"}
{"level":"info","message":"HTTP Request: GET /listings - Status: 304 - Duration: 17ms - IP: ::1","timestamp":"2026-06-19 03:34:27"}
{"level":"info","message":"HTTP Request: GET /users - Status: 304 - Duration: 12ms - IP: ::1","timestamp":"2026-06-19 03:34:27"}
{"level":"info","message":"HTTP Request: GET /stats - Status: 304 - Duration: 11ms - IP: ::1","timestamp":"2026-06-19 03:34:27"}
{"level":"info","message":"HTTP Request: GET /users - Status: 304 - Duration: 15ms - IP: ::1","timestamp":"2026-06-19 03:34:27"}
{"level":"info","message":"HTTP Request: GET /listings - Status: 304 - Duration: 13ms - IP: ::1","timestamp":"2026-06-19 03:34:27"}
{"level":"info","message":"HTTP Request: GET /stats - Status: 304 - Duration: 10ms - IP: ::1","timestamp":"2026-06-19 03:34:27"}
{"level":"info","message":"HTTP Request: GET /users - Status: 304 - Duration: 19ms - IP: ::1","timestamp":"2026-06-19 03:34:27"}
{"level":"info","message":"HTTP Request: GET /listings - Status: 304 - Duration: 15ms - IP: ::1","timestamp":"2026-06-19 03:34:27"}
{"level":"info","message":"HTTP Request: GET /stats - Status: 304 - Duration: 11ms - IP: ::1","timestamp":"2026-06-19 03:34:27"}
{"level":"warn","message":"Received SIGINT. Starting Graceful Shutdown...","timestamp":"2026-06-19 03:34:44"}
{"level":"info","message":"HTTP Server stopped accepting new connections.","timestamp":"2026-06-19 03:34:44"}
{"level":"info","message":"✅ MongoDB connected successfully via Mongoose","timestamp":"2026-06-19 09:31:02"}
{"level":"info","message":"✅ Redis connected","timestamp":"2026-06-19 09:31:02"}
{"level":"info","message":"Socket.IO Redis Adapter configured successfully","timestamp":"2026-06-19 09:31:02"}
